Name,CAS No.,SMILES,Formula,molecular weight,boiling point (K),data_source
2-(2-methoxyethoxy)-2-methylpropane,'66728-50-5,COCCOC(C)(C)C,C7H16O2,132.20074,404.098,NIST
5-methylquinoline,'7661-55-4,Cc1cccc2ncccc12,C10H9N,143.18516,531.475,NIST
"(1E)-1,3-dichloroprop-1-ene",'10061-02-6,Cl/C=C/CCl,C3H4Cl2,110.96986,385.522,NIST
"N-ethyl-N,2-dimethylpropan-1-amine",'60247-14-5,CCN(C)CC(C)C,C7H17N,115.21658,379.156,NIST
"1,1'-(pentane-1,5-diylbis(oxy))bis(4-bromobenzene)",'117499-24-8,Brc1ccc(OCCCCCOc2ccc(Br)cc2)cc1,C17H18Br2O2,414.13162,692.423,NIST
3-hydroxy-4-methyl-3-phenylpentanoic acid,'13278-27-8,CC(C)C(O)(CC(=O)O)c1ccccc1,C12H16O3,208.25364,597.579,NIST
"1,5,5-trimethyl-4-(propan-2-yl)cyclopent-1-ene",'859184-68-2,CC1=CCC(C(C)C)C1(C)C,C11H20,152.2765,442.141,NIST
"2-methylpenta-2,3-diene",'3043-33-2,CC=C=C(C)C,C6H10,82.1436,344.124,NIST
"1,3-benzothiazole-2-thiol",'149-30-4,Sc1nc2ccccc2s1,C7H5NS2,167.2513,585.804,NIST
1-bromo-3-methylbut-2-ene,'870-63-3,CC(C)=CCBr,C5H9Br,149.02896,393.961,NIST
(icosan-9-yl)cyclohexane,'4443-61-2,CCCCCCCCCCCC(CCCCCCCC)C1CCCCC1,C26H52,364.69108,679.897,NIST
"2,4,6-trimethyl-1,3,5-trioxane",'123-63-7,CC1OC(C)OC(C)O1,C6H12O3,132.15768,,DIPPR
"4,8-ethenothieno(2,3-f)(2)benzofuran",'214-37-9,c1cc2c3ccc(c4cocc34)c2s1,C12H6OS,198.24044,621.683,NIST
"1,1,4-trimethyl-7-(propan-2-yl)-2,3-dihydro-1H-indene",'947-48-8,Cc1ccc(C(C)C)c2c1CCC2(C)C,C15H22,202.33518,558.469,NIST
"2-(4-methoxyphenyl)-1,3-oxazinane",'109086-77-3,COc1ccc(C2NCCCO2)cc1,C11H15NO2,193.2423,553.84,NIST
4-propylphenol,'645-56-7,CCCc1ccc(O)cc1,C9H12O,136.19098,506.421,NIST
(tetradecan-3-yl)benzene,'4534-58-1,CCCCCCCCCCCC(CC)c1ccccc1,C20H34,274.48396,610.518,NIST
bromo(trifluoro)methane,'75-63-8,FC(F)(F)Br,CBrF3,148.9099096,,DIPPR
7-methyl-4-oxooctanoic acid,'75253-72-4,CC(C)CCC(=O)CCC(=O)O,C9H16O3,172.22154,557.668,NIST
"(2,4-dimethyl-2-propylpentyl)benzene",'101427-49-0,CCCC(C)(Cc1ccccc1)CC(C)C,C16H26,218.37764,550.378,NIST
2-decyloxirane,'2855-19-8,CCCCCCCCCCC1CO1,C12H24O,184.31836,515.091,NIST
"2,3,6-trimethylheptane",'4032-93-3,CC(C)CCC(C)C(C)C,C10H22,142.28168,428.886,NIST
"4-ethyl-1,2-dimethylnaphthalene",'66577-38-6,CCc1cc(C)c(C)c2ccccc12,C14H16,184.27684,589.287,NIST
N-methyl-N-(3-(methylamino)propyl)formamide,'959015-95-3,CNCCCN(C)C=O,C6H14N2O,130.18816,514.683,NIST
"3a,4,7,7a-tetrahydro-1H-4,7-methanoisoindole-1,3(2H)-dione",'6265-30-1,O=C1N=C(O)[C@H]2[C@@H]1[C@@H]1C=C[C@H]2C1,C9H9NO2,163.17326,608.816,NIST
6-methyl-2-pentyldodecanoic acid,'94307-16-1,CCCCCCC(C)CCCC(CCCCC)C(=O)O,C18H36O2,284.47724,618.619,NIST
6-methylundecan-6-ol,'5340-31-8,CCCCCC(C)(O)CCCCC,C12H26O,186.33424,505.15,NIST
5-(2-methylpropyl)nonan-5-ol,'500542-71-2,CCCCC(O)(CCCC)CC(C)C,C13H28O,200.36082,532.814,NIST
heptan-3-yl acetate,'5921-83-5,CCCCC(CC)OC(C)=O,C9H18O2,158.23802,447.216,NIST
"2,6,6-trimethylbicyclo(3.1.1)hept-2-ene",'80-56-8,CC1=CCC2CC1C2(C)C,C10H16,136.23404,,DIPPR
3-iodo-2-propynenitrile,'2003-32-9,N#CC#CI,C3IN,176.94327,438.02,NIST
cyclohexylacetic acid,'5292-21-7,O=C(O)CC1CCCCC1,C8H14O2,142.19556,525.913,NIST
"1,1'-(2-nitropropane-1,1-diyl)bis(4-chlorobenzene)",'117-27-1,CC(C(c1ccc(Cl)cc1)c1ccc(Cl)cc1)[N+](=O)[O-],C15H13Cl2NO2,310.17522,664.663,NIST
but-2-ynamide,'7223-30-5,CC#CC(=N)O,C4H5NO,83.0886,525.001,NIST
"1,1,1,5-tetrachloropentane",2467-10-0900:00:00,ClCCCCC(Cl)(Cl)Cl,C5H8Cl4,209.92902,478.457,NIST
4-methoxy-1-butanol,'111-32-0,COCCCCO,C5H12O2,104.14758,442.488,NIST
"cis,cis-4,6-dimethyl-2-(1,1-dimethylethyl)-1,3-dithiane",'22425-92-9,C[C@@H]1C[C@H](C)S[C@H](C(C)(C)C)S1,C10H20S2,204.3958,504.025,NIST
"2,2-bis((propan-2-yl)sulfanyl)butane",'6496-95-3,CCC(C)(SC(C)C)SC(C)C,C10H22S2,206.41168,528.737,NIST
"1,1,1,2,2,3,3,4,4,5,5-undecafluoropentane",'375-61-1,FC(F)C(F)(F)C(F)(F)C(F)(F)C(F)(F)F,C5HF11,270.0438752,319.334,NIST
"4-ethyl-2,2-dimethylhexane",'52896-99-8,CCC(CC)CC(C)(C)C,C10H22,142.28168,420.133,NIST
cis-1-ethyl-3-methylcyclobutane,'57703-42-1,CC[C@H]1C[C@@H](C)C1,C7H14,98.18606,364.173,NIST
"N^1-(2-(((5-((dimethylamino)methyl)-2-furyl)methyl)sulfanyl)ethyl)-N^1-methyl-2-nitro-1,1-ethenediamine",'66357-35-5,CNC(=C[N+](=O)[O-])NCCSCc1ccc(CN(C)C)o1,C13H22N4O3S,314.40378,670.886,NIST
6-methylcyclohex-3-ene-1-carbaldehyde,'89-94-1,CC1CC=CCC1C=O,C8H12O,124.18028,443.572,NIST
"5-(2,2-dimethylpropyl)nonan-5-ol",'5340-38-5,CCCCC(O)(CCCC)CC(C)(C)C,C14H30O,214.3874,515.976,NIST
3-ethyl-2-methylpentan-2-ol,'19780-63-3,CCC(CC)C(C)(C)O,C8H18O,130.22792,438.227,NIST
1-methyl-6-methylidenecyclohex-1-ene,'23611-14-5,C=C1CCCC=C1C,C8H12,108.18088,408.631,NIST
4-methylthiane,'5161-17-1,CC1CCSCC1,C6H12S,116.22448,431.763,NIST
"1-ethynyl-2,4-dimethylbenzene",'16017-30-4,C#Cc1ccc(C)cc1C,C10H10,130.1864,496.181,NIST
tricyclohexylmethanol,'17687-74-0,OC(C1CCCCC1)(C1CCCCC1)C1CCCCC1,C19H34O,278.47266,634.224,NIST
"3,4,6-trichloro-2-nitrophenol",'82-62-2,O=[N+]([O-])c1c(O)c(Cl)cc(Cl)c1Cl,C6H2Cl3NO3,242.44398,593.475,NIST
"3,4,8-trimethylnonan-3-ol",'18352-67-5,CCC(C)(O)C(C)CCCC(C)C,C12H26O,186.33424,498.552,NIST
2-methyl-2-((propan-2-yl)oxy)propane,'17348-59-3,CC(C)OC(C)(C)C,C7H16O,116.20134,360.368,NIST
dibutyl (2Z)-but-2-enedioate,'105-76-0,CCCCOC(=O)/C=C\C(=O)OCCCC,C12H20O4,228.2848,,DIPPR
1-methyl-1-nitrocyclohexane,'59368-15-9,CC1([N+](=O)[O-])CCCCC1,C7H13NO2,143.18362,504.161,NIST
"1,3-dimethyldihydropyrimidine-2,4(1H,3H)-dione",'4874-13-9,CN1CCC(=O)N(C)C1=O,C6H10N2O2,142.1558,548.062,NIST
chloro(trifluoro)methane,'75-72-9,FC(F)(F)Cl,CClF3,104.4589096,,DIPPR
1-fluorohexane,'373-14-8,CCCCCCF,C6H13F,104.1658232,360.917,NIST
1-((5-(nonyloxy)pentyl)oxy)nonane,'102542-77-8,CCCCCCCCCOCCCCCOCCCCCCCCC,C23H48O2,356.62602,692.707,NIST
(9S)-9-methyl-1-undecanol,'621359-57-7,CC[C@H](C)CCCCCCCCO,C12H26O,186.33424,527.49,NIST
"2,6-dichloro-1,3-benzothiazole",'3622-23-9,Clc1ccc2nc(Cl)sc2c1,C7H3Cl2NS,204.07642,548.442,NIST
"(2R,3R)-2,3-dibromopentane",'22415-73-2,CC[C@@H](Br)[C@@H](C)Br,C5H10Br2,229.9409,446.771,NIST
"(2R,3S)-1,4-dibromo-2,3-dimethylbutane",'59635-00-6,C[C@H](CBr)[C@@H](C)CBr,C6H12Br2,243.96748,479.26,NIST
"4-tert-butyl-1,2-dimethylbenzene",'7397-06-0,Cc1ccc(C(C)(C)C)cc1C,C12H18,162.27132,488.259,NIST
dispiro(2.0.2.2)octane,'21426-37-9,C1CC12CCC21CC1,C8H12,108.18088,392.735,NIST
"(3Z,5Z)-hepta-1,3,5-triene",'30915-44-7,C=C/C=C\C=C/C,C7H10,94.1543,373.022,NIST
pentyl 4-aminobenzoate,'13110-37-7,CCCCCOC(=O)c1ccc(N)cc1,C12H17NO2,207.26888,595.528,NIST
"1,4-dibutylnaphthalene",'3031-23-0,CCCCc1ccc(CCCC)c2ccccc12,C18H24,240.38316,602.552,NIST
"octadecyl 3,3-dimethylhexanoate",,CCCCCCCCCCCCCCCCCCOC(=O)CC(C)(C)CCC,C26H52O2,396.68988,699.885,NIST
"4,7-phenanthroline",'230-07-9,c1cnc2ccc3ncccc3c2c1,C12H8N2,180.20532,620.23,NIST
ethyl 3-decyltridec-2-enoate,'854635-59-9,CCCCCCCCCCC(=CC(=O)OCC)CCCCCCCCCC,C25H48O2,380.64742,698.854,NIST
"1,1,1,2,3-pentafluoropropane",'431-31-2,FCC(F)C(F)(F)F,C3H3F5,134.047936,293.133,NIST
"3,4-dimethyl-1,2,5-oxadiazole, 2-oxide",'2518-42-5,Cc1no[n+]([O-])c1C,C4H6N2O2,114.10264,502.267,NIST
tert-octyl mercaptan,'141-59-3,CC(C)(C)CC(C)(C)S,C8H18S,146.29352,,DIPPR
"dodecahydro-1H,6H,11H-tripyrido(1,2-a:1',2'-c:1'',2''-e)(1,3,5)triazine",'522-33-8,C1CCN2C(C1)N1CCCCC1N1CCCCC21,C15H27N3,249.39498,594.967,NIST
1-ethylpiperazine,'5308-25-8,CCN1CCNCC1,C6H14N2,114.18876,429.738,NIST
"5-ethyl-2-(2-nitrophenyl)-1,3-dioxane",,CC[C@H]1CO[C@@H](c2ccccc2[N+](=O)[O-])OC1,C12H15NO4,237.2518,609.3,NIST
(hex-5-yn-1-yl)propanedioic acid,'10434-02-3,C#CCCCCC(C(=O)O)C(=O)O,C9H12O4,184.18918,590.578,NIST
docosane-1-thiol,'7773-83-3,CCCCCCCCCCCCCCCCCCCCCCS,C22H46S,342.66564,673.576,NIST
"2-(((1,1'-biphenyl)-2-yl)oxy)ethan-1-ol",7501-02-0200:00:00,OCCOc1ccccc1-c1ccccc1,C14H14O2,214.25976,614.856,NIST
4-(4-methylphenyl)butanoic acid,'4521-22-6,Cc1ccc(CCCC(=O)O)cc1,C11H14O2,178.22766,590.276,NIST
"2,3-dichloronaphthalene-1,4-dione",'117-80-6,O=C1C(Cl)=C(Cl)C(=O)c2ccccc21,C10H4Cl2O2,227.04356,636.921,NIST
N-dodecyl-N-ethyldodecan-1-amine,'7736-46-1,CCCCCCCCCCCCN(CC)CCCCCCCCCCCC,C26H55N,381.7216,698.169,NIST
"2-(2-methylpropyl)-1,1'-biphenyl",'66325-19-7,CC(C)Cc1ccccc1-c1ccccc1,C16H18,210.31412,555.31,NIST
heptyl naphthalene-1-carboxylate,'3007-92-9,CCCCCCCOC(=O)c1cccc2ccccc12,C18H22O2,270.36608,671.814,NIST
5-ethyl-4-methylhept-4-en-3-one,'22319-28-4,CCC(=O)C(C)=C(CC)CC,C10H18O,154.24932,476.666,NIST
dodecyl serinate,'738578-39-7,CCCCCCCCCCCCOC(=O)C(N)CO,C15H31NO3,273.41154,610.205,NIST
"3-ethyl-2,2,3-trimethylpentane",'52897-17-3,CCC(C)(CC)C(C)(C)C,C10H22,142.28168,442.547,NIST
propyl hexanoate,'626-77-7,CCCCCC(=O)OCCC,C9H18O2,158.23802,458.305,NIST
3-ethylundec-4-en-6-one,'731820-01-2,CCCCCC(=O)C=CC(CC)CC,C13H24O,196.32906,538.237,NIST
"4,7-dimethyl-2H,5H-pyrano(4,3-b)pyran-2,5-dione",'1204-38-2,Cc1cc2oc(=O)cc(C)c2c(=O)o1,C10H8O4,192.16812,641.648,NIST
4-methyl-2-(2-methylpropyl)pentan-1-ol,'22417-45-4,CC(C)CC(CO)CC(C)C,C10H22O,158.28108,482.314,NIST
heptan-2-yl prop-2-enoate,'61634-82-0,C=CC(=O)OC(C)CCCCC,C10H18O2,170.24872,471.011,NIST
di(2-aminoethyl)amine,'111-40-0,NCCNCCN,C4H13N3,103.16612,,DIPPR
cis-2-ethyldecahydronaphthalene,'877210-32-7,CCC1CC[C@@H]2CCCC[C@@H]2C1,C12H22,166.30308,496.717,NIST
"3,10-dimethyldodec-5-yne",'1207108-77-7,CCC(C)CC#CCCCC(C)CC,C14H26,194.35624,510.334,NIST
1-ethyl-4-methylcyclohexane,'3728-56-1,CCC1CCC(C)CC1,C9H18,126.23922,422.61,NIST
2-iodo-3-methylbutane,'18295-27-7,CC(C)C(C)I,C5H11I,198.04531,401.944,NIST
2-(dimethylamino)ethyl 2-methylprop-2-enoate,'2867-47-2,C=C(C)C(=O)OCCN(C)C,C8H15NO2,157.2102,460.367,NIST
"1,1'-oxydibenzene",'101-84-8,c1ccc(Oc2ccccc2)cc1,C12H10O,170.2072,531.171,NIST
tridec-1-yne,'26186-02-7,C#CCCCCCCCCCCC,C13H24,180.32966,517.101,NIST
hex-1-en-5-yn-3-ol,'1573-66-6,C#CCC(O)C=C,C6H8O,96.12712,419.677,NIST
N'-(4-chlorophenyl)-N-methoxy-N-methylurea,'1746-81-2,CON(C)C(=O)Nc1ccc(Cl)cc1,C9H11ClN2O2,214.64884,613.381,NIST
"1,1-dichloro-2-(chloro(fluoro)methoxy)-1,2,2-trifluoroethane",'37031-42-8,FC(Cl)OC(F)(F)C(F)(Cl)Cl,C3HCl3F4O,235.3920528,368.075,NIST
ethyl 2-ethylpentanoate,'43164-26-7,CCCC(CC)C(=O)OCC,C9H18O2,158.23802,458.524,NIST
1-butylnaphthalene,'1634-09-9,CCCCc1cccc2ccccc12,C14H16,184.27684,,DIPPR
decane,'124-18-5,CCCCCCCCCC,C10H22,142.28168,,DIPPR
1-hydroxy-3-methyl-9H-xanthen-9-one,'39156-34-8,Cc1cc(O)c2c(=O)c3ccccc3oc2c1,C14H10O3,226.2274,636.606,NIST
aniline,'62-53-3,Nc1ccccc1,C6H7N,93.12648,,DIPPR
"cis,cis,trans-2,8-dimethylbicyclo(4.4.0)decane",'55982-60-0,C[C@H]1CC[C@H]2[C@@H](CCC[C@H]2C)C1,C12H22,166.30308,487.579,NIST
"2,2'-(butylazanediyl)di(ethan-1-ol)",'102-79-4,CCCCN(CCO)CCO,C8H19NO2,161.24196,552.551,NIST
3-methyloctanenitrile,'160256-19-9,CCCCC[C@@H](C)CC#N,C9H17N,139.23798,492.441,NIST
5-ethylheptan-1-ol,'998-65-2,CCC(CC)CCCCO,C9H20O,144.2545,477.05,NIST
propyl pentadecanoate,'42232-08-6,CCCCCCCCCCCCCCC(=O)OCCC,C18H36O2,284.47724,603.718,NIST
"dimethyl cyclopentane-1,2-dicarboxylate",'80656-12-8,COC(=O)[C@@H]1CCC[C@H]1C(=O)OC,C9H14O4,186.20506,507.299,NIST
cyclohexyl propanoate,'6222-35-1,CCC(=O)OC1CCCCC1,C9H16O2,156.22214,466.458,NIST
"2-bromo-1,4-bis(trifluoromethoxy)benzene",'1813-36-1,FC(F)(F)Oc1ccc(OC(F)(F)F)c(Br)c1,C8H3BrF6O2,325.0026392,448.428,NIST
1-phenylbutan-2-one,'1007-32-5,CCC(=O)Cc1ccccc1,C10H12O,148.20168,503.786,NIST
2-methyl-1H-benzimidazole,'615-15-6,Cc1nc2ccccc2[nH]1,C8H8N2,132.16252,610.7,NIST
1-bromo-2-methylbenzene,'95-46-5,Cc1ccccc1Br,C7H7Br,171.03448,454.284,NIST
3-methyl-3-butenonitrile,'4786-19-0,C=C(C)CC#N,C5H7N,81.11578,417.699,NIST
"3,3',4,4',5-pentachloro-1,1'-biphenyl",'57465-28-8,Clc1ccc(-c2cc(Cl)c(Cl)c(Cl)c2)cc1Cl,C12H5Cl5,326.4331,660.27,NIST
"3,3-diphenylbutan-2-ol",'22875-81-6,CC(O)C(C)(c1ccccc1)c1ccccc1,C16H18O,226.31352,613.405,NIST
4-chloro-1-methyl-2-nitrobenzene,'89-59-8,Cc1ccc(Cl)cc1[N+](=O)[O-],C7H6ClNO2,171.58104,539.498,NIST
1-ethoxy-4-methoxybutane,'36865-47-1,CCOCCCCOC,C7H16O2,132.20074,418.65,NIST
"(2,2-dimethylpropyl)benzene",'1007-26-7,CC(C)(C)Cc1ccccc1,C11H16,148.24474,459.032,NIST
(trifluoromethoxy)benzene,'456-55-3,FC(F)(F)Oc1ccccc1,C7H5F3O,162.1092096,379.124,NIST
"(R*,R*)-2,4-dibromopentane",'1625-68-9,C[C@@H](Br)C[C@@H](C)Br,C5H10Br2,229.9409,446.425,NIST
1-octyl-1H-pyrrole,'50966-65-9,CCCCCCCCn1cccc1,C12H21N,179.30184,545.457,NIST
"2,6,10,14-tetramethylhexadecane",'638-36-8,CCC(C)CCCC(C)CCCC(C)CCCC(C)C,C20H42,282.54748,587.713,NIST
"1-(hexa-2,3-dien-1-yl)-2-methylbenzene",'18550-72-6,CCC=C=CCc1ccccc1C,C13H16,172.26614,521.558,NIST
"1,1',1''-methanetriyltricyclohexane",'1610-24-8,C1CCC(C(C2CCCCC2)C2CCCCC2)CC1,C19H34,262.47326,627.771,NIST
(2S)-2-methylbutanal,'1730-97-8,CC[C@H](C)C=O,C5H10O,86.1323,364.466,NIST
3-chlorophenyl (2E)-3-phenylprop-2-enoate,'942619-30-9,O=C(/C=C/c1ccccc1)Oc1cccc(Cl)c1,C15H11ClO2,258.69964,632.179,NIST
9-ethyl-9H-fluorene,'2294-82-8,CCC1c2ccccc2-c2ccccc21,C15H14,194.27166,605.508,NIST
"3,3-dimethylnon-4-yne",'29022-31-9,CCCCC#CC(C)(C)CC,C11H20,152.2765,450.699,NIST
"3-hydroxy-4,4-dimethyloxolan-2-one",'599-04-2,CC1(C)COC(=O)[C@@H]1O,C6H10O3,130.1418,530.013,NIST
"1,4-dimethylbicyclo(3.2.1)octane",'56579-36-3,CC1CCC2(C)CCC1C2,C10H18,138.24992,437.149,NIST
(prop-1-yn-1-yl)cyclohexane,'18736-95-3,CC#CC1CCCCC1,C9H14,122.20746,439.475,NIST
S-methyl ethanethioate,'1534-08-3,CSC(C)=O,C3H6OS,90.14414,371.274,NIST
"1-bromo-3,5-diethylbenzene",'90267-03-1,CCc1cc(Br)cc(CC)c1,C10H13Br,213.11422,520.284,NIST
"3,3-diethylpentanenitrile",'90949-26-1,CCC(CC)(CC)CC#N,C9H17N,139.23798,482.866,NIST
2-methylidenecyclohexan-1-ol,'4065-80-9,C=C1CCCCC1O,C7H12O,112.16958,449.37,NIST
"2,5,5-trimethyl-4-(2-methylpropyl)heptan-4-ol",,CCC(C)(C)C(O)(CC(C)C)CC(C)C,C14H30O,214.3874,517.502,NIST
alpha-chlordane,'5103-71-9,ClC1=C(Cl)[C@]2(Cl)[C@@H]3[C@@H](Cl)[C@@H](Cl)C[C@@H]3[C@@]1(Cl)C2(Cl)Cl,C10H6Cl8,409.77864,663.332,NIST
(E)-N-(4-butoxyphenyl)-1-(4-(hexyloxy)phenyl)methanimine,'14921-51-8,CCCCCCOc1ccc(/C=N/c2ccc(OCCCC)cc2)cc1,C23H31NO2,353.49774,702.019,NIST
"N,N-diethyl-3-methylaniline",'91-67-8,CCN(CC)c1cccc(C)c1,C11H17N,163.25938,503.456,NIST
"1,1-dibromo-1-chloroethane",'594-17-2,CC(Cl)(Br)Br,C2H3Br2Cl,222.30622,437.407,NIST
5-ethyldecane,'17302-36-2,CCCCCC(CC)CCCC,C12H26,170.33484,480.392,NIST
(3E)-3-methylpent-3-en-1-yne,'1574-33-0,C#C/C(C)=C/C,C6H8,80.12772,342.124,NIST
"(2S)-2-methyl-1,4-butanediol",'70423-38-0,C[C@H](CO)CCO,C5H12O2,104.14758,493.109,NIST
"2-nitrobenzene-1,3-diol",'601-89-8,O=[N+]([O-])c1c(O)cccc1O,C6H5NO4,155.1082,590.326,NIST
(2-methyl-4-propylheptan-4-yl)benzene,'861581-01-3,CCCC(CCC)(CC(C)C)c1ccccc1,C17H28,232.40422,562.622,NIST
"1,1,3,4-tetramethylcyclohexane",'24612-75-7,CC1CCC(C)(C)CC1C,C10H20,140.2658,432.938,NIST
"2,2-dipropoxypropane",'66379-69-9,CCCOC(C)(C)OCCC,C9H20O2,160.2539,432.013,NIST
"(6E)-2,2,3-trichloro-6-(chloromethylidene)-5,5-bis(dichloromethyl)bicyclo(2.2.1)heptane",'165820-14-4,Cl/C=C1\[C@H]2C[C@H]([C@H](Cl)C2(Cl)Cl)C1(C(Cl)Cl)C(Cl)Cl,C10H8Cl8,411.79452,657.94,NIST
"cis-1,2-cyclobutanedicarboxylic acid, dimethyl ester",2607-03-0600:00:00,COC(=O)[C@H]1CC[C@H]1C(=O)OC,C8H12O4,172.17848,486.962,NIST
"2,4-dimethylcyclopent-2-en-1-one",'23048-13-7,CC1=CC(C)CC1=O,C7H10O,110.1537,437.972,NIST
"methyl 2-(4-(2,4-dichlorophenoxy)phenoxy)propanoate",'51338-27-3,COC(=O)C(C)Oc1ccc(Oc2ccc(Cl)cc2Cl)cc1,C16H14Cl2O4,341.18596,669.039,NIST
4-cyano-2-fluorophenyl 4-pentylbenzoate,'86831-22-3,CCCCCc1ccc(C(=O)Oc2ccc(C#N)cc2F)cc1,C19H18FNO2,311.3501232,691.852,NIST
"1,2-dichlorooctane",'21948-46-9,CCCCCCC(Cl)CCl,C8H16Cl2,183.11864,488.63,NIST
"4,7-dimethyloctan-1-ol",'66719-34-4,CC(C)CCC(C)CCCO,C10H22O,158.28108,484.229,NIST
"2-(3,7-dimethyloctan-3-yl)naphthalene",,CCC(C)(CCCC(C)C)c1ccc2ccccc2c1,C20H28,268.43632,657.317,NIST
"2,2-dimethylaziridine",'2658-24-4,CC1(C)CN1,C4H9N,71.12096,361.687,NIST
"4-(difluoromethoxy)-1,1,1,2,3,3-hexafluorobutane",'69948-46-5,FC(F)OCC(F)(F)C(F)C(F)(F)F,C5H4F8O,232.0718856,359.694,NIST
3-butyl-3-methylheptan-2-ol,'855956-00-2,CCCCC(C)(CCCC)C(C)O,C12H26O,186.33424,503.746,NIST
"N,N-dimethylaniline",'121-69-7,CN(C)c1ccccc1,C8H11N,121.17964,,DIPPR
"(2S,4S)-(+)-pentanediol",'72345-23-4,C[C@H](O)C[C@H](C)O,C5H12O2,104.14758,460.876,NIST
"dimethyl benzene-1,2-dicarboxylate",'131-11-3,COC(=O)c1ccccc1C(=O)OC,C10H10O4,194.184,,DIPPR
"3-methylidenepenta-1,4-diene",'13753-03-2,C=CC(=C)C=C,C6H8,80.12772,327.899,NIST
pentaric acid,'488-31-3,O=C(O)C(O)C(O)C(O)C(=O)O,C5H8O7,180.11282,625.516,NIST
"2,3,4,5-tetramethylphenol",'488-70-0,Cc1cc(O)c(C)c(C)c1C,C10H14O,150.21756,533.174,NIST
"4,4-dimethylhexan-1-ol",'6481-95-4,CCC(C)(C)CCCO,C8H18O,130.22792,460.495,NIST
cyclohexyl methyl carbonate,'25066-36-8,COC(=O)OC1CCCCC1,C8H14O3,158.19496,479.48,NIST
"5-methyl-1H-1,2,4-triazol-3-amine",4923-01-0700:00:00,Cc1nc(=N)[nH][nH]1,C3H6N4,98.10654,586.727,NIST
2-((dimethylamino)methyl)-1-(3-methoxyphenyl)cyclohexan-1-ol,'27203-92-5,COc1cccc([C@]2(O)CCCC[C@H]2CN(C)C)c1,C16H25NO2,263.3752,625.142,NIST
"2,5-dichloro-1,1'-biphenyl",'34883-39-1,Clc1ccc(Cl)c(-c2ccccc2)c1,C12H8Cl2,223.09792,580.265,NIST
"2-bromo-2,3-dimethylbutane",'594-52-5,CC(C)C(C)(C)Br,C6H13Br,165.07142,401.807,NIST
2-hexyldodecanoic acid,'69848-19-7,CCCCCCCCCCC(CCCCCC)C(=O)O,C18H36O2,284.47724,622.105,NIST
"1,2,3,4,5-pentachloro-6-nitrobenzene",'82-68-8,O=[N+]([O-])c1c(Cl)c(Cl)c(Cl)c(Cl)c1Cl,C6Cl5NO2,295.3347,622.451,NIST
"1,1,1-trifluoro-2-(trifluoromethoxy)ethane",'20193-67-3,FC(F)(F)COC(F)(F)F,C3H2F6O,168.0377992,287.126,NIST
1-phenylpropan-2-ol,'698-87-3,CC(O)Cc1ccccc1,C9H12O,136.19098,488.669,NIST
"1,1,2-trichlorocyclopropane",'13519-95-4,ClC1CC1(Cl)Cl,C3H3Cl3,145.41492,397.184,NIST
1-bromo-2-(bromomethyl)pentane,'1781-52-8,CCCC(CBr)CBr,C6H12Br2,243.96748,489.206,NIST
"3,3,4,4-tetramethyloxolane-2,5-dione",'35046-68-5,CC1(C)C(=O)OC(=O)C1(C)C,C8H12O3,156.17908,500.732,NIST
"1,1,3-trimethyl-1H-indene",'2177-45-9,CC1=CC(C)(C)c2ccccc21,C12H14,158.23956,511.645,NIST
2-butylthiophene,'1455-20-5,CCCCc1cccs1,C8H12S,140.24588,474.791,NIST
1-(3-methylpent-1-en-1-yl)-4-(propan-2-yl)benzene,,CCC(C)C=Cc1ccc(C(C)C)cc1,C15H22,202.33518,548.952,NIST
1-methylidene-4-(prop-1-en-2-yl)cyclohexane,'499-97-8,C=C1CCC(C(=C)C)CC1,C10H16,136.23404,434.332,NIST
octadecan-9-one,'18394-00-8,CCCCCCCCCC(=O)CCCCCCCC,C18H36O,268.47784,596.92,NIST
"2,11-dimethyldodeca-1,11-diene",'13287-11-1,C=C(C)CCCCCCCCC(=C)C,C14H26,194.35624,504.553,NIST
pentanal,'110-62-3,CCCCC=O,C5H10O,86.1323,375.811,NIST
"3-methyl-1-(propan-2-yl)cyclopenta-1,3-diene",'45676-10-6,CC1=CCC(C(C)C)=C1,C9H14,122.20746,421.134,NIST
3-butoxybutan-2-one,'859810-98-3,CCCCOC(C)C(C)=O,C8H16O2,144.21144,418.335,NIST
1-fluorohexadecane,'408-38-8,CCCCCCCCCCCCCCCCF,C16H33F,244.4316232,566.965,NIST
4-methylhexan-3-yl butanoate,'861598-86-9,CCCC(=O)OC(CC)C(C)CC,C11H22O2,186.29118,469.652,NIST
"2,3-dimethylbutan-2-yl propanoate",'245658-31-5,CCC(=O)OC(C)(C)C(C)C,C9H18O2,158.23802,450.544,NIST
"1,1,1,2,2,3,3,4,4,5,5,6,6-tridecafluorooctane",'80793-17-5,CCC(F)(F)C(F)(F)C(F)(F)C(F)(F)C(F)(F)C(F)(F)F,C8H5F13,348.1045416,375.555,NIST
3-(chloromethyl)-3-ethyloxetane,'2177-22-2,CCC1(CCl)COC1,C6H11ClO,134.60394,420.964,NIST
"4,5-dibromooctane",'61539-75-1,CCCC(Br)C(Br)CCC,C8H16Br2,272.02064,506.057,NIST
"1,3-dimethyl-2-(((2E)-4-methylpent-2-en-2-yl)oxy)benzene",'75805-38-8,C/C(=C\C(C)C)Oc1c(C)cccc1C,C14H20O,204.308,532.426,NIST
"5,9-dimethyldecan-2-one",'782478-25-5,CC(=O)CC[C@H](C)CCCC(C)C,C12H24O,184.31836,507.93,NIST
"1,1,6-trimethyl-3-methylidenedecahydro-1H-cyclopropa(a)naphthalene",,C=C1CC2C(C3CC(C)CCC13)C2(C)C,C15H24,204.35106,507.639,NIST
"1-(2,4-dimethylpenta-1,3-dien-1-yl)-3-methylbenzene",'24107-66-2,CC(C)=CC(C)=Cc1cccc(C)c1,C14H18,186.29272,535.558,NIST
"2,3,4-trimethylbenzoic acid",'1076-47-7,Cc1ccc(C(=O)O)c(C)c1C,C10H12O2,164.20108,565.045,NIST
ethyl 3-oxobutanoate,'141-97-9,CCOC(=O)CC(C)=O,C6H10O3,130.1418,453.603,NIST
"2,3,5,5-tetramethylhept-2-ene",'103982-56-5,CCC(C)(C)CC(C)=C(C)C,C11H22,154.29238,456.654,NIST
1-bromododec-2-ene,'65560-54-5,CCCCCCCCCC=CCBr,C12H23Br,247.21502,532.294,NIST
dimethylcyanamide,'1467-79-4,CN(C)C#N,C3H6N2,70.09314,434.713,NIST
"2,3-dibromo-4,4-dimethylhexane",'855907-58-3,CCC(C)(C)C(Br)C(C)Br,C8H16Br2,272.02064,496.96,NIST
endo-2-methylbicyclo(3.2.1)octane,'5020-26-8,C[C@@H]1CC[C@H]2CC[C@@H]1C2,C9H16,124.22334,427.598,NIST
"3,5-dibromo-1,1'-biphenyl",'16372-96-6,Brc1cc(Br)cc(-c2ccccc2)c1,C12H8Br2,311.99992,613.338,NIST
"5,10-dinitrodispiro(3.1.3.1)decane",'120525-74-8,O=[N+]([O-])C1C2(CCC2)C([N+](=O)[O-])C12CCC2,C10H14N2O4,226.22916,579.233,NIST
"1-methyl-4-(1,1,2,2-tetrafluoroethoxy)benzene",'1737-11-7,Cc1ccc(OC(F)(F)C(F)F)cc1,C9H8F4O,208.1528328,453.629,NIST
N-ethyl-N-methylpropan-1-amine,'4458-32-6,CCCN(C)CC,C6H15N,101.19,364.623,NIST
"(1S)-1,2-dimethylpropyl acetate",'56640-64-3,CC(=O)O[C@@H](C)C(C)C,C7H14O2,130.18486,402.022,NIST
"(hepta-1,6-dien-4-yl)silane",,C=CCC([SiH3])CC=C,C7H14Si,126.27156,406.627,NIST
"1,3-dimethyl-3-propylcyclohex-1-ene",'854718-43-7,CCCC1(C)C=C(C)CCC1,C11H20,152.2765,455.41,NIST
"(2R,5S)-2,5-dimethyltetrahydrothiophene",'5161-13-7,C[C@@H]1CC[C@H](C)S1,C6H12S,116.22448,415.655,NIST
4-(prop-2-en-1-ylidene)cyclohex-1-ene,'98949-91-8,C=CC=C1CC=CCC1,C9H12,120.19158,441.348,NIST
2-propylnonan-1-ol,'54381-04-3,CCCCCCCC(CO)CCC,C12H26O,186.33424,526.377,NIST
"1H-indole-2,3-dione",'91-56-5,O=C1Nc2ccccc2C1=O,C8H5NO2,147.1308,639.793,NIST
1-bromo-2-chloroethane,'107-04-0,ClCCBr,C2H4BrCl,143.41016,379.086,NIST
"ethyl 3,5-dimethylhexanoate",'82398-51-4,CCOC(=O)C[C@H](C)CC(C)C,C10H20O2,172.2646,461.85,NIST
"1,1,1,2,2-pentachloro-2-fluoroethane",'354-56-3,FC(Cl)(Cl)C(Cl)(Cl)Cl,C2Cl5F,220.2848032,,DIPPR
"3-hydroxy-2-methyl-3,3-diphenylpropanoic acid",'29193-55-3,CC(C(=O)O)C(O)(c1ccccc1)c1ccccc1,C16H16O3,256.29644,644.765,NIST
1-(ethenyloxy)-2-methylpropane,'109-53-5,C=COCC(C)C,C6H12O,100.15888,356.005,NIST
"5-methyl-2,3-dihydro-1-benzofuran",'76429-68-0,Cc1ccc2c(c1)CCO2,C9H10O,134.1751,480.717,NIST
(3R)-3-methylheptanoic acid,'57403-74-4,CCCC[C@@H](C)CC(=O)O,C8H16O2,144.21144,506.231,NIST
2-methylbicyclo(3.2.1)octane,'766-70-1,CC1CCC2CCC1C2,C9H16,124.22334,423.583,NIST
cyclobutene,'822-35-5,C1=CCC1,C4H6,54.09044,275.685,NIST
"2,2,4,4-tetramethyl-3-(propan-2-yl)pentan-3-ol",'5457-42-1,CC(C)C(O)(C(C)(C)C)C(C)(C)C,C12H26O,186.33424,502.452,NIST
ethyl 2-bromo-3-oxobutanoate,'609-13-2,CCOC(=O)C(Br)C(C)=O,C6H9BrO3,209.03786,500.075,NIST
propyl butanoate,'105-66-8,CCCOC(=O)CCC,C7H14O2,130.18486,,DIPPR
oxolane,'109-99-9,C1CCOC1,C4H8O,72.10572,339.138,NIST
N-(4-methylphenyl)acetamide,'103-89-9,CC(O)=Nc1ccc(C)cc1,C9H11NO,149.18974,592.7,NIST
1-ethyl-3-nitrobenzene,'7369-50-8,CCc1cccc([N+](=O)[O-])c1,C8H9NO2,151.16256,514.168,NIST
"butane-2,3-diol",'513-85-9,CC(O)C(C)O,C4H10O2,90.121,,DIPPR
"4-tert-butyl-3,3-dimethyloctan-4-ol",,CCCCC(O)(C(C)(C)C)C(C)(C)CC,C14H30O,214.3874,518.881,NIST
((Z)-2-chloroethenyl)benzene,'4604-28-8,Cl/C=C\c1ccccc1,C8H7Cl,138.59418,469.463,NIST
1-isopropoxy-2-propanol,'3944-36-3,CC(O)COC(C)C,C6H14O2,118.17416,423.06,NIST
"3,5-difluorobenzoic acid",'455-40-3,O=C(O)c1cc(F)cc(F)c1,C7H4F2O2,158.1022664,512.217,NIST
hexane-1-thiol,'111-31-9,CCCCCCS,C6H14S,118.24036,425.804,NIST
N-benzyl-N-phenylurea,'22517-46-0,N=C(O)N(Cc1ccccc1)c1ccccc1,C14H14N2O,226.27376,698.296,NIST
2-methylquinolin-8-ol,'826-81-3,Cc1ccc2cccc(O)c2n1,C10H9NO,159.18456,552.092,NIST
"1,3-dimethyl-1H-pyrazole",'694-48-4,Cc1ccn(C)n1,C5H8N2,96.13042,481.736,NIST
hypofluorous acid,'14034-79-8,OF,HFO,36.0057432,287.369,NIST
"1,1,1,2,2-pentafluoro-3-(pentafluoroethoxy)propane",'155653-44-4,FC(F)(F)C(F)(F)COC(F)(F)C(F)(F)F,C5H2F10O,268.052812,320.021,NIST
2-methoxy-5-nitrophenol,'636-93-1,COc1ccc([N+](=O)[O-])cc1O,C7H7NO4,169.13478,586.297,NIST
dodecane,'112-40-3,CCCCCCCCCCCC,C12H26,170.33484,,DIPPR
3-chlorodecane,'1002-11-5,CCCCCCCC(Cl)CC,C10H21Cl,176.72674,486.589,NIST
"7,14-dimethylicosane",,CCCCCCC(C)CCCCCCC(C)CCCCCC,C22H46,310.60064,633.474,NIST
1-cyclohexyl-3-methylbenzene,'4575-46-6,Cc1cccc(C2CCCCC2)c1,C13H18,174.28202,530.577,NIST
"1,3-difluoro-2-methylbenzene",'443-84-5,Cc1c(F)cccc1F,C7H6F2,128.1193464,385.638,NIST
"5-methyl-2-methylidene-8-(propan-2-yl)-1,2,3,4,4a,5,6,8a-octahydronaphthalene",'374929-82-5,C=C1CCC2C(C)CC=C(C(C)C)C2C1,C15H24,204.35106,524.416,NIST
"2,4-dibromo-1-phenoxybenzene",'171977-44-9,Brc1ccc(Oc2ccccc2)c(Br)c1,C12H8Br2O,327.99932,620.129,NIST
3-bromopentane,'1809-10-5,CCC(Br)CC,C5H11Br,151.04484,391.627,NIST
1-ethenyl-3-nitrobenzene,'586-39-0,C=Cc1cccc([N+](=O)[O-])c1,C8H7NO2,149.14668,560.66,NIST
"trans-2-(1,1-dimethylethyl)-5-(1-methylethyl)-1,3-dioxane",'54572-04-2,CC(C)[C@H]1CO[C@H](C(C)(C)C)OC1,C11H22O2,186.29118,480.899,NIST
1-fluoro-1-(trifluoromethoxy)ethene,'1258596-61-0,C=C(F)OC(F)(F)F,C3H2F4O,130.0409928,268.7,NIST
1-(4-hexylphenyl)ethan-1-ol,'100963-63-1,CCCCCCc1ccc(C(C)O)cc1,C14H22O,206.32388,560.467,NIST
"2-cyclopentyl-1,4-dimethylbenzene",'62379-92-4,Cc1ccc(C)c(C2CCCC2)c1,C13H18,174.28202,527.848,NIST
"2,3-dimethoxyprop-1-ene",'61860-67-1,C=C(COC)OC,C5H10O2,102.1317,368.807,NIST
"methyl docosa-7,10,13,16-tetraenoate",'28874-58-0,CCCCCC=CCC=CCC=CCC=CCCCCCC(=O)OC,C23H38O2,346.54662,669.024,NIST
2-methylpropanal,'78-84-2,CC(C)C=O,C4H8O,72.10572,,DIPPR
"2,6-di-tert-butylphenol",'128-39-2,CC(C)(C)c1cccc(C(C)(C)C)c1O,C14H22O,206.32388,531.242,NIST
2-bromophenol,'95-56-7,Oc1ccccc1Br,C6H5BrO,173.0073,516.857,NIST
2-methylprop-2-enoyl fluoride,'381-67-9,C=C(C)C(=O)F,C4H5FO,88.0803032,340.761,NIST
"1,1',1''-(1,3,5-triazinane-1,3,5-triyl)tri(ethan-1-one)",'26028-46-6,CC(=O)N1CN(C(C)=O)CN(C(C)=O)C1,C9H15N3O3,213.2337,682.424,NIST
N^1-methylmalonamide,'87996-46-1,CN=C(O)CC(=N)O,C4H8N2O2,116.11852,679.115,NIST
1-phenylbutan-1-one,'495-40-9,CCCC(=O)c1ccccc1,C10H12O,148.20168,502.333,NIST
"1,4-dimethyl-2-(prop-1-en-2-yl)benzene",'17171-97-0,C=C(C)c1cc(C)ccc1C,C11H14,146.22886,484.781,NIST
"2,5-dimethylhexa-2,3-diene",'36721-80-9,CC(C)=C=CC(C)C,C8H14,110.19676,394.427,NIST
2-methoxyoxane,'6581-66-4,COC1CCCCO1,C6H12O2,116.15828,417.099,NIST
"3,3,4,4,5,5,6,6,7,7,8,8,9,9,10,10,10-heptadecafluorodec-1-ene",'21652-58-4,C=CC(F)(F)C(F)(F)C(F)(F)C(F)(F)C(F)(F)C(F)(F)C(F)(F)C(F)(F)F,C10H3F17,446.1036744,417.839,NIST
"2,2,4,5-tetrafluoro-2H-1,3-dioxole",'86179-30-8,FC1=C(F)OC(F)(F)O1,C3F4O2,144.0245128,264.965,NIST
"2,3-dimethyl-1-nitrobutane",'66553-34-2,CC(C)C(C)C[N+](=O)[O-],C6H13NO2,131.17292,452.005,NIST
"6-(5-cyclohexylpentyl)-1,2,3,4-tetrahydronaphthalene",'860395-54-6,c1cc2c(cc1CCCCCC1CCCCC1)CCCC2,C21H32,284.47878,666.779,NIST
"2,2'-(phenylazanediyl)di(ethan-1-ol)",'120-07-0,OCCN(CCO)c1ccccc1,C10H15NO2,181.2316,611.73,NIST
diethyl heptanedioate,'2050-20-6,CCOC(=O)CCCCCC(=O)OCC,C11H20O4,216.2741,532.669,NIST
"(1E,4E)-2,6,6,9-tetramethylcycloundeca-1,4-diene",'31056-65-2,C/C1=C\CCC(C)CCC(C)(C)/C=C/C1,C15H26,206.36694,515.779,NIST
"2,2-dimethylpropanoyl fluoride",'1478-62-2,CC(C)(C)C(=O)F,C5H9FO,104.1227632,340.874,NIST
"(3,4,5-trimethoxyphenyl)acetic acid",'951-82-6,COc1cc(CC(=O)O)cc(OC)c1OC,C11H14O5,226.22586,641.197,NIST
"2,3-difluorophenol",'6418-38-8,Oc1cccc(F)c1F,C6H4F2O,130.0921664,427.538,NIST
"3-ethyl-2,4,5-trimethyl-1H-pyrrole",'520-69-4,CCc1c(C)[nH]c(C)c1C,C9H15N,137.2221,506.436,NIST
2-butyloxirane,'1436-34-6,CCCCC1CO1,C6H12O,100.15888,393.541,NIST
"ethane-1,2-diyl bis(2-methylpropanoate)",'7402-23-5,CC(C)C(=O)OCCOC(=O)C(C)C,C10H18O4,202.24752,499.878,NIST
(3-methylheptan-3-yl)benzene,'51257-28-4,CCCCC(C)(CC)c1ccccc1,C14H22,190.32448,516.545,NIST
"2,3,4-trimethylpentanoic acid",'90435-18-0,CC(C)C(C)C(C)C(=O)O,C8H16O2,144.21144,497.362,NIST
"(1R,5R)-2,6,6-trimethylbicyclo(3.1.1)hept-2-ene",'7785-70-8,CC1=CC[C@@H]2C[C@H]1C2(C)C,C10H16,136.23404,430.462,NIST
"(1R,8S)-bicyclo(6.1.0)nonane",'13757-43-2,C1CCC[C@H]2C[C@H]2CC1,C9H16,124.22334,431.231,NIST
"1,2,4,5-tetrabromobenzene",'636-28-2,Brc1cc(Br)c(Br)cc1Br,C6H2Br4,393.69608,604.007,NIST
2-phenylethan-1-ol,1960-12-0800:00:00,OCCc1ccccc1,C8H10O,122.1644,491.819,NIST
2-benzyl-1-methyl-4-(propan-2-yl)benzene,'51741-79-8,Cc1ccc(C(C)C)cc1Cc1ccccc1,C17H20,224.3407,583.088,NIST
heptyl naphthalene-2-carboxylate,'2876-79-1,CCCCCCCOC(=O)c1ccc2ccccc2c1,C18H22O2,270.36608,673.035,NIST
"3,4-dihydroxybenzoic acid",'99-50-3,O=C(O)c1ccc(O)c(O)c1,C7H6O4,154.12014,607.744,NIST
3-methylbut-2-enoic acid,'541-47-9,CC(C)=CC(=O)O,C5H8O2,100.11582,467.666,NIST
1-(benzyl(methyl)amino)propan-2-one,'23982-57-2,CC(=O)CN(C)Cc1ccccc1,C11H15NO,177.2429,525.334,NIST
1-(9H-carbazol-9-yl)ethan-1-one,'574-39-0,CC(=O)n1c2ccccc2c2ccccc21,C14H11NO,209.24324,660.205,NIST
3-phenylbicyclo(2.2.2)octane-2-carbonitrile,'28115-61-9,N#C[C@@H]1C2CCC(CC2)[C@H]1c1ccccc1,C15H17N,211.30218,614.842,NIST
"2-ethyl-5-methyl-1,1'-biphenyl",'91363-50-7,CCc1ccc(C)cc1-c1ccccc1,C15H16,196.28754,560.671,NIST
"1,5-diphenylpentan-3-ol",'17486-86-1,OC(CCc1ccccc1)CCc1ccccc1,C17H20O,240.3401,623.434,NIST
cyclopropanethiol,'6863-32-7,SC1CC1,C3H6S,74.14474,341.101,NIST
"3,3'-(oxybis((propane-3,1-diyl)oxy))di(propan-1-ol)",'30242-05-8,OCCCOCCCOCCCOCCCO,C12H26O5,250.33184,632.363,NIST
"2,6-dichloroocta-2,6-diene",'99548-49-9,CC=C(Cl)CCC=C(C)Cl,C8H12Cl2,179.08688,457.268,NIST
"(3R,5S)-1,3,5-trimethyl-1-cyclohexene",'24583-97-9,CC1=C[C@H](C)C[C@H](C)C1,C9H16,124.22334,415.132,NIST
3-ethyloctanoic acid,'59614-88-9,CCCCC[C@@H](CC)CC(=O)O,C10H20O2,172.2646,535.622,NIST
1-bromo-2-methyl-cis2-butene,'57253-29-9,C/C=C(/C)CBr,C5H9Br,149.02896,393.296,NIST
"2,5-dimethylocta-1,5-diene",,C=C(C)CCC(C)=CCC,C10H18,138.24992,445.041,NIST
1-methyl-2-propylcyclohex-1-ene,'93168-17-3,CCCC1=C(C)CCCC1,C10H18,138.24992,450.744,NIST
6-methylnonan-2-one,'104092-42-4,CCCC(C)CCCC(C)=O,C10H20O,156.2652,479.278,NIST
"ethane-1,2-diyl bis(2,2-dimethylpropanoate)",'20267-20-3,CC(C)(C)C(=O)OCCOC(=O)C(C)(C)C,C12H22O4,230.30068,509.594,NIST
8-heptyl-8-hexylhexadecane,,CCCCCCCCC(CCCCCC)(CCCCCCC)CCCCCCC,C29H60,408.7867,694.94,NIST
"5-tert-butyl-2-ethenyl-1,3-dimethylbenzene",'85152-38-1,C=Cc1c(C)cc(C(C)(C)C)cc1C,C14H20,188.3086,519.86,NIST
"2,5-dimethylquinoline",'26190-82-9,Cc1ccc2c(C)cccc2n1,C11H11N,157.21174,536.45,NIST
1-methyl-4-(nonadecan-8-yl)benzene,'55191-36-1,CCCCCCCCCCCC(CCCCCCC)c1ccc(C)cc1,C26H46,358.64344,657.075,NIST
1-octyl-1H-benzimidazole,'42032-46-2,CCCCCCCCn1cnc2ccccc21,C15H22N2,230.34858,676.647,NIST
1-(2-(2-(2-methoxyethoxy)ethoxy)ethyl)-1H-imidazole,'351181-99-2,COCCOCCOCCn1ccnc1,C10H18N2O3,214.26152,626.982,NIST
formaldehyde,'50-00-0,C=O,CH2O,30.02598,,DIPPR
(2R)-2-methylpentanoic acid,'49642-47-9,CCC[C@@H](C)C(=O)O,C6H12O2,116.15828,476.009,NIST
sulfolane,'126-33-0,O=S1(=O)CCCC1,C4H8O2S,120.17012,559.056,NIST
"methyl N,N-dimethylalaninate",'130515-23-0,COC(=O)C(C)N(C)C,C6H13NO2,131.17292,415.67,NIST
diethyl ethyl(phenyl)propanedioate,'76-67-5,CCOC(=O)C(CC)(C(=O)OCC)c1ccccc1,C15H20O4,264.3169,599.0,NIST
"N^1,N^1,N^5,N^5-tetraethylpentanediamide",'17642-87-4,CCN(CC)C(=O)CCCC(=O)N(CC)CC,C13H26N2O2,242.35774,649.579,NIST
"1,5-diethylcyclohexa-1,3-diene",'847675-60-9,CCC1=CC=CC(CC)C1,C10H16,136.23404,452.276,NIST
3-iodophenol,'626-02-8,Oc1cccc(I)c1,C6H5IO,220.00777,531.324,NIST
"4-methylhexane-2,4-diol",'38836-25-8,CCC(C)(O)CC(C)O,C7H16O2,132.20074,488.268,NIST
"(1,1'-bi(cyclohexan))-1-ene",'3282-54-0,C1=C(C2CCCCC2)CCCC1,C12H20,164.2872,515.757,NIST
propyl cyanoacetate,'14447-15-5,CCCOC(=O)CC#N,C6H9NO2,127.14116,489.157,NIST
3-ethyloctadec-3-ene,,CCCCCCCCCCCCCCC=C(CC)CC,C20H40,280.5316,617.081,NIST
1-(2-chloro-2-propoxyethoxy)propane,,CCCOCC(Cl)OCCC,C8H17ClO2,180.67238,467.261,NIST
dispiro(2.0.2.1)heptane,'33475-22-8,C1CC12CC21CC1,C7H10,94.1543,373.0,NIST
"3-phenyl-1,2-oxazole",'1006-65-1,c1ccc(-c2ccon2)cc1,C9H7NO,145.15798,555.79,NIST
"dimethyl cyclohexane-1,2-dicarboxylate",'1687-29-2,COC(=O)[C@H]1CCCC[C@H]1C(=O)OC,C10H16O4,200.23164,526.465,NIST
"(5-ethyl-2,8-dimethylnonan-5-yl)benzene",'859948-88-2,CCC(CCC(C)C)(CCC(C)C)c1ccccc1,C19H32,260.45738,580.219,NIST
"(propane-2,2-diyl)di(4,1-phenylene) diprop-2-ynoate",'745-13-1,C#CC(=O)Oc1ccc(C(C)(C)c2ccc(OC(=O)C#C)cc2)cc1,C21H16O4,332.34934,682.492,NIST
2-fluoroaniline,'348-54-9,Nc1ccccc1F,C6H6FN,111.1169432,441.47,NIST
"1,1'-(4-methyl-1,3-phenylene)di(ethan-1-one)",'40180-69-6,CC(=O)c1ccc(C)c(C(C)=O)c1,C11H12O2,176.21178,550.177,NIST
(((2-methylbutan-2-yl)oxy)methyl)benzene,'27674-74-4,CCC(C)(C)OCc1ccccc1,C12H18O,178.27072,502.662,NIST
"2-decyl-1,3-dimethylbenzene",'94262-21-2,CCCCCCCCCCc1c(C)cccc1C,C18H30,246.4308,597.435,NIST
"1,4-dihydro-3H-2-benzopyran-3-one",'4385-35-7,O=C1Cc2ccccc2CO1,C9H8O2,148.15862,590.602,NIST
(-)beta-pinene,'18172-67-3,C=C1CC[C@H]2C[C@@H]1C2(C)C,C10H16,136.23404,438.839,NIST
1-tert-butoxybutane,'1000-63-1,CCCCOC(C)(C)C,C8H18O,130.22792,397.81,NIST
N-methylbutan-2-amine,'7713-69-1,CCC(C)NC,C5H13N,87.16342,351.623,NIST
"trans,trans-2,4,6-trimethyl-1,3-dithiane",'24347-68-0,C[C@H]1S[C@H](C)C[C@H](C)S1,C7H14S2,162.31606,481.738,NIST
"2-cyclopentyl-1,3,5-trimethylbenzene",'30628-31-0,Cc1cc(C)c(C2CCCC2)c(C)c1,C14H20,188.3086,549.049,NIST
(2S)-1-iodo-2-methylbutane,'29394-58-9,CC[C@H](C)CI,C5H11I,198.04531,408.326,NIST
"trans-1,2-dichlorocyclopropane",'39199-87-6,Cl[C@@H]1C[C@H]1Cl,C3H4Cl2,110.96986,361.063,NIST
"(E)-N,1-bis(4-propoxyphenyl)methanimine",'14921-37-0,CCCOc1ccc(/C=N/c2ccc(OCCC)cc2)cc1,C19H23NO2,297.39142,658.072,NIST
5-phenylpentanoic acid,'2270-20-4,O=C(O)CCCCc1ccccc1,C11H14O2,178.22766,583.09,NIST
7-trans-methyl-cis-bicyclo(4.3.0)nonane,'28436-04-6,C[C@H]1CC[C@@H]2CCCC[C@@H]21,C10H18,138.24992,454.832,NIST
"hexa-2,3-diene",'592-49-4,CC=C=CCC,C6H10,82.1436,341.124,NIST
3-chloro-2-ethoxyprop-1-ene,'1070-15-1,C=C(CCl)OCC,C5H9ClO,120.57736,387.16,NIST
"3-ethylbenzene-1,2-dicarboxylic acid",'99059-17-3,CCc1cccc(C(=O)O)c1C(=O)O,C10H10O4,194.184,621.04,NIST
"3,5-dichlorophenol",'591-35-5,Oc1cc(Cl)cc(Cl)c1,C6H4Cl2O,163.00136,523.001,NIST
2-(piperidin-2-yl)ethan-1-ol,'1484-84-0,OCCC1CCCCN1,C7H15NO,129.2001,477.621,NIST
"2,4,6-trimethylheptane-2,4-diol",'33070-42-7,CC(C)CC(C)(O)CC(C)(C)O,C10H22O2,174.28048,500.727,NIST
cyclopentanecarbaldehyde,'872-53-7,O=CC1CCCC1,C6H10O,98.143,410.012,NIST
3-methyloctan-4-ol,'26533-35-7,CCCCC(O)C(C)CC,C9H20O,144.2545,463.4,NIST
"N,N-dimethylacetoacetamide",'2044-64-6,CC(=O)CC(=O)N(C)C,C6H11NO2,129.15704,521.092,NIST
"2,3-diethyl-1,4-dimethylbenzene",'71766-57-9,CCc1c(C)ccc(C)c1CC,C12H18,162.27132,492.5,NIST
1-iodo-4-methoxybenzene,'696-62-8,COc1ccc(I)cc1,C7H7IO,234.03435,520.428,NIST
3-ethyl-2-methylphenol,'1123-73-5,CCc1cccc(O)c1C,C9H12O,136.19098,500.163,NIST
4-chloro-2-methyl-1-butene,'10523-96-3,C=C(C)CCCl,C5H9Cl,104.57796,370.301,NIST
(3E)-3-methylhex-3-ene,'3899-36-3,CC/C=C(\C)CC,C7H14,98.18606,366.658,NIST
propan-2-yl octadecanoate,'112-10-7,CCCCCCCCCCCCCCCCCC(=O)OC(C)C,C21H42O2,326.55698,637.781,NIST
methyl pentafluoropropanoate,'378-75-6,COC(=O)C(F)(F)C(F)(F)F,C4H3F5O2,178.057436,332.356,NIST
"1,3-dimethyl-5-(2-methylpropyl)cyclohexane",'13131-76-5,CC(C)CC1CC(C)CC(C)C1,C12H24,168.31896,462.004,NIST
(9Z)-octadec-9-ene,'1779-13-1,CCCCCCCC/C=C\CCCCCCCC,C18H36,252.47844,588.233,NIST
N-(4-(1-methylcyclobutyl)phenyl)acetamide,'857621-35-3,CC(O)=Nc1ccc(C2(C)CCC2)cc1,C13H17NO,203.28018,643.105,NIST
"5-tert-butyl-1-ethyl-1-methyl-2,3-dihydro-1H-indene",'66325-13-1,CCC1(C)CCc2cc(C(C)(C)C)ccc21,C16H24,216.36176,569.254,NIST
"3,6,9,12-tetraoxaheptadecan-1-ol",'58821-30-0,CCCCCOCCOCCOCCOCCO,C13H28O5,264.35842,604.127,NIST
1-butylcyclopent-1-ene,'2423-01-0,CCCCC1=CCCC1,C9H16,124.22334,429.715,NIST
"(5R)-2,5-dimethylheptane",,CC[C@@H](C)CCC(C)C,C9H20,128.2551,405.838,NIST
ethyl (2E)-3-(furan-2-yl)prop-2-enoate,'623-20-1,CCOC(=O)/C=C/c1ccco1,C9H10O3,166.1739,509.222,NIST
(5Z)-oct-5-en-1-yl propanoate,'196109-18-9,CC/C=C\CCCCOC(=O)CC,C11H20O2,184.2753,498.924,NIST
(hexadecan-4-yl)benzene,'13419-19-7,CCCCCCCCCCCCC(CCC)c1ccccc1,C22H38,302.53712,641.474,NIST
"3,8-diethyldecane",'6224-52-8,CCC(CC)CCCCC(CC)CC,C14H30,198.388,509.565,NIST
"(2R,3S)-2,3-dimethyl-1,4-butanediol",'74939-90-5,C[C@H](CO)[C@@H](C)CO,C6H14O2,118.17416,513.839,NIST
hexyl thiophene-2-carboxylate,'91968-83-1,CCCCCCOC(=O)c1cccs1,C11H16O2S,212.30854,547.627,NIST
6-pentyldodecane,'193072-77-4,CCCCCCC(CCCCC)CCCCC,C17H36,240.46774,567.654,NIST
"3,5-dimethylheptyl acetate",,CCC(C)CC(C)CCOC(C)=O,C11H22O2,186.29118,479.919,NIST
"5-nitro-2-(propan-2-yl)-1,3-dioxane",'28808-21-1,CC(C)[C@H]1OC[C@@H]([N+](=O)[O-])CO1,C7H13NO4,175.18242,508.89,NIST
"1,1,1,3,3-pentachloropropane",'23153-23-3,ClC(Cl)CC(Cl)(Cl)Cl,C3H3Cl5,216.32092,454.745,NIST
"3-iodo-5,5-dimethylhexa-1,3-diene",'98560-10-2,C=CC(I)=CC(C)(C)C,C8H13I,236.09329,467.608,NIST
"1-methoxy-2,4-dinitronaphthalene",'13772-69-5,COc1c([N+](=O)[O-])cc([N+](=O)[O-])c2ccccc12,C11H8N2O5,248.19162,693.177,NIST
N-phenylnonanamide,'55679-48-6,CCCCCCCCC(O)=Nc1ccccc1,C15H23NO,233.34922,666.511,NIST
1-fluoropropane,'460-13-9,CCCF,C3H7F,62.0860832,269.953,NIST
"5-chloro-2-(propan-2-yl)-1,3-dioxane",'28808-19-7,CC(C)[C@H]1OC[C@@H](Cl)CO1,C7H13ClO2,164.62992,462.889,NIST
1-tert-butoxy-2-(2-(hydroxy)propoxy)propane,'58797-58-3,CC(O)COC(C)COC(C)(C)C,C10H22O3,190.27988,,DIPPR
butyl acetoacetate,'591-60-6,CCCCOC(=O)CC(C)=O,C8H14O3,158.19496,491.66,NIST
"1,2,3-trichloro-2-methylbutane",'62521-69-1,CC(Cl)C(C)(Cl)CCl,C5H9Cl3,175.48396,443.316,NIST
"1-bromo-2,4,5-trinitrobenzene",'89464-07-3,O=[N+]([O-])c1cc([N+](=O)[O-])c([N+](=O)[O-])cc1Br,C6H2BrN3O6,292.00058,654.237,NIST
"1,3,5-tribromo-2-methylbenzene",'6320-40-7,Cc1c(Br)cc(Br)cc1Br,C7H5Br3,328.8266,568.861,NIST
1-methyl-2-(propan-2-ylidene)hydrazine,5771-02-0800:00:00,CNN=C(C)C,C4H10N2,86.1356,291.279,NIST
"2,2',5,5'-tetrachlorobiphenyl",'35693-99-3,Clc1ccc(Cl)c(-c2cc(Cl)ccc2Cl)c1,C12H6Cl4,291.98804,636.065,NIST
"1,2,3-trichloro-4,5-dimethylbenzene",'68266-68-2,Cc1cc(Cl)c(Cl)c(Cl)c1C,C8H7Cl3,209.50018,522.917,NIST
3-methylbutanal,'590-86-3,CC(C)CC=O,C5H10O,86.1323,,DIPPR
"2,6-dimethyloctadecane",'75163-97-2,CCCCCCCCCCCCC(C)CCCC(C)C,C20H42,282.54748,605.214,NIST
"3-chloro-1,1'-biphenyl",'2051-61-8,Clc1cccc(-c2ccccc2)c1,C12H9Cl,188.65286,555.511,NIST
"2,3-dihydroxy-2-(hydroxymethyl)propanoic acid",'56309-80-9,O=C(O)C(O)(CO)CO,C4H8O5,136.10332,547.951,NIST
2-methylpentane-2-thiol,'1633-97-2,CCCC(C)(C)S,C6H14S,118.24036,398.175,NIST
"3-(hexylamino)propane-1,2-diol",'83585-48-2,CCCCCCNCC(O)CO,C9H21NO2,175.26854,572.746,NIST
pentyl 2-methylpropanoate,'2445-72-9,CCCCCOC(=O)C(C)C,C9H18O2,158.23802,456.348,NIST
4-(3-methylbutyl)phenol,'1805-61-4,CC(C)CCc1ccc(O)cc1,C11H16O,164.24414,535.605,NIST
"methyl (5Z,8Z,11Z,14Z,17Z)-icosa-5,8,11,14,17-pentaenoate",'2734-47-6,CC/C=C\C/C=C\C/C=C\C/C=C\C/C=C\CCCC(=O)OC,C21H32O2,316.47758,657.773,NIST
3-(2-methylpropyl)cyclohex-1-ene,'4104-56-7,CC(C)CC1C=CCCC1,C10H18,138.24992,447.271,NIST
"(2R,3R)-2,3-dichloropentane",'19490-00-7,CC[C@@H](Cl)[C@@H](C)Cl,C5H10Cl2,141.0389,415.216,NIST
4-isobutylstyrene,'63444-56-4,C=Cc1ccc(CC(C)C)cc1,C12H16,160.25544,509.813,NIST
tetrachloroethene,'127-18-4,ClC(Cl)=C(Cl)Cl,C2Cl4,165.8334,394.252,NIST
1-(hexyloxy)-4-((E)-2-(4-methoxyphenyl)ethenyl)benzene,'35135-44-5,CCCCCCOc1ccc(/C=C/c2ccc(OC)cc2)cc1,C21H26O2,310.42994,686.98,NIST
1-benzyl-4-methylbenzene,'620-83-7,Cc1ccc(Cc2ccccc2)cc1,C14H14,182.26096,553.059,NIST
methyl-3-mercaptopropionate,'2935-90-2,COC(=O)CCS,C4H8O2S,120.17012,,DIPPR
3-(diethylamino)propanenitrile,5351-04-0200:00:00,CCN(CC)CCC#N,C7H14N2,126.19946,468.167,NIST
"1,2,3,4-tetrahydro-1,1'-biphenyl",'15232-96-9,C1=CC(c2ccccc2)CCC1,C12H14,158.23956,516.383,NIST
"1,2,7-trimethyl-4-(propan-2-yl)-2,3-dihydro-1H-indene",'66374-80-9,Cc1ccc(C(C)C)c2c1C(C)C(C)C2,C15H22,202.33518,557.91,NIST
"2-(chloromethyl)-1,3,5-trinitrobenzene",'7176-28-5,O=[N+]([O-])c1cc([N+](=O)[O-])c(CCl)c([N+](=O)[O-])c1,C7H4ClN3O6,261.57616,686.389,NIST
"2,6-dimethyl-3-methylideneheptane",'91351-92-7,C=C(CCC(C)C)C(C)C,C10H20,140.2658,423.134,NIST
"1,2-bis(bromomethyl)-3,4,5,6-tetrachlorobenzene",'54117-67-8,Clc1c(Cl)c(Cl)c(CBr)c(CBr)c1Cl,C8H4Br2Cl4,401.73736,639.657,NIST
2-hydroxy-3-(2-methoxyphenoxy)propyl carbamate,'532-03-6,COc1ccccc1OCC(O)COC(=N)O,C11H15NO5,241.2405,671.295,NIST
diethyl ethylpropanedioate,'133-13-1,CCOC(=O)C(CC)C(=O)OCC,C9H16O4,188.22094,537.137,NIST
"2,2-dimethylpropane-1,3-diyl bis(2-methylprop-2-enoate)",'1985-51-9,C=C(C)C(=O)OCC(C)(C)COC(=O)C(=C)C,C13H20O4,240.2955,541.127,NIST
"1,1,1-trifluoro-5-methylheptane-2,4-dione",'33284-45-6,CCC(C)C(=O)CC(=O)C(F)(F)F,C8H11F3O2,196.1669496,451.747,NIST
6-methyldecan-5-one,'27649-33-8,CCCCC(=O)C(C)CCCC,C11H22O,170.29178,482.946,NIST
"2,2-dichloro-3,3,4-trimethylpentane",'90483-63-9,CC(C)C(C)(C)C(C)(Cl)Cl,C8H16Cl2,183.11864,450.878,NIST
"(2R,4R)-2,4-dichloropentane",'1625-67-8,C[C@@H](Cl)C[C@@H](C)Cl,C5H10Cl2,141.0389,412.716,NIST
3-methylnonanoic acid,'35205-79-9,CCCCCCC(C)CC(=O)O,C10H20O2,172.2646,535.43,NIST
"1,14-dichlorotetradecane",'4168-40-5,ClCCCCCCCCCCCCCCCl,C14H28Cl2,267.27812,599.651,NIST
butyl 3-methylbutanoate,'109-19-3,CCCCOC(=O)CC(C)C,C9H18O2,158.23802,448.895,NIST
"1,3,5-trichloronaphthalene",'51570-43-5,Clc1cc(Cl)c2cccc(Cl)c2c1,C10H5Cl3,231.5057,587.182,NIST
"hept-6-ene-1,3-diyne",'855901-53-0,C#CC#CCC=C,C7H6,90.12254,370.676,NIST
"1,4-dimethyl-2-(1-phenylethyl)benzene",'6165-51-1,Cc1ccc(C)c(C(C)c2ccccc2)c1,C16H18,210.31412,571.014,NIST
3-bromo-4-fluorobenzoic acid,'1007-16-5,O=C(O)c1ccc(F)c(Br)c1,C7H4BrFO2,219.0078632,560.49,NIST
"1,8-dihydroxy-2-(prop-2-en-1-yl)anthracen-9(10H)-one",'229342-67-0,C=CCc1ccc2c(c1O)C(=O)c1c(O)cccc1C2,C17H14O3,266.29126,695.451,NIST
"2-nitro-2-propyl-1,3-propanediol",'5638-92-6,CCCC(CO)(CO)[N+](=O)[O-],C6H13NO4,163.17172,583.936,NIST
"propyl 3,4,5-trihydroxybenzoate",'121-79-9,CCCOC(=O)c1cc(O)c(O)c(O)c1,C10H12O5,212.19928,633.868,NIST
pentafluoroethyl trifluorovinyl ether,'10493-43-3,FC(F)=C(F)OC(F)(F)C(F)(F)F,C4F8O,216.0294256,284.781,NIST
"(2S,3S)-2,3-butanediol",'19132-06-0,C[C@H](O)[C@H](C)O,C4H10O2,90.121,442.179,NIST
1-phenylcyclobutan-1-ol,'935-64-8,OC1(c2ccccc2)CCC1,C10H12O,148.20168,524.556,NIST
1-dodecylpiperidine,'5917-47-5,CCCCCCCCCCCCN1CCCCC1,C17H35N,253.4665,591.875,NIST
2-propyl-1H-benzimidazole,'5465-29-2,CCCc1nc2ccccc2[nH]1,C10H12N2,160.21568,606.037,NIST
2-hydroxybutanedioic acid,'97-67-6,O=C(O)C[C@H](O)C(=O)O,C4H6O5,134.08744,562.727,NIST
6-iodohex-1-yne,'2468-56-6,C#CCCCCI,C6H9I,208.04013,454.175,NIST
nonan-2-yl dodecanoate,'55194-29-1,CCCCCCCCCCCC(=O)OC(C)CCCCCCC,C21H42O2,326.55698,634.574,NIST
3-oxobutanal,'625-34-3,CC(=O)CC=O,C4H6O2,86.08924,379.786,NIST
2-methylbutane-2-peroxol,'3425-61-4,CCC(C)(C)OO,C5H12O2,104.14758,424.853,NIST
"1,1'-methylenebis(1-ethylcyclohexane)",'98028-64-9,CCC1(CC2(CC)CCCCC2)CCCCC1,C17H32,236.43598,561.608,NIST
"3,4,5-trichlorobenzene-1,2-diol",'56961-20-7,Oc1cc(Cl)c(Cl)c(Cl)c1O,C6H3Cl3O2,213.44582,591.446,NIST
5-ethenyl-1-methyl-1H-tetrazole,'15284-40-9,C=Cc1nnnn1C,C4H6N4,110.11724,587.303,NIST
1-chloro-2-(trifluoromethyl)benzene,'88-16-4,FC(F)(F)c1ccccc1Cl,C7H4ClF3,180.5548696,426.055,NIST
"2,2,3,4-tetramethylheptan-3-ol",'91337-08-5,CCCC(C)C(C)(O)C(C)(C)C,C11H24O,172.30766,486.658,NIST
"2,2-dimethylhex-4-en-3-ol",'37674-67-2,CC=CC(O)C(C)(C)C,C8H16O,128.21204,437.848,NIST
octafluoropropane,'76-19-7,FC(F)(F)C(F)(F)C(F)(F)F,C3F8,188.0193256,,DIPPR
bicyclo(2.1.0)pentane,'185-94-4,C1CC2CC12,C5H8,68.11702,319.0,NIST
2-(2-chlorophenyl)-2-(methylamino)cyclohexan-1-one,'6740-88-1,CNC1(c2ccccc2Cl)CCCCC1=O,C13H16ClNO,237.72524,601.547,NIST
"1,2,4,6,8-pentachloronaphthalene",'150224-22-9,Clc1cc(Cl)c2c(Cl)c(Cl)cc(Cl)c2c1,C10H3Cl5,300.39582,636.867,NIST
"2,5,8,11-tetraoxatetradecan-14-amine",'71794-29-1,COCCOCCOCCOCCCN,C10H23NO4,221.29392,571.13,NIST
"2,3-dichlorobuta-1,3-diene",'1653-19-6,C=C(Cl)C(=C)Cl,C4H4Cl2,122.98056,374.205,NIST
"3-tert-butylbenzene-1,2-diol",4026-05-0500:00:00,CC(C)(C)c1cccc(O)c1O,C10H14O2,166.21696,581.389,NIST
(2S)-2-iodopentane,'29882-59-5,CCC[C@H](C)I,C5H11I,198.04531,416.07,NIST
decafluorocyclopentane,'376-77-2,FC1(F)C(F)(F)C(F)(F)C(F)(F)C1(F)F,C5F10,250.037532,295.634,NIST
"2,2'-methylenebis(6,6-dimethylbicyclo(3.1.1)hept-1-ene)",,CC1(C)C2=C(CC3=C4CC(CC3)C4(C)C)CCC1C2,C19H28,256.42562,574.822,NIST
"3,4'-di-tert-butyl-1,1'-biphenyl",'53692-25-4,CC(C)(C)c1ccc(-c2cccc(C(C)(C)C)c2)cc1,C20H26,266.42044,609.736,NIST
ethyl (2Z)-4-chloro-3-methylbut-2-enoate,3927-06-0800:00:00,CCOC(=O)/C=C(/C)CCl,C7H11ClO2,162.61404,470.637,NIST
4-methyl-N-(4-methylphenyl)aniline,'620-93-9,Cc1ccc(Nc2ccc(C)cc2)cc1,C14H15N,197.2756,574.545,NIST
"4-chloro-1,2-dimethylbenzene",'615-60-1,Cc1ccc(Cl)cc1C,C8H9Cl,140.61006,,DIPPR
"2,5-dimethylpyrrolidine",'3378-71-0,CC1CCC(C)N1,C6H13N,99.17412,386.995,NIST
5-chloro-7-iodoquinolin-8-ol,'130-26-7,Oc1c(I)cc(Cl)c2cccnc12,C9H5ClINO,305.49957,650.696,NIST
"(1,1'-bi(cyclopentan))-2-ene",'2690-17-7,C1=CC(C2CCCC2)CC1,C10H16,136.23404,459.448,NIST
N-nonylurea,'28141-55-1,CCCCCCCCCNC(=N)O,C10H22N2O,186.29448,581.928,NIST
"4-methyl-1-phenyl-2,6,7-trioxabicyclo(2.2.2)octane",'70637-00-2,CC12COC(c3ccccc3)(OC1)OC2,C12H14O3,206.23776,579.155,NIST
"3-ethyl-1,1,2,3,5-pentamethyl-2,3-dihydro-1H-indene",'66325-16-4,CCC1(C)c2cc(C)ccc2C(C)(C)C1C,C16H24,216.36176,574.764,NIST
1-methylbicyclo(3.2.1)octane,'3673-75-4,CC12CCCC(CC1)C2,C9H16,124.22334,422.422,NIST
"(1E,4E)-1,5-diphenylpenta-1,4-dien-3-one",'538-58-9,O=C(/C=C/c1ccccc1)/C=C/c1ccccc1,C17H14O,234.29246,663.317,NIST
1-methyl-1-(prop-2-en-1-yl)cyclopentane,'98880-17-2,C=CCC1(C)CCCC1,C9H16,124.22334,411.259,NIST
1-methyl-3-((E)-2-phenylethenyl)benzene,'28495-59-2,Cc1cccc(/C=C/c2ccccc2)c1,C15H14,194.27166,582.607,NIST
1-(methoxymethoxy)propane,'71739-38-3,CCCOCOC,C5H12O2,104.14758,371.955,NIST
fluorocyclohexane,'372-46-3,FC1CCCCC1,C6H11F,102.1499432,376.21,NIST
4-methyl-2-(propan-2-yl)phenol,'4427-56-9,Cc1ccc(O)c(C(C)C)c1,C10H14O,150.21756,504.122,NIST
3-fluorobenzyl chloride,'456-42-8,Fc1cccc(CCl)c1,C7H6ClF,144.5739432,436.069,NIST
1-((butan-2-yl)oxy)-3-methylbutane,'92097-04-6,CCC(C)OCCC(C)C,C9H20O,144.2545,420.425,NIST
bicyclo(3.3.3)undecane,'29415-95-0,C1CC2CCCC(C1)CCC2,C11H20,152.2765,482.502,NIST
(1E)-1-chlorocyclodec-1-ene,'51776-95-5,Cl/C1=C/CCCCCCCC1,C10H17Cl,172.69498,503.82,NIST
ethenyl(triethoxy)silane,'78-08-0,C=C[Si](OCC)(OCC)OCC,C8H18O3Si,190.31222,433.459,NIST
4-hexylphenol,'2446-69-7,CCCCCCc1ccc(O)cc1,C12H18O,178.27072,551.781,NIST
"trans-2-(1-methylethyl)-5-methylsulfinylmethyl-1,3-dioxane",'61523-01-1,CC(C)[C@H]1OC[C@H](CS(C)=O)CO1,C9H18O3S,206.30242,593.6,NIST
4-tert-butylphenol,'98-54-4,CC(C)(C)c1ccc(O)cc1,C10H14O,150.21756,511.15,NIST
octadecanenitrile,'638-65-3,CCCCCCCCCCCCCCCCCC#N,C18H35N,265.4772,627.687,NIST
prop-2-ynenitrile,'1070-71-9,C#CC#N,C3HN,51.04674,333.536,NIST
2-methyloct-3-yne,'55402-15-8,CCCCC#CC(C)C,C9H16,124.22334,416.633,NIST
(1E)-1-(1-methoxyethoxy)prop-1-ene,'62322-64-9,C/C=C/OC(C)OC,C6H12O2,116.15828,380.365,NIST
3-methylbutyl hexadecanoate,'81974-61-0,CCCCCCCCCCCCCCCC(=O)OCCC(C)C,C21H42O2,326.55698,635.393,NIST
nonan-5-one,'502-56-7,CCCCC(=O)CCCC,C9H18O,142.23862,461.548,NIST
"1-methyl-2,6-diphenylpyridin-4(1H)-one",'19792-54-2,Cn1c(-c2ccccc2)cc(=O)cc1-c1ccccc1,C18H15NO,261.3178,649.569,NIST
(2-(2-methylpropyl)octyl)benzene,'101779-90-2,CCCCCCC(Cc1ccccc1)CC(C)C,C18H30,246.4308,575.664,NIST
4-(propan-2-yl)cyclohex-1-ene-1-carbaldehyde,'21391-98-0,CC(C)C1CC=C(C=O)CC1,C10H16O,152.23344,498.728,NIST
"1a,7b-dihydro-1H-cyclopropa(a)naphthalene",'3463-79-4,C1=CC2CC2c2ccccc21,C11H10,142.1971,512.482,NIST
1-ethenyl-4-methylbenzene,'622-97-9,C=Cc1ccc(C)cc1,C9H10,118.1757,,DIPPR
"2-cyclohexyl-1,3,5-trimethylbenzene",4516-10-0300:00:00,Cc1cc(C)c(C2CCCCC2)c(C)c1,C15H22,202.33518,562.025,NIST
"1-ethyl-2,4-dimethylnaphthalene",'66577-14-8,CCc1c(C)cc(C)c2ccccc12,C14H16,184.27684,560.453,NIST
"5,5-diethylhepta-1,3-diene",'1112-70-5,C=CC=CC(CC)(CC)CC,C11H20,152.2765,456.907,NIST
"(2,3-dimethylbut-2-en-1-yl)benzene",'79424-88-7,CC(C)=C(C)Cc1ccccc1,C12H16,160.25544,500.172,NIST
"1,1'-(dodecane-5,8-diyl)dicyclohexane",'760209-95-8,CCCCC(CCC(CCCC)C1CCCCC1)C1CCCCC1,C24H46,334.62204,662.668,NIST
"3,4-dibromohexane",'89583-12-0,CCC(Br)C(Br)CC,C6H12Br2,243.96748,458.629,NIST
1-bromo-8-methylnaphthalene,'33295-37-3,Cc1cccc2cccc(Br)c12,C11H9Br,221.09316,570.186,NIST
"1,4,7-tribromoheptane",'3981-10-0,BrCCCC(Br)CCCBr,C7H13Br3,336.89012,554.83,NIST
"1-chloro-1,2,2-trifluoroethene",'79-38-9,FC(F)=C(F)Cl,C2ClF3,116.4696096,244.85,NIST
"decane-2,7-diol",938739,CCCC(O)CCCCC(C)O,C10H22O2,174.28048,547.427,NIST
"2,4-dichlorobenzotrifluoride",'320-60-5,FC(F)(F)c1ccc(Cl)cc1Cl,C7H3Cl2F3,214.9999296,,DIPPR
"3,3-dimethylnonan-1-ol",'106594-84-7,CCCCCCC(C)(C)CCO,C11H24O,172.30766,507.029,NIST
propan-2-yl prop-2-enoate,'689-12-3,C=CC(=O)OC(C)C,C6H10O2,114.1424,,DIPPR
heptan-2-yl pentanoate,'7155-20-6,CCCCCC(C)OC(=O)CCCC,C12H24O2,200.31776,506.55,NIST
"3,4,8-trimethylnonan-1-ol",'18352-71-1,CC(C)CCCC(C)C(C)CCO,C12H26O,186.33424,531.577,NIST
"cis,cis-3,4-dimethylbicyclo(4.4.0)decane",'83254-73-3,C[C@@H]1C[C@H]2CCCC[C@H]2C[C@@H]1C,C12H22,166.30308,487.579,NIST
"3-ethylpenta-1,3-diene",'687-79-6,C=CC(=CC)CC,C7H12,96.17018,371.813,NIST
propan-1-ol,'71-23-8,CCCO,C3H8O,60.09502,370.187,NIST
dihexyl decanedioate,2449-10-0700:00:00,CCCCCCOC(=O)CCCCCCCCC(=O)OCCCCCC,C22H42O4,370.56648,673.601,NIST
4-methylideneheptane,'15918-08-8,C=C(CCC)CCC,C8H16,112.21264,391.142,NIST
"bis(3,5,5-trimethylhexyl)hexanedioate",'20270-50-2,CC(CCOC(=O)CCCCC(=O)OCCC(C)CC(C)(C)C)CC(C)(C)C,C24H46O4,398.61964,683.974,NIST
"1,2,3,4,5-pentachloro-6-ethylbenzene",'606-07-5,CCc1c(Cl)c(Cl)c(Cl)c(Cl)c1Cl,C8H5Cl5,278.3903,571.536,NIST
5-methylhex-2-yne,'53566-37-3,CC#CCC(C)C,C7H12,96.17018,375.428,NIST
9-ethyl-5-methyltridecan-6-ol,'858844-53-8,CCCCC(CC)CCC(O)C(C)CCCC,C16H34O,242.44056,567.291,NIST
triethyl(methoxy)stannane,'1067-21-6,C[O-].[CH2]C.[CH2]C.[CH2]C.[Sn+],C7H18OSn,236.92722,459.669,NIST
"2-(butan-2-yl)-1,1'-biphenyl",'38784-93-9,CCC(C)c1ccccc1-c1ccccc1,C16H18,210.31412,554.98,NIST
1-chloro-2-(2-chloroethoxy)propane,'52250-75-6,CC(CCl)OCCCl,C5H10Cl2O,157.0383,453.501,NIST
"5a,6,11a,12-tetrahydro(1,4)benzothiazino(3,2-b)(1,4)benzothiazine",'165454-33-1,c1ccc2c(c1)N[C@H]1Sc3ccccc3N[C@H]1S2,C14H12N2S2,272.38848,694.008,NIST
1-iodo-2-methylpropane,'513-38-2,CC(C)CI,C4H9I,184.01873,394.036,NIST
cyclobutyl chloride,'1120-57-6,ClC1CCC1,C4H7Cl,90.55138,359.635,NIST
"2,4-dinitro-N-propylaniline",'13059-84-2,CCCNc1ccc([N+](=O)[O-])cc1[N+](=O)[O-],C9H11N3O4,225.20134,627.375,NIST
propane-2-thiol,'75-33-2,CC(C)S,C3H8S,76.16062,,DIPPR
5-butyl-6-hexyloctahydro-1H-indene,'55044-36-5,CCCCCCC1CC2CCCC2CC1CCCC,C19H36,264.48914,606.519,NIST
bicyclo(5.1.0)octane,'286-43-1,C1CCC2CC2CC1,C8H14,110.19676,402.948,NIST
4-ethyl-2-methyl-1-(3-methylbutyl)benzene,'871891-88-2,CCc1ccc(CCC(C)C)c(C)c1,C14H22,190.32448,528.733,NIST
"4,4,5,5-tetrafluoro-2-(trifluoromethyl)-1,3-dioxolane",'269716-57-6,FC(F)(F)C1OC(F)(F)C(F)(F)O1,C4HF7O2,214.0383624,304.619,NIST
2-methylbutanedioic acid,'498-21-5,CC(CC(=O)O)C(=O)O,C5H8O4,132.11462,582.383,NIST
"ethane-1,2-diyl dinitrate",'628-96-6,O=[N+]([O-])OCCO[N+](=O)[O-],C2H4N2O6,152.06296,,DIPPR
5-chlorododecane,'2350-14-3,CCCCCCCC(Cl)CCCC,C12H25Cl,204.7799,531.484,NIST
"N,N-diethyl-2,6-dinitroaniline",'10156-48-6,CCN(CC)c1c([N+](=O)[O-])cccc1[N+](=O)[O-],C10H13N3O4,239.22792,620.761,NIST
"2,2-diethyloxirane",'1192-17-2,CCC1(CC)CO1,C6H12O,100.15888,378.625,NIST
1-methyl-1H-pyrrole-2-carboxylic acid,'6973-60-0,Cn1cccc1C(=O)O,C6H7NO2,125.12528,569.945,NIST
1-ethyl-4-octadecylbenzene,'2655-91-6,CCCCCCCCCCCCCCCCCCc1ccc(CC)cc1,C26H46,358.64344,654.775,NIST
"5-ethyl-1,3-dimethylpyrimidine-2,4(1H,3H)-dione",'31703-08-9,CCc1cn(C)c(=O)n(C)c1=O,C8H12N2O2,168.19308,614.48,NIST
2-methylhexanoic acid,'4536-23-6,CCCCC(C)C(=O)O,C7H14O2,130.18486,487.034,NIST
4-((2-methylacryloyl)oxy)benzoic acid,'15721-10-5,C=C(C)C(=O)Oc1ccc(C(=O)O)cc1,C11H10O4,206.1947,597.107,NIST
(2-benzylbut-1-en-1-yl)benzene,'93436-34-1,CCC(=Cc1ccccc1)Cc1ccccc1,C17H18,222.32482,598.428,NIST
4-nitronaphthalen-2-amine,'3230-33-9,Nc1cc([N+](=O)[O-])c2ccccc2c1,C10H8N2O2,188.18272,654.175,NIST
(fluoromethyl)cyclopropane,'33611-64-2,FCC1CC1,C4H7F,74.0967832,305.994,NIST
"2-cyclopentyl-1,3,5-trimethylcyclohexane",'854448-46-7,CC1CC(C)C(C2CCCC2)C(C)C1,C14H26,194.35624,525.672,NIST
2-methoxybenzoic acid,'579-75-9,COc1ccccc1C(=O)O,C8H8O3,152.14732,569.955,NIST
heptyl (naphthalen-2-yl)acetate,'2876-65-5,CCCCCCCOC(=O)Cc1ccc2ccccc2c1,C19H24O2,284.39266,668.3,NIST
(E)-N-(4-ethoxyphenyl)-1-(4-(hexyloxy)phenyl)methanimine,'60797-38-8,CCCCCCOc1ccc(/C=N/c2ccc(OCC)cc2)cc1,C21H27NO2,325.44458,680.33,NIST
"1,2,3,5-tetrazine",'592-59-6,c1ncnnn1,C2H2N4,82.06408,390.983,NIST
"1,1'-(4,9-dimethyldodecane-5,8-diyl)dicyclopentane",,CCCC(C)C(CCC(C(C)CCC)C1CCCC1)C1CCCC1,C24H46,334.62204,649.101,NIST
"1,2-dibromo-2-methylhexane",'876478-81-8,CCCCC(C)(Br)CBr,C7H14Br2,257.99406,476.282,NIST
"2,2-dimethylheptan-4-yl 3,3-dimethylbutanoate",,CCCC(CC(C)(C)C)OC(=O)CC(C)(C)C,C15H30O2,242.3975,514.28,NIST
"1H-1,2,3-triazole",'288-36-8,c1c[nH]nn1,C2H3N3,69.06532,484.513,NIST
"2,4-trans,4,5-cis-4,5-diethyl-2-methyl-1,3-dioxolane",'29923-93-1,CC[C@@H]1O[C@@H](C)O[C@@H]1CC,C8H16O2,144.21144,429.954,NIST
but-2-enoic acid,'3724-65-0,CC=CC(=O)O,C4H6O2,86.08924,455.644,NIST
2-((E)-((4-butylphenyl)imino)methyl)-5-methoxyphenol,'30633-94-4,CCCCc1ccc(/N=C/c2ccc(OC)cc2O)cc1,C18H21NO2,283.36484,675.376,NIST
1-chloro-4-ethylbenzene,'622-98-0,CCc1ccc(Cl)cc1,C8H9Cl,140.61006,457.548,NIST
N-ethylethanamine,'109-89-7,CCNCC,C4H11N,73.13684,,DIPPR
"octa-2,4,6-triene",'764-75-0,CC=C/C=C/C=CC,C8H12,108.18088,412.308,NIST
1-(ethanesulfonyl)butane,'31124-38-6,CCCCS(=O)(=O)CC,C6H14O2S,150.23916,536.66,NIST
ethyl 4-methoxybenzoate,'94-30-4,CCOC(=O)c1ccc(OC)cc1,C10H12O3,180.20048,539.135,NIST
"3-(2-methylpropyl)pentane-2,4-dione",'1540-37-0,CC(=O)C(CC(C)C)C(C)=O,C9H16O2,156.22214,483.876,NIST
"1-dodecyl-1,2,3,4-tetrahydronaphthalene",,CCCCCCCCCCCCC1CCCc2ccccc21,C22H36,300.52124,669.037,NIST
1-methoxy-4-(1-(2-methoxyethoxy)ethyl)benzene,'94670-20-9,COCCOC(C)c1ccc(OC)cc1,C12H18O3,210.26952,551.161,NIST
2-methylhept-3-ene,'17618-76-7,CCCC=CC(C)C,C8H16,112.21264,390.602,NIST
2-ethylhexanal,'123-05-7,CCCCC(C=O)CC,C8H16O,128.21204,433.611,NIST
1-methylspiro(2.4)heptane,'144001-61-6,CC1CC12CCCC2,C8H14,110.19676,419.569,NIST
2-((butan-2-yl)oxy)-3-methylbut-2-ene,'56798-17-5,CCC(C)OC(C)=C(C)C,C9H18O,142.23862,410.983,NIST
octadecanal,'638-66-4,CCCCCCCCCCCCCCCCCC=O,C18H36O,268.47784,612.029,NIST
"1,2,3,4,10,10-hexachloro-1,4,4a,5,8,8a-hexahydro-1,4:5,8-dimethanonaphthalene",'309-00-2,ClC1=C(Cl)[C@]2(Cl)[C@H]3[C@H]([C@H]4C=C[C@@H]3C4)[C@@]1(Cl)C2(Cl)Cl,C12H8Cl6,364.90992,634.822,NIST
2-methyl-1-phenyl-2-(piperidin-1-yl)propan-1-one,'13430-30-3,CC(C)(C(=O)c1ccccc1)N1CCCCC1,C15H21NO,231.33334,591.986,NIST
undecan-1-amine,'7307-55-3,CCCCCCCCCCCN,C11H25N,171.3229,503.638,NIST
"1,2-dibromobutane",'533-98-2,CCC(Br)CBr,C4H8Br2,215.91432,439.324,NIST
heptyl pyridine-3-carboxylate,'100618-60-8,CCCCCCCOC(=O)c1cccnc1,C13H19NO2,221.29546,596.631,NIST
"1,1,2,2,2-pentafluoro-N,N-bis(pentafluoroethyl)ethan-1-amine",'359-70-6,FC(F)(F)C(F)(F)N(C(F)(F)C(F)(F)F)C(F)(F)C(F)(F)F,C6F15N,371.046948,343.499,NIST
"2,3,4,4a,9,9a-hexahydro-1H-fluorene",'1559-97-3,c1ccc2c(c1)CC1CCCCC21,C13H16,172.26614,555.428,NIST
3-phenylquinoline,'1666-96-2,c1ccc(-c2cnc3ccccc3c2)cc1,C15H11N,205.25454,656.53,NIST
(aminomethyl)cyclopropane,'2516-47-4,NCC1CC1,C4H9N,71.12096,352.553,NIST
2-ethylpyridine,'100-71-0,CCc1ccccn1,C7H9N,107.15306,422.054,NIST
(7Z)-octadec-7-ene,'7206-35-1,CCCCCC/C=C\CCCCCCCCCC,C18H36,252.47844,582.388,NIST
(henicosan-11-yl)cyclohexane,'6703-99-7,CCCCCCCCCCC(CCCCCCCCCC)C1CCCCC1,C27H54,378.71766,681.435,NIST
"2,2,3,5,5-pentamethyl-4-methylidenehexane",'105903-60-4,C=C(C(C)C(C)(C)C)C(C)(C)C,C12H24,168.31896,459.479,NIST
"4,5-dimethylhept-2-ene",'64780-96-7,CC=CC(C)C(C)CC,C9H18,126.23922,408.681,NIST
1-butoxyhexane,'54459-71-1,CCCCCCOCCCC,C10H22O,158.28108,459.268,NIST
"3,3'-disulfanediyldipropanoic acid",'1119-62-6,O=C(O)CCSSCCC(=O)O,C6H10O4S2,210.2712,621.226,NIST
"(2R,3S)-2-ethyl-3-methyloxirane",'3203-99-4,CC[C@H]1O[C@H]1C,C5H10O,86.1323,359.571,NIST
ethyl nitroacetate,'626-35-7,CCOC(=O)C[N+](=O)[O-],C4H7NO4,133.10268,470.238,NIST
"cis-2-methoxy-4-methyl-1,3-dioxane",'17230-32-9,CO[C@H]1OCC[C@@H](C)O1,C6H12O3,132.15768,423.315,NIST
"1,4-dibromo-2,3-dimethylbutane",'54462-70-3,CC(CBr)C(C)CBr,C6H12Br2,243.96748,479.685,NIST
"(2,4-dichlorophenoxy)acetic acid",'94-75-7,O=C(O)COc1ccc(Cl)cc1Cl,C8H6Cl2O3,221.03744,609.753,NIST
1-methyl-4-(prop-1-en-1-yl)benzene,'2698-14-8,CC=Cc1ccc(C)cc1,C10H12,132.20228,478.697,NIST
phenylmethylene diacetate,'581-55-5,CC(=O)OC(OC(C)=O)c1ccccc1,C11H12O4,208.21058,533.04,NIST
1-(methyl((4-methylphenyl)methyl)amino)propan-2-one,'854670-38-5,CC(=O)CN(C)Cc1ccc(C)cc1,C12H17NO,191.26948,541.718,NIST
bromoacetic acid,1979-08-0300:00:00,O=C(O)CBr,C2H3BrO2,138.94802,463.573,NIST
2-tert-butyl-4-methyl-6-(1-phenylethyl)phenol,'1706-65-6,Cc1cc(C(C)c2ccccc2)c(O)c(C(C)(C)C)c1,C19H24O,268.39326,662.202,NIST
1-chloro-1-methylcycloheptane,'66344-68-1,CC1(Cl)CCCCCC1,C8H15Cl,146.6577,452.654,NIST
1-butylpiperazine,'5610-49-1,CCCCN1CCNCC1,C8H18N2,142.24192,460.111,NIST
3-methyl-1-((2-methylbutan-2-yl)oxy)butane,'69161-49-5,CCC(C)(C)OCCC(C)C,C10H22O,158.28108,443.717,NIST
"1,3-diaminopentane",'589-37-7,CCC(N)CCN,C5H14N2,102.17806,433.845,NIST
trans-2-phenylcyclopropane-1-carboxylic acid,'939-90-2,O=C(O)[C@@H]1C[C@H]1c1ccccc1,C10H10O2,162.1852,556.04,NIST
1-(thiophen-2-yl)butan-1-one,'5333-83-5,CCCC(=O)c1cccs1,C8H10OS,154.2294,512.844,NIST
"2,2'-azobis(isobutyronitrile)",'78-67-1,CC(C)(C#N)N=NC(C)(C)C#N,C8H12N4,164.20768,377.973,NIST
"2,3-dimethoxy-5-methylcyclohexa-2,5-diene-1,4-dione",'605-94-7,COC1=C(OC)C(=O)C(C)=CC1=O,C9H10O4,182.1733,551.513,NIST
butyl (9E)-octadec-9-enoate,'22147-33-7,CCCCCCCC/C=C/CCCCCCCC(=O)OCCCC,C22H42O2,338.56768,653.091,NIST
1-(propan-2-yl)naphthalene,'6158-45-8,CC(C)c1cccc2ccccc12,C13H14,170.25026,542.525,NIST
2-hydroxybenzamide,'65-45-2,N=C(O)c1ccccc1O,C7H7NO2,137.13598,582.385,NIST
3-methylhex-5-en-3-ol,'1569-44-4,C=CCC(C)(O)CC,C7H14O,114.18546,391.127,NIST
pentan-2-yl trifluoroacetate,'90991-71-2,CCCC(C)OC(=O)C(F)(F)F,C7H11F3O2,184.1562496,389.253,NIST
1-bromo-4-nitrobenzene,'586-78-7,O=[N+]([O-])c1ccc(Br)cc1,C6H4BrNO2,202.00546,527.325,NIST
"2,2,3,4-tetramethylhexane",'52897-08-2,CCC(C)C(C)C(C)(C)C,C10H22,142.28168,430.018,NIST
(6E)-octadec-6-enoic acid,'593-40-8,CCCCCCCCCCC/C=C/CCCCC(=O)O,C18H34O2,282.46136,625.198,NIST
dibromofluoromethane,'1868-53-7,FC(Br)Br,CHBr2F,191.8250432,350.575,NIST
"2,2,3-trimethylbutane",'464-06-2,CC(C)C(C)(C)C,C7H16,100.20194,,DIPPR
"1,2-dichloro-3-methylbutane",'600-10-2,CC(C)C(Cl)CCl,C5H10Cl2,141.0389,416.864,NIST
N-ethylpentan-1-amine,'17839-26-8,CCCCCNCC,C7H17N,115.21658,410.197,NIST
2-dodecyl-1-methyl-4-(propan-2-yl)cyclohexane,'854252-60-1,CCCCCCCCCCCCC1CC(C(C)C)CCC1C,C22H44,308.58476,629.871,NIST
3-thianonane,'7309-44-6,CCCCCCSCC,C8H18S,146.29352,458.909,NIST
alpha-methylbenzyl alcohol formate,'7775-38-4,CC(OC=O)c1ccccc1,C9H10O2,150.1745,,DIPPR
dodecanal,'112-54-9,CCCCCCCCCCCC=O,C12H24O,184.31836,518.91,NIST
"4-(1,1,2,2-tetrafluoroethoxy)aniline",'713-62-2,Nc1ccc(OC(F)(F)C(F)F)cc1,C8H7F4NO,209.1408928,495.246,NIST
3-propyloctan-2-yl acetate,,CCCCCC(CCC)C(C)OC(C)=O,C13H26O2,214.34434,517.886,NIST
"1,2-dichloro-4-ethenylbenzene",'2039-83-0,C=Cc1ccc(Cl)c(Cl)c1,C8H6Cl2,173.03924,504.462,NIST
"2,2,6,10,10-pentamethylundec-5-ene",'859787-41-0,CC(=CCCC(C)(C)C)CCCC(C)(C)C,C16H32,224.42528,535.253,NIST
trans-1-methyl-3-propylcyclobutane,'1089706-64-8,CCC[C@H]1C[C@H](C)C1,C8H16,112.21264,389.327,NIST
"cis,trans,cis,cis-3,4,8-trimethylbicyclo(4.4.0)decane",,C[C@H]1CC[C@H]2C[C@@H](C)[C@H](C)C[C@H]2C1,C13H24,180.32966,494.487,NIST
"3,4-dideoxyhexitol",'5581-21-5,OCC(O)CCC(O)CO,C6H14O4,150.17296,618.581,NIST
3-cyclohexylpropanoic acid,'701-97-3,O=C(O)CCC1CCCCC1,C9H16O2,156.22214,537.991,NIST
cyclododecane,'294-62-2,C1CCCCCCCCCCC1,C12H24,168.31896,517.131,NIST
"9,10-dibromoanthracene",'523-27-3,Brc1c2ccccc2c(Br)c2ccccc12,C14H8Br2,336.02132,683.448,NIST
"1,2-dichloro-4,5-dimethyl-3-nitrobenzene",'854861-47-5,Cc1cc(Cl)c(Cl)c([N+](=O)[O-])c1C,C8H7Cl2NO2,220.05268,571.569,NIST
"2,5,5-trichloro-1,7-bis(dichloromethyl)-7-methylbicyclo(2.2.1)heptane",'177334-49-5,C[C@@]1(C(Cl)Cl)[C@@H]2C[C@H](Cl)[C@@]1(C(Cl)Cl)CC2(Cl)Cl,C10H11Cl7,379.36534,640.673,NIST
"1,4-bis((2-ethylhexyl)oxy)benzene",'110126-93-7,CCCCC(CC)COc1ccc(OCC(CC)CCCC)cc1,C22H38O2,334.53592,660.809,NIST
trans-3-methylcyclohexan-1-ol,'7443-55-2,C[C@@H]1CCC[C@@H](O)C1,C7H14O,114.18546,,DIPPR
(3-ethylhexan-3-yl)cyclohexane,'861538-36-5,CCCC(CC)(CC)C1CCCCC1,C14H28,196.37212,519.805,NIST
"2,4-dimethyl-1-(prop-1-en-1-yl)benzene",'74532-95-9,CC=Cc1ccc(C)cc1C,C11H14,146.22886,487.85,NIST
"1,3-dichloro-5-methoxybenzene",'33719-74-3,COc1cc(Cl)cc(Cl)c1,C7H6Cl2O,177.02794,514.401,NIST
"(2,4-dimethylpentan-2-yl)cyclohexane",'855414-91-4,CC(C)CC(C)(C)C1CCCCC1,C13H26,182.34554,493.661,NIST
dipropan-2-yl (2Z)-but-2-enedioate,'10099-70-4,CC(C)OC(=O)/C=C\C(=O)OC(C)C,C10H16O4,200.23164,509.643,NIST
"methyl 2-(acetyloxy)-5-nitro-2,5-dihydrofuran-2-carboxylate",'22401-53-2,COC(=O)C1(OC(C)=O)C=CC([N+](=O)[O-])O1,C8H9NO7,231.15956,565.891,NIST
"4-(decan-4-yl)-1,1'-bi(cyclohexane)",'53250-36-5,CCCCCCC(CCC)C1CCC(C2CCCCC2)CC1,C22H42,306.56888,637.229,NIST
"N,N,N',N'-tetramethyl-6-(4-methyl-1-piperazinyl)-1,3,5-triazine-2,4-diamine",'5512-05-0,CN1CCN(c2nc(N(C)C)nc(N(C)C)n2)CC1,C12H23N7,265.35792,646.386,NIST
"4,4-dimethyl-3-(propan-2-yl)pentan-1-ol",'66719-51-5,CC(C)C(CCO)C(C)(C)C,C10H22O,158.28108,475.57,NIST
"4-(but-2-en-2-yl)-1,2-dimethylbenzene",'180963-06-8,CC=C(C)c1ccc(C)c(C)c1,C12H16,160.25544,519.064,NIST
1-chloro-2-((2-chloroethoxy)methoxy)ethane,'111-91-1,ClCCOCOCCCl,C5H10Cl2O2,173.0377,489.484,NIST
"(5,9-dimethyldeca-1,3,9-trien-1-yl)benzene",'681466-23-9,C=C(C)CCCC(C)/C=C/C=Cc1ccccc1,C18H24,240.38316,603.148,NIST
"2,5-dibromobenzoic acid",'610-71-9,O=C(O)c1cc(Br)ccc1Br,C7H4Br2O2,279.91346,581.617,NIST
4-ethoxy-4-oxobutanoic acid,'1070-34-4,CCOC(=O)CCC(=O)O,C6H10O4,146.1412,519.825,NIST
2-(4-ethylphenyl)ethan-1-ol,'22545-13-7,CCc1ccc(CCO)cc1,C10H14O,150.21756,523.522,NIST
5-thiapentadecane,'19313-57-6,CCCCCCCCCCSCCCC,C14H30S,230.453,567.752,NIST
3-methylcyclohexyl acetate,'22597-21-3,CC(=O)OC1CCCC(C)C1,C9H16O2,156.22214,454.76,NIST
"1,4,7-trimethyl-2,3-dihydro-1H-indene",'54340-87-3,Cc1ccc(C)c2c1CCC2C,C12H16,160.25544,526.622,NIST
"benzo(b)thiophene 1,1-dioxide",'825-44-5,O=S1(=O)C=Cc2ccccc21,C8H6O2S,166.19704,652.102,NIST
"5-methyl-3a,4,7,7a-tetrahydro-2-benzofuran-1,3-dione",'3425-89-6,CC1=CCC2C(=O)OC(=O)C2C1,C9H10O3,166.1739,537.647,NIST
5-butylicosane,'13287-06-4,CCCCCCCCCCCCCCCC(CCCC)CCCC,C24H50,338.6538,650.77,NIST
"1,4'-bipiperidine",'4897-50-1,C1CCN(C2CCNCC2)CC1,C10H20N2,168.2792,518.836,NIST
"3,6,9,12-tetraoxahexadecan-1-ol",'1559-34-8,CCCCOCCOCCOCCOCCO,C12H26O5,250.33184,,DIPPR
(tridecan-4-yl)benzene,'4534-51-4,CCCCCCCCCC(CCC)c1ccccc1,C19H32,260.45738,597.862,NIST
2-phenyloxirane,1996-09-0300:00:00,c1ccc(C2CO2)cc1,C8H8O,120.14852,470.21,NIST
3-ethyldec-1-ene,'332837-34-0,C=CC(CC)CCCCCCC,C12H24,168.31896,482.484,NIST
butyl(trifluoro)silane,'371-93-7,CCCC[Si](F)(F)F,C4H9F3Si,142.1949696,325.531,NIST
"2-ethylcyclohexane-1,3-dione",'18456-78-5,CCC1C(=O)CCCC1=O,C8H12O2,140.17968,496.179,NIST
spiro(5.5)undec-2-ene,'1712-47-6,C1=CCC2(CC1)CCCCC2,C11H18,150.26062,482.419,NIST
4H-cyclopenta(def)phenanthrene,'203-64-5,c1cc2c3c(c1)ccc1cccc(c13)C2,C15H10,190.2399,632.123,NIST
"5,6-dimethylpyrimidine-2,4-diol",'26305-13-5,Cc1nc(O)nc(O)c1C,C6H8N2O2,140.13992,676.822,NIST
"3,6,11-trimethyldodecan-6-ol",'859310-21-7,CCC(C)CCC(C)(O)CCCCC(C)C,C15H32O,228.41398,552.3,NIST
"2,5-dichloropyrimidine",'22536-67-0,Clc1cnc(Cl)nc1,C4H2Cl2N2,148.97808,457.083,NIST
"4-(N-(2,4-dimethylphenyl)ethanimidoyl)-6-ethylbenzene-1,3-diol",'586356-62-9,CCc1cc(C(C)=Nc2ccc(C)cc2C)c(O)cc1O,C18H21NO2,283.36484,692.012,NIST
cis-octadecafluorodecahydronaphthalene,'60433-11-6,FC1(F)C(F)(F)C(F)(F)[C@]2(F)C(F)(F)C(F)(F)C(F)(F)C(F)(F)[C@]2(F)C1(F)F,C10F18,462.0782576,415.045,NIST
4-(pentan-2-yl)phenol,1994-06-0400:00:00,CCCC(C)c1ccc(O)cc1,C11H16O,164.24414,539.024,NIST
ethyl (9Z)-hexadec-9-enoate,'56219-10-4,CCCCCC/C=C\CCCCCCCC(=O)OCC,C18H34O2,282.46136,603.789,NIST
4-ethenylcyclohex-1-ene,'100-40-3,C=CC1CC=CCC1,C8H12,108.18088,,DIPPR
"3-ethyl-3-methylpenta-1,4-diene",'875226-62-3,C=CC(C)(C=C)CC,C8H14,110.19676,374.358,NIST
ethyl methylcarbamate,'105-40-8,CCOC(O)=NC,C4H9NO2,103.11976,442.286,NIST
"dimethyl trans-decahydronaphthalene-2,2-diacetate",,COC(=O)CC1(CC(=O)OC)CC[C@H]2CCCC[C@@H]2C1,C16H26O4,282.37524,604.163,NIST
"2,2,7,7-tetramethylocta-3,5-diyne",'6130-98-9,CC(C)(C)C#CC#CC(C)(C)C,C12H18,162.27132,492.317,NIST
ethyl 2-butylnonanoate,,CCCCCCCC(CCCC)C(=O)OCC,C15H30O2,242.3975,554.981,NIST
ethanesulfonyl chloride,'594-44-5,CCS(=O)(=O)Cl,C2H5ClO2S,128.5779,,DIPPR
3-ethenylphenol,'620-18-8,C=Cc1cccc(O)c1,C8H8O,120.14852,510.398,NIST
propan-2-yl 3-methylbut-2-enoate,'25859-51-2,CC(C)=CC(=O)OC(C)C,C8H14O2,142.19556,429.995,NIST
"2,6-dimethylhept-3-yne",'19549-97-4,CC(C)C#CCC(C)C,C9H16,124.22334,405.631,NIST
1-cyclopentylpropan-1-ol,'19833-89-7,CCC(O)C1CCCC1,C8H16O,128.21204,450.545,NIST
butan-2-yl hexadecanoate,'32153-86-9,CCCCCCCCCCCCCCCC(=O)OC(C)CC,C20H40O2,312.5304,622.339,NIST
(3R)-3-methyl-1-pentanol,'70224-28-1,CC[C@@H](C)CCO,C6H14O,102.17476,428.95,NIST
"4-bromo-4'-methyl-1,1'-biphenyl",'50670-49-0,Cc1ccc(-c2ccc(Br)cc2)cc1,C13H11Br,247.13044,585.688,NIST
heptyl pyridine-2-carboxylate,'100618-66-4,CCCCCCCOC(=O)c1ccccn1,C13H19NO2,221.29546,585.329,NIST
naphthalen-2-yl benzoate,'93-44-7,O=C(Oc1ccc2ccccc2c1)c1ccccc1,C17H12O2,248.27598,651.97,NIST
(E)-N-(4-butoxyphenyl)-1-(4-ethoxyphenyl)methanimine,'14921-47-2,CCCCOc1ccc(/N=C/c2ccc(OCC)cc2)cc1,C19H23NO2,297.39142,658.072,NIST
(prop-1-en-2-yl)cyclooctane,,C=C(C)C1CCCCCCC1,C11H20,152.2765,479.21,NIST
bicyclo(10.2.2)hexadecane,'284-67-3,C1CCCCCC2CCC(CCCC1)CC2,C16H30,222.4094,565.339,NIST
3-nitronaphthalen-1-amine,'3229-86-5,Nc1cc([N+](=O)[O-])cc2ccccc12,C10H8N2O2,188.18272,654.175,NIST
6-nitroquinoline,'613-50-3,O=[N+]([O-])c1ccc2ncccc2c1,C9H6N2O2,174.15614,631.892,NIST
1-isocyanatopropane,'110-78-1,CCCN=C=O,C4H7NO,85.10448,358.531,NIST
oct-1-en-3-one,'4312-99-6,C=CC(=O)CCCCC,C8H14O,126.19616,443.103,NIST
2-(2-(2-methylbutoxy)ethoxy)ethan-1-ol,'169505-10-6,CCC(C)COCCOCCO,C9H20O3,176.2533,515.092,NIST
"dec-2-yne-1,4-diol",'71393-78-7,CCCCCCC(O)C#CCO,C10H18O2,170.24872,570.626,NIST
"5-((methylsulfanyl)methyl)-2-(propan-2-yl)-1,3-dioxane",'61522-98-3,CSC[C@H]1CO[C@@H](C(C)C)OC1,C9H18O2S,190.30302,514.75,NIST
"1,2-dibromo-2-methylpropane",'594-34-3,CC(C)(Br)CBr,C4H8Br2,215.91432,422.554,NIST
"9,10-bis(3-methylbutyl)-9,10-dihydroanthracene",'876497-00-6,CC(C)CCC1c2ccccc2C(CCC(C)C)c2ccccc21,C24H32,320.51088,696.805,NIST
"2,4,6-trichloroaniline",'634-93-5,Nc1c(Cl)cc(Cl)cc1Cl,C6H4Cl3N,196.46166,552.875,NIST
"1,1,1,2,3,4,5,5,5-nonafluoro-4-(trifluoromethyl)pent-2-ene",'2070-70-4,FC(=C(F)C(F)(C(F)(F)F)C(F)(F)F)C(F)(F)F,C6F12,300.0450384,320.74,NIST
"1,2-dimethylidenecyclohexane",'2819-48-9,C=C1CCCCC1=C,C8H12,108.18088,400.894,NIST
4-methyl-1-octen-4-ol,'62108-06-9,C=CCC(C)(O)CCCC,C9H18O,142.23862,459.299,NIST
"1,8-dihydroxyanthracen-9(10H)-one",'1143-38-0,O=C1c2c(O)cccc2Cc2cccc(O)c21,C14H10O3,226.2274,664.86,NIST
"(4,6,6-trimethylheptyl)benzene",'872306-85-9,CC(CCCc1ccccc1)CC(C)(C)C,C16H26,218.37764,539.113,NIST
(8Z)-octadec-8-ene,'7206-36-2,CCCCCCC/C=C\CCCCCCCCC,C18H36,252.47844,584.691,NIST
2-propoxypropan-1-ol,'10215-30-2,CCCOC(C)CO,C6H14O2,118.17416,423.934,NIST
"4,4,5,5-tetramethylheptan-2-one",'100533-99-1,CCC(C)(C)C(C)(C)CC(C)=O,C11H22O,170.29178,491.094,NIST
"3,5,7,9,10-pentachloro-2,2,3,4,4,5,6,6,7,8,8,9,10,10-tetradecafluorodecanoic acid",'335-74-0,O=C(O)C(F)(F)C(F)(Cl)C(F)(F)C(F)(Cl)C(F)(F)C(F)(Cl)C(F)(F)C(F)(Cl)C(F)(F)Cl,C10HCl5F14O2,596.3563848,588.913,NIST
(hex-1-yn-1-yl)benzene,'1129-65-3,CCCCC#Cc1ccccc1,C12H14,158.23956,512.22,NIST
1-methyl-3-(prop-1-en-2-yl)cyclohexane,'16605-36-0,C=C(C)C1CCCC(C)C1,C10H18,138.24992,442.554,NIST
"(5E)-6-tert-butyl-4-oxa-8-thia-2,5-diazanon-5-en-3-one",'75013-98-8,CN=C(O)O/N=C(/CSC)C(C)(C)C,C9H18N2O2S,218.31642,573.297,NIST
"1-benzyl-2,4-dimethylbenzene",'28122-28-3,Cc1ccc(Cc2ccccc2)c(C)c1,C15H16,196.28754,566.567,NIST
2-methyloctan-1-ol,'818-81-5,CCCCCCC(C)CO,C9H20O,144.2545,479.213,NIST
"dimethyl 2,3,5,6-tetrachlorobenzene-1,4-dicarboxylate",'1861-32-1,COC(=O)c1c(Cl)c(Cl)c(C(=O)OC)c(Cl)c1Cl,C10H6Cl4O4,331.96424,642.293,NIST
(prop-1-en-1-yl)benzene,'637-50-3,CC=Cc1ccccc1,C9H10,118.1757,450.628,NIST
tert-butoxycyclohexane,'25246-83-7,CC(C)(C)OC1CCCCC1,C10H20O,156.2652,448.148,NIST
cyclohex-3-en-1-ol,'822-66-2,OC1CC=CCC1,C6H10O,98.143,442.029,NIST
5-ethyl-5-methylnonane,'14531-16-9,CCCCC(C)(CC)CCCC,C12H26,170.33484,478.271,NIST
"5-methoxy-2-(propan-2-yl)-1,3-dioxane",'28808-16-4,CO[C@H]1CO[C@@H](C(C)C)OC1,C8H16O3,160.21084,457.249,NIST
"1,2,5,5-tetramethylbicyclo(2.2.1)hept-2-ene",'857788-33-1,CC1=CC2CC1(C)CC2(C)C,C11H18,150.26062,437.054,NIST
rhenium heptoxide,'1314-68-7,[O].[O].[O].[O].[O].[O].[O].[Re].[Re],O7Re2,484.4098,632.219,NIST
"(3E)-2,4-dimethylhex-3-ene",'61847-78-7,CC/C(C)=C/C(C)C,C8H16,112.21264,380.374,NIST
"2,2-dimethyl-3-methylidenepentane",'18231-53-3,C=C(CC)C(C)(C)C,C8H16,112.21264,384.959,NIST
1-chloro-3-methylpentane,'62016-93-7,CCC(C)CCCl,C6H13Cl,120.62042,402.989,NIST
"bis(3,5,5-trimethylhexyl)phthalate",'20548-62-3,CC(CCOC(=O)c1ccccc1C(=O)OCCC(C)CC(C)(C)C)CC(C)(C)C,C26H42O4,418.60928,681.058,NIST
(1S)-N-benzyl-1-phenylethanamine,'17480-69-2,C[C@H](NCc1ccccc1)c1ccccc1,C15H17N,211.30218,583.384,NIST
(but-1-en-3-yn-1-yl)benzene,'5622-76-4,C#CC=Cc1ccccc1,C10H8,128.17052,511.014,NIST
2-chlorohex-1-ene,'10124-73-9,C=C(Cl)CCCC,C6H11Cl,118.60454,387.049,NIST
"1,3-di(pentan-2-yl)benzene",'1020-38-8,CCCC(C)c1cccc(C(C)CCC)c1,C16H26,218.37764,552.638,NIST
N-(4-(propan-2-yl)phenyl)-3-thia-1-azabicyclo(3.3.1)nonan-2-imine,'1778735-15-1,CC(C)c1ccc(N=C2SCC3CCCN2C3)cc1,C16H22N2S,274.42428,641.53,NIST
"5,8-dibutyldodecane",'695203-07-7,CCCCC(CCCC)CCC(CCCC)CCCC,C20H42,282.54748,590.993,NIST
"7'-ethyl-3',4'-dihydro-1'H-spiro(cyclohexane-1,2'-naphthalene)",'873970-58-2,CCc1ccc2c(c1)CC1(CCCCC1)CC2,C17H24,228.37246,608.58,NIST
2-(2-(dimethylamino)ethoxy)ethan-1-ol,'1704-62-7,CN(C)CCOCCO,C6H15NO2,133.1888,475.512,NIST
2-bromo-4-methylpent-1-ene,'31844-97-0,C=C(Br)CC(C)C,C6H11Br,163.05554,399.629,NIST
"2-ethenyl-1,2,3,6-tetrahydro-1,1'-biphenyl",'100715-81-9,C=CC1CC=CCC1c1ccccc1,C14H16,184.27684,540.57,NIST
4-ethenylpyridine,'100-43-6,C=Cc1ccncc1,C7H7N,105.13718,455.537,NIST
ethyl leucinate,'2743-60-4,CCOC(=O)[C@@H](N)CC(C)C,C8H17NO2,159.22608,468.303,NIST
"hept-2-yne-1,4-diol",'18864-39-6,CCCC(O)C#CCO,C7H12O2,128.16898,526.072,NIST
"(E,E)-N,N'-((furan-2-yl)methylene)bis(1-(furan-2-yl)methanimine)",'494-47-3,C(=N/C(/N=C/c1ccco1)c1ccco1)\c1ccco1,C15H12N2O3,268.26738,580.63,NIST
4-thiaheneicosane,'66455-35-4,CCCCCCCCCCCCCCCCCSCCC,C20H42S,314.61248,666.248,NIST
4-phenylbut-3-en-2-one,'122-57-6,CC(=O)C=Cc1ccccc1,C10H10O,146.1858,530.561,NIST
"N-methyl-2,6-dinitroaniline",'5910-19-0,CNc1c([N+](=O)[O-])cccc1[N+](=O)[O-],C7H7N3O4,197.14818,606.816,NIST
"1,3,4,6-tetramethyl-1,2-dihydronaphthalene",'872795-17-0,CC1=C(C)c2cc(C)ccc2C(C)C1,C14H18,186.29272,546.818,NIST
"3,5-difluoro-2,4,6-trinitroaniline",'73333-89-8,Nc1c([N+](=O)[O-])c(F)c([N+](=O)[O-])c(F)c1[N+](=O)[O-],C6H2F2N4O6,264.1000864,684.562,NIST
dilactic acid,'19201-34-4,CC(OC(C)C(=O)O)C(=O)O,C6H10O5,162.1406,,DIPPR
9-methylheptadec-8-ene,'690630-33-2,CCCCCCCC=C(C)CCCCCCCC,C18H36,252.47844,575.574,NIST
"3-ethyl-2,5-dimethyloxolane",'93716-30-4,CCC1CC(C)OC1C,C8H16O,128.21204,407.409,NIST
4-methyl-2-(propan-2-yl)pentan-1-ol,'55505-24-3,CC(C)CC(CO)C(C)C,C9H20O,144.2545,460.148,NIST
N-phenylacetamide,'103-84-4,CC(O)=Nc1ccccc1,C8H9NO,135.16316,,DIPPR
pentyl tetradecanoate,'10484-35-2,CCCCCCCCCCCCCC(=O)OCCCCC,C19H38O2,298.50382,616.614,NIST
2-(m-benzoylphenyl)propionic acid,'22071-15-4,CC(C(=O)O)c1cccc(C(=O)c2ccccc2)c1,C16H14O3,254.28056,686.913,NIST
2-iodoheptane,'18589-29-2,CCCCCC(C)I,C7H15I,226.09847,456.236,NIST
methyl 14-methylpentadecanoate,'5129-60-2,COC(=O)CCCCCCCCCCCCC(C)C,C17H34O2,270.45066,590.802,NIST
"3-bromo-5-ethyl-5-methylhepta-1,3-diene",'99975-05-0,C=CC(Br)=CC(C)(CC)CC,C10H17Br,217.14598,487.735,NIST
6-methyltridecan-6-ol,'1515765-06-6,CCCCCCCC(C)(O)CCCCC,C14H30O,214.3874,537.019,NIST
(2-(2-methylcyclohex-1-en-1-yl)ethyl)benzene,'63521-79-9,CC1=C(CCc2ccccc2)CCCC1,C15H20,200.3193,549.306,NIST
butylbenzene,'104-51-8,CCCCc1ccccc1,C10H14,134.21816,,DIPPR
methyl tetradecanoate,'124-10-7,CCCCCCCCCCCCCC(=O)OC,C15H30O2,242.3975,,DIPPR
di-tert-butyl propanedioate,'541-16-2,CC(C)(C)OC(=O)CC(=O)OC(C)(C)C,C11H20O4,216.2741,487.908,NIST
heptan-3-amine,'28292-42-4,CCCCC(N)CC,C7H17N,115.21658,414.132,NIST
"3,5-di(propan-2-yl)-1,1'-biphenyl",'69375-11-7,CC(C)c1cc(-c2ccccc2)cc(C(C)C)c1,C18H22,238.36728,590.931,NIST
"6-ethyl-1,3-dimethylnaphthalene",'39622-45-2,CCc1ccc2c(C)cc(C)cc2c1,C14H16,184.27684,563.451,NIST
2-methylpropyl (4-methylphenyl)carbamate,'91564-03-3,Cc1ccc(NC(=O)OCC(C)C)cc1,C12H17NO2,207.26888,588.676,NIST
"1,1,1-trichloropentadecane",'62108-59-2,CCCCCCCCCCCCCCC(Cl)(Cl)Cl,C15H29Cl3,315.74976,610.42,NIST
2-methyldecahydronaphthalene,'2958-76-1,CC1CCC2CCCCC2C1,C11H20,152.2765,474.378,NIST
"1,1,1,2,2,3,3,4,4,5,5,6,6,7,7,8,8,9,9,10,10,11,11,12,12-pentacosafluorododecane",'66563-68-6,FC(F)C(F)(F)C(F)(F)C(F)(F)C(F)(F)C(F)(F)C(F)(F)C(F)(F)C(F)(F)C(F)(F)C(F)(F)C(F)(F)F,C12HF25,620.09642,470.019,NIST
3-(propan-2-yl)phenol,'618-45-1,CC(C)c1cccc(O)c1,C9H12O,136.19098,502.103,NIST
"1,2,3,4-tetrachlorooxanthrene",'30746-58-8,Clc1c(Cl)c(Cl)c2c(c1Cl)Oc1ccccc1O2,C12H4Cl4O2,321.97096,662.51,NIST
"1,1'-(butane-1,1-diyl)dicyclohexane",'54890-00-5,CCCC(C1CCCCC1)C1CCCCC1,C16H30,222.4094,566.151,NIST
"(4aR,8aR)-7-ethyl-1,4a-dimethyldecahydronaphthalene",'22387-63-9,CCC1CC[C@@]2(C)CCCC(C)[C@H]2C1,C14H26,194.35624,514.924,NIST
1-(4-nitrophenyl)-1H-pyrrole,'4533-42-0,O=[N+]([O-])c1ccc(-n2cccc2)cc1,C10H8N2O2,188.18272,609.908,NIST
"2,3-dimethylpyrazine",'5910-89-4,Cc1nccnc1C,C6H8N2,108.14112,434.145,NIST
bicyclo(1.1.0)butane,'157-33-5,C1C2CC12,C4H6,54.09044,260.821,NIST
"1,2,3-trichloro-1,1-difluoro-2-methylpropane",'374-17-4,C[C@@](Cl)(CCl)C(F)(F)Cl,C4H5Cl3F2,197.4383064,404.63,NIST
"2-methylbutan-2-yl 2,2-dimethylpropanoate",'89397-96-6,CCC(C)(C)OC(=O)C(C)(C)C,C10H20O2,172.2646,458.908,NIST
ethyl pent-3-enoate,'3724-66-1,C/C=C/CC(=O)OCC,C7H12O2,128.16898,424.134,NIST
3-methylpyridine,'108-99-6,Cc1cccnc1,C6H7N,93.12648,,DIPPR
"2,5-di-tert-butylphenol",'5875-45-6,CC(C)(C)c1ccc(C(C)(C)C)c(O)c1,C14H22O,206.32388,575.994,NIST
1-chloro-4-(prop-1-en-2-yl)benzene,'1712-70-5,C=C(C)c1ccc(Cl)cc1,C9H9Cl,152.62076,478.054,NIST
"2-tert-butyl-5-methyl-1,3-dithiane",'24347-87-3,CC(C)(C)[C@H]1SC[C@H](C)CS1,C9H18S2,190.36922,513.588,NIST
4-ethyl-2-(2-ethylhexyl)octanoic acid,'24251-97-6,CCCCC(CC)CC(CC(CC)CCCC)C(=O)O,C18H36O2,284.47724,615.112,NIST
"4,4'-dipropyl-1,1'-biphenyl",'14584-23-7,CCCc1ccc(-c2ccc(CCC)cc2)cc1,C18H22,238.36728,603.603,NIST
2-fluorophenol,'367-12-4,Oc1ccccc1F,C6H5FO,112.1017032,424.635,NIST
"2-chloro-1,7,7-trimethylbicyclo(2.2.1)heptane",'464-41-5,CC1(C)[C@@H]2CC[C@]1(C)[C@@H](Cl)C2,C10H17Cl,172.69498,475.672,NIST
hex-1-en-3-yne,'13721-54-5,C=CC#CCC,C6H8,80.12772,356.888,NIST
N-(2-hydroxyethyl)iminodiacetic acid,'93-62-9,O=C(O)CN(CCO)CC(=O)O,C6H11NO5,177.15524,646.046,NIST
"N,N-dibutylnitrous amide",'924-16-3,CCCCN(CCCC)N=O,C8H18N2O,158.24132,559.979,NIST
"1,3-dimethyl-2,4-dinitrobenzene",'603-02-1,Cc1ccc([N+](=O)[O-])c(C)c1[N+](=O)[O-],C8H8N2O4,196.16012,597.33,NIST
N-(2-ethylphenyl)acetamide,'33098-65-6,CCc1ccccc1N=C(C)O,C10H13NO,163.21632,597.205,NIST
"2-(dichloro(fluoro)methoxy)-1,1,1-trifluoroethane",'37393-26-3,FC(F)(F)COC(F)(Cl)Cl,C3H2Cl2F4O,200.9469928,343.082,NIST
bromoacetyl fluoride,'430-70-6,O=C(F)CBr,C2H2BrFO,140.9390832,413.415,NIST
1-chloro-4-fluorobenzene,'352-33-0,Fc1ccc(Cl)cc1,C6H4ClF,130.5473632,396.629,NIST
"3-(1-adamantyl)-2,4-pentanedione",'102402-84-6,CC(=O)C(C(C)=O)C12CC3CC(CC(C3)C1)C2,C15H22O2,234.33398,595.305,NIST
octadec-2-yne,'61847-97-0,CC#CCCCCCCCCCCCCCCC,C18H34,250.46256,604.088,NIST
1-methyl-4-(1-phenylethyl)benzene,'3717-68-8,Cc1ccc(C(C)c2ccccc2)cc1,C15H16,196.28754,567.17,NIST
"hexane-1,3-diol",'21531-91-9,CCCC(O)CCO,C6H14O2,118.17416,515.826,NIST
1-methylazocan-2-one,'1889-08-3,CN1CCCCCCC1=O,C8H15NO,141.2108,531.755,NIST
"1-ethyl-4,6-dimethylnaphthalene",'66577-15-9,CCc1ccc(C)c2cc(C)ccc12,C14H16,184.27684,553.076,NIST
2-(pentan-2-yl)phenol,'87-26-3,CCCC(C)c1ccccc1O,C11H16O,164.24414,515.766,NIST
"4-(hex-5-en-1-yl)-1,1'-biphenyl",'115181-05-0,C=CCCCCc1ccc(-c2ccccc2)cc1,C18H20,236.3514,610.104,NIST
1-((1-butoxypropan-2-yl)oxy)propan-2-ol,'29911-28-2,CCCCOCC(C)OCC(C)O,C10H22O3,190.27988,515.061,NIST
"1alpha,2beta,3alpha,4beta,5beta,6beta-hexachlorocyclohexane",'319-86-8,Cl[C@H]1[C@H](Cl)[C@@H](Cl)[C@H](Cl)[C@@H](Cl)[C@H]1Cl,C6H6Cl6,290.82984,596.265,NIST
2-methyl-1-propoxypropane,'15268-49-2,CCCOCC(C)C,C7H16O,116.20134,384.229,NIST
"N,N-diethyl-4-nitrosoaniline",'120-22-9,CCN(CC)c1ccc(N=O)cc1,C10H14N2O,178.23096,637.412,NIST
ethyl 3-hydroxy-2-methylbut-2-enoate,'1522-45-8,CCOC(=O)C(C)=C(C)O,C7H12O3,144.16838,495.243,NIST
1-(4-ethylphenyl)-2-(4-ethylphenyl)ethane,'51526-06-8,CCc1ccc(CCc2ccc(CC)cc2)cc1,C18H22,238.36728,,DIPPR
"5-ethyl-2,4-dimethylphenol",'62115-48-4,CCc1cc(O)c(C)cc1C,C10H14O,150.21756,516.169,NIST
N-tert-butyl-2-cyano-3-phenylprop-2-enamide,'23795-40-6,CC(C)(C)N=C(O)C(C#N)=Cc1ccccc1,C14H16N2O,228.28964,698.235,NIST
"(5R)-5-methyl-1,3-cyclohexadiene",'78939-20-5,C[C@H]1C=CC=CC1,C7H10,94.1543,381.351,NIST
"3,3-dipropylheptanoic acid",'92169-15-8,CCCCC(CCC)(CCC)CC(=O)O,C13H26O2,214.34434,590.843,NIST
trichloromethanethiol,'75-70-7,SC(Cl)(Cl)Cl,CHCl3S,151.44264,391.113,NIST
4-ethyl-3-methylcyclohexan-1-one,'73124-48-8,CC[C@H]1CCC(=O)C[C@@H]1C,C9H16O,140.22274,470.886,NIST
"(5beta)-androstane-3,17-dione",'1229-12-5,C[C@]12CCC(=O)C[C@H]1CC[C@@H]1[C@@H]2CC[C@]2(C)C(=O)CC[C@@H]12,C19H28O2,288.42442,656.674,NIST
(methyldisulfanyl)methane,'624-92-0,CSSC,C2H6S2,94.19904,,DIPPR
octahydro-pentalene-1-carboxylic acid,'7403-22-7,O=C(O)C1CCC2CCCC21,C9H14O2,154.20626,533.516,NIST
"2,3-dimethylhex-1-ene",'16746-86-4,C=C(C)C(C)CCC,C8H16,112.21264,383.693,NIST
"1,1,3-trichloro-1,2,2,3,3-pentafluoropropane",'1652-81-9,FC(F)(Cl)C(F)(F)C(F)(Cl)Cl,C3Cl3F5,237.383116,345.624,NIST
cis-2-tert-butylcyclohexan-1-ol,'7214-18-8,CC(C)(C)[C@H]1CCCC[C@H]1O,C10H20O,156.2652,479.254,NIST
heptyl 2-methylprop-2-enoate,'5459-37-0,C=C(C)C(=O)OCCCCCCC,C11H20O2,184.2753,494.025,NIST
"benzene-1,2-dicarbonyl dichloride",'88-95-9,O=C(Cl)c1ccccc1C(=O)Cl,C8H4Cl2O2,203.02216,557.3,NIST
3-methylbutyl 2-hydroxybenzoate,'87-20-7,CC(C)CCOC(=O)c1ccccc1O,C12H16O3,208.25364,576.983,NIST
"4-ethyl-4,5,5-trimethylhex-1-ene",'103982-59-8,C=CCC(C)(CC)C(C)(C)C,C11H22,154.29238,459.677,NIST
"3,5-dimethylbenzofuran",'10410-35-2,Cc1ccc2occ(C)c2c1,C10H10O,146.1858,488.916,NIST
"2,6-dimethylhept-2-en-4-ol",'202194-95-4,CC(C)=CC(O)CC(C)C,C9H18O,142.23862,460.033,NIST
bicyclo(2.2.1)heptane-1-carbonitrile,'103434-09-9,N#CC12CCC(CC1)C2,C8H11N,121.17964,464.874,NIST
"(1,1'-bi(cyclohexane))-2-one",'90-42-6,O=C1CCCCC1C1CCCCC1,C12H20O,180.2866,,DIPPR
3-butylphenol,'4074-43-5,CCCCc1cccc(O)c1,C10H14O,150.21756,521.362,NIST
"2,2,3-trimethyl-1,2,3,4-tetrahydrophenanthrene",,CC1Cc2c(ccc3ccccc23)CC1(C)C,C17H20,224.3407,612.481,NIST
(9Z)-octadec-9-en-1-ol,'143-28-2,CCCCCCCC/C=C\CCCCCCCCO,C18H36O,268.47784,,DIPPR
"1,5,5,6-tetramethylcyclohexa-1,3-diene",'514-94-3,CC1=CC=CC(C)(C)C1C,C10H16,136.23404,428.238,NIST
"bis(2-ethylbutyl)benzene-1,2-dicarboxylate",'7299-89-0,CCC(CC)COC(=O)c1ccccc1C(=O)OCC(CC)CC,C20H30O4,334.4498,638.349,NIST
"4,7-dimethyl-2,3-dihydro-1H-indene",'6682-71-9,Cc1ccc(C)c2c1CCC2,C11H14,146.22886,500.92,NIST
"4,6,6-trimethylbicyclo(3.1.1)hept-3-en-2-ol",'18881-04-4,CC1=C[C@H](O)[C@H]2C[C@@H]1C2(C)C,C10H16O,152.23344,485.247,NIST
"6-methyl-N-phenyl-3,4-dihydro-2H-pyran-5-carboxamide",'24691-76-7,CC1=C(C(O)=Nc2ccccc2)CCCO1,C13H15NO2,217.2637,654.69,NIST
"2,4-dimethyloxolane",'64265-26-5,CC1COC(C)C1,C6H12O,100.15888,370.767,NIST
"cis-1,2-dimethylcyclohexane",2207-01-0400:00:00,C[C@@H]1CCCC[C@@H]1C,C8H16,112.21264,402.843,NIST
propyl 2-methylpropanoate,'644-49-5,CCCOC(=O)C(C)C,C7H14O2,130.18486,,DIPPR
1-nonyl-1H-pyrrole,'101171-71-5,CCCCCCCCCn1cccc1,C13H23N,193.32842,561.024,NIST
"1,1,3-trichlorobutane",'13279-87-3,CC(Cl)CC(Cl)Cl,C4H7Cl3,161.45738,423.668,NIST
"5-tert-butyl-2-(propan-2-yl)-1,3-dithiane",,CC(C)[C@H]1SC[C@@H](C(C)(C)C)CS1,C11H22S2,218.42238,538.364,NIST
"2-(hydroxymethyl)-2-(propan-2-yl)propane-1,3-diol",'20762-78-1,CC(C)C(CO)(CO)CO,C7H16O3,148.20014,583.218,NIST
"3,5,7,8-tetrachloro-2,2,3,4,4,5,6,6,7,8,8-undecafluorooctanoic acid",'2923-68-4,O=C(O)C(F)(F)C(F)(Cl)C(F)(F)C(F)(Cl)C(F)(F)C(F)(Cl)C(F)(F)Cl,C8HCl4F11O2,479.8867752,553.914,NIST
7-hydroxy-2H-1-benzopyran-2-one,'93-35-6,O=c1ccc2ccc(O)cc2o1,C9H6O3,162.14214,602.567,NIST
"2,2-dimethylpropyl 2,2-dimethylpropanoate",'5340-26-1,CC(C)(C)COC(=O)C(C)(C)C,C10H20O2,172.2646,438.894,NIST
2-oxopropanal,'78-98-8,CC(=O)C=O,C3H4O2,72.06266,,DIPPR
"1,3-dichloro-2,3-dimethylbutane",'24443-14-9,CC(CCl)C(C)(C)Cl,C6H12Cl2,155.06548,437.252,NIST
"4,6-dimethylheptan-2-ol",'51079-52-8,CC(C)CC(C)CC(C)O,C9H20O,144.2545,457.718,NIST
"5-(2-chloro-1,1,2-trifluoroethoxy)-1,1,2,2,3,3,4,4-octafluoropentane",'65064-84-8,FC(Cl)C(F)(F)OCC(F)(F)C(F)(F)C(F)(F)C(F)F,C7H4ClF11O,348.5414952,419.977,NIST
"1,2,6,8-tetramethylnaphthalene",'66577-00-2,Cc1cc(C)c2c(C)c(C)ccc2c1,C14H16,184.27684,608.777,NIST
2-ethyl-2-methylpentan-1-ol,'5970-63-8,CCCC(C)(CC)CO,C8H18O,130.22792,447.556,NIST
"1,1,1,2,2,3,3,4,4-nonafluorododecane",'69125-79-7,CCCCCCCCC(F)(F)C(F)(F)C(F)(F)C(F)(F)F,C12H17F9,332.2490088,445.089,NIST
dodecahydro-as-indacene,'30767-91-0,C1CC2CCC3CCCC3C2C1,C12H20,164.2872,499.409,NIST
2-methyl-1-propylnaphthalene,'54774-89-9,CCCc1c(C)ccc2ccccc12,C14H16,184.27684,542.571,NIST
4-cyano-2-fluorophenyl 4-propylbicyclo(2.2.2)octane-1-carboxylate,'86831-28-9,CCCC12CCC(C(=O)Oc3ccc(C#N)cc3F)(CC1)CC2,C19H22FNO2,315.3818832,671.378,NIST
"(1S)-3,3-dimethylcyclohexanol",'49817-54-1,CC1(C)CCC[C@H](O)C1,C8H16O,128.21204,457.004,NIST
"cis-dihydro-3,4-diethyl-2,5-furandione",'35046-84-5,CC[C@@H]1C(=O)OC(=O)[C@@H]1CC,C8H12O3,156.17908,511.816,NIST
"3,5-dimethyl-pyrrole-2,4-dicarboxylic acid, dimethyl ester",'5448-17-9,COC(=O)c1[nH]c(C)c(C(=O)OC)c1C,C10H13NO4,211.21452,606.081,NIST
"1-(3,5-dimethylhexan-3-yl)naphthalene",,CCC(C)(CC(C)C)c1cccc2ccccc12,C18H24,240.38316,627.045,NIST
"3,3-dichloro-1,1,1-trifluoropropane",'460-69-5,FC(F)(F)CC(Cl)Cl,C3H3Cl2F3,166.9571296,346.404,NIST
nonane,'111-84-2,CCCCCCCCC,C9H20,128.2551,,DIPPR
5-methylthiophene-2-carboxylic acid,'1918-79-2,Cc1ccc(C(=O)O)s1,C6H6O2S,142.17564,547.777,NIST
5-methyl-2-nitroaniline,'611-05-2,Cc1ccc([N+](=O)[O-])c(N)c1,C7H8N2O2,152.15062,583.324,NIST
3-methylcyclohexyl propanoate,'22597-22-4,CCC(=O)OC1CCCC(C)C1,C10H18O2,170.24872,474.757,NIST
tri(prop-2-en-1-yl)silane,'1116-62-7,C=CC[SiH](CC=C)CC=C,C9H16Si,152.30884,442.305,NIST
"5-tert-butyl-2-methyl-1,3-dioxane",'28295-45-6,CC(C)(C)[C@H]1CO[C@@H](C)OC1,C9H18O2,158.23802,454.25,NIST
(1Z)-3-methyl-1-(((1E)-prop-1-en-1-yl)oxy)but-1-ene,'61463-33-0,C/C=C/O/C=C\C(C)C,C8H14O,126.19616,408.994,NIST
(3S)-1-bromo-3-methylpentane,'22299-70-3,CC[C@H](C)CCBr,C6H13Br,165.07142,412.057,NIST
"pentadeca-1,14-diene",'21964-50-1,C=CCCCCCCCCCCCC=C,C15H28,208.38282,540.461,NIST
"5,7-dihydro-6H-dibenzo(a,c)(7)annulen-6-one",'1139-82-8,O=C1Cc2ccccc2-c2ccccc2C1,C15H12O,208.25518,633.772,NIST
1-bromo-4-chlorobutane,'6940-78-9,ClCCCCBr,C4H8BrCl,171.46332,434.287,NIST
"1,1'-(hexane-1,1-diyl)didecahydronaphthalene",'96069-76-0,CCCCCC(C1CCCC2CCCCC21)C1CCCC2CCCCC21,C26H46,358.64344,697.722,NIST
(2S)-trans-5-methyl-2-isopropylcyclohexanone,'14073-97-3,CC(C)[C@@H]1CC[C@@H](C)CC1=O,C10H18O,154.24932,480.56,NIST
"1,2-dimethylbicyclo(2.2.1)heptane",'20557-95-3,C[C@@H]1C[C@H]2CC[C@@]1(C)C2,C9H16,124.22334,410.846,NIST
"cyclopentane-1,2-dicarboxylic acid",'1461-97-8,O=C(O)[C@@H]1CCC[C@H]1C(=O)O,C7H10O4,158.1519,560.269,NIST
3-methylpentane,'96-14-0,CCC(C)CC,C6H14,86.17536,,DIPPR
1-(4-(2-methylpropyl)phenyl)ethan-1-ol,'40150-92-3,CC(C)Cc1ccc(C(C)O)cc1,C12H18O,178.27072,534.867,NIST
"1,2-dibromocycloheptane",'29974-68-3,BrC1CCCCCC1Br,C7H12Br2,255.97818,507.134,NIST
"1,4-bis(ethenyloxy)butane",'3891-33-6,C=COCCCCOC=C,C8H14O2,142.19556,434.87,NIST
"1,1,3,5-tetramethyl-3-(propan-2-yl)-2,3-dihydro-1H-indene",'66324-88-7,Cc1ccc2c(c1)C(C)(C(C)C)CC2(C)C,C16H24,216.36176,570.412,NIST
dec-4-yne,'2384-86-3,CCCC#CCCCCC,C10H18,138.24992,455.52,NIST
"5-bromo-2-(propan-2-yl)-1,3-dioxane",'28808-20-0,CC(C)[C@H]1OC[C@@H](Br)CO1,C7H13BrO2,209.08092,472.5,NIST
non-3-yne,'20184-89-8,CCC#CCCCCC,C9H16,124.22334,429.79,NIST
1-(but-3-ene-1-sulfonyl)-4-methylbenzene,'17482-19-8,C=CCCS(=O)(=O)c1ccc(C)cc1,C11H14O2S,210.29266,654.015,NIST
"2,2-dimethylbutanoyl chloride",'5856-77-9,CCC(C)(C)C(=O)Cl,C6H11ClO,134.60394,405.631,NIST
"cis-2-ethyl-4-methyl-1,3-dioxolane",'1568-99-6,CC[C@H]1OC[C@@H](C)O1,C6H12O2,116.15828,394.715,NIST
"1,1'-(2,2-dichloroethane-1,1-diyl)bis(4-ethylbenzene)",'72-56-0,CCc1ccc(C(c2ccc(CC)cc2)C(Cl)Cl)cc1,C18H20Cl2,307.2574,643.306,NIST
non-4-yn-3-one,'1817-61-4,CCCCC#CC(=O)CC,C9H14O,138.20686,475.933,NIST
(4-octyldodecyl)cyclopentane,5638-09-0500:00:00,CCCCCCCCC(CCCCCCCC)CCCC1CCCC1,C25H50,350.6645,667.267,NIST
1-butyl-2-methylcyclohexane,'72993-33-0,CCCCC1CCCCC1C,C11H22,154.29238,470.152,NIST
2-methyl-1H-pyrrole,'636-41-9,Cc1ccc[nH]1,C5H7N,81.11578,421.089,NIST
"1,3-dioxolan-2-one",'96-49-1,O=C1OCCO1,C3H4O3,88.06206,,DIPPR
2-hydroxypropanamide,'65144-02-7,CC(O)C(=N)O,C3H7NO2,89.09318,554.205,NIST
"3,4-dimethylcyclohex-1-ene",'2808-72-2,CC1C=CCCC1C,C8H14,110.19676,397.63,NIST
hexyl formate,'629-33-4,CCCCCCOC=O,C7H14O2,130.18486,,DIPPR
"N,N-dicyclohexylcyclohexanamine",7335-09-0300:00:00,C1CCC(N(C2CCCCC2)C2CCCCC2)CC1,C18H33N,263.46132,617.309,NIST
3-methylundecanoic acid,'65781-38-6,CCCCCCCCC(C)CC(=O)O,C12H24O2,200.31776,578.354,NIST
"3,5-dimethylbenzonitrile",'22445-42-7,Cc1cc(C)cc(C#N)c1,C9H9N,131.17446,511.957,NIST
"1,3,5-trichloro-2-fluorobenzene",'36556-33-9,Fc1c(Cl)cc(Cl)cc1Cl,C6H2Cl3F,199.4374832,480.865,NIST
1-bromo-1-methylcyclopentane,'19872-99-2,CC1(Br)CCCC1,C6H11Br,163.05554,413.12,NIST
1-phenylpropan-2-one,'103-79-7,CC(=O)Cc1ccccc1,C9H10O,134.1751,486.494,NIST
"tridecane-1,13-diol",'13362-52-2,OCCCCCCCCCCCCCO,C13H28O2,216.36022,620.602,NIST
N-methylcyclohexanamine,'100-60-7,CNC1CCCCC1,C7H15N,113.2007,,DIPPR
"2,2,3-trimethylheptan-3-ol",'29772-40-5,CCCCC(C)(O)C(C)(C)C,C10H22O,158.28108,462.501,NIST
pentyl tridecanoate,'95277-11-5,CCCCCCCCCCCCC(=O)OCCCCC,C18H36O2,284.47724,603.718,NIST
1-chloro-2-ethylbenzene,'89-96-3,CCc1ccccc1Cl,C8H9Cl,140.61006,451.016,NIST
1H-indol-5-ol,'1953-54-4,Oc1ccc2[nH]ccc2c1,C8H7NO,133.14728,574.174,NIST
(2E)-N-butyl-3-phenylprop-2-enamide,'6299-56-5,CCCCN=C(O)/C=C/c1ccccc1,C13H17NO,203.28018,661.463,NIST
3-chloro-4-methoxypent-4-en-2-one,'82481-21-8,C=C(OC)C(Cl)C(C)=O,C6H9ClO2,148.58746,475.203,NIST
2-bromononane,'2216-35-5,CCCCCCCC(C)Br,C9H19Br,207.15116,477.584,NIST
trifluoromethanethiol,'1493-15-8,FC(F)(F)S,CHF3S,102.0788496,235.258,NIST
ethenylcyclopentane,'3742-34-5,C=CC1CCCC1,C7H12,96.17018,372.345,NIST
octadec-7-yne,'64183-49-9,CCCCCCC#CCCCCCCCCCC,C18H34,250.46256,587.838,NIST
1-butyl-2-methyl-1H-imidazole,'13435-22-8,CCCCn1ccnc1C,C8H14N2,138.21016,536.863,NIST
N-ethylheptan-1-amine,'66793-76-8,CCCCCCCNCC,C9H21N,143.26974,454.64,NIST
(ethenylsulfanyl)ethene,'627-51-0,C=CSC=C,C4H6S,86.15544,356.917,NIST
4-(chloromethyl)benzoyl chloride,'876-08-4,O=C(Cl)c1ccc(CCl)cc1,C8H6Cl2O,189.03864,553.869,NIST
(3-bromophenyl)(hydroxy)acetic acid,'52950-20-6,O=C(O)[C@@H](O)c1cccc(Br)c1,C8H7BrO3,231.04338,593.338,NIST
"N^2-(sec-butyl)-6-chloro-N^4-ethyl-1,3,5-triazine-2,4-diamine",'7286-69-3,CCN=c1nc(Cl)[nH]c(=NC(C)CC)[nH]1,C9H16ClN5,229.70984,611.488,NIST
hexadecahydropyrene,'2435-85-0,C1CC2CCC3CCCC4CCC(C1)C2C34,C16H26,218.37764,596.974,NIST
"(2S,4S)-2,4-dimethyl-1,3-dioxolane",'1192-36-5,C[C@H]1OC[C@H](C)O1,C5H10O2,102.1317,363.376,NIST
"(1S,4R)-1,3,3-trimethylbicyclo(2.2.1)heptan-2-one",'4695-62-9,CC1(C)C(=O)[C@@]2(C)CC[C@H]1C2,C10H16O,152.23344,465.864,NIST
"2-ethoxy-4-methyl-1,3-dioxane",'17230-35-2,CCO[C@H]1OCC[C@H](C)O1,C7H14O3,146.18426,437.444,NIST
"1,4-dipentylcyclohexane",'65162-15-4,CCCCCC1CCC(CCCCC)CC1,C16H32,224.42528,549.673,NIST
"3-tert-butyl-2,2-dimethylheptan-3-ol",'42930-67-6,CCCCC(O)(C(C)(C)C)C(C)(C)C,C13H28O,200.36082,496.838,NIST
"4,5,5-trimethyl-1-(propan-2-yl)-1,2,3,4,4a,5,6,7,8,9,9a,10-dodecahydroanthracene",'861294-32-8,CC(C)C1CCC(C)C2CC3=C(CCCC3(C)C)CC12,C20H34,274.48396,596.729,NIST
3-ethyl-1-methylcyclohex-1-ene,'90769-68-9,CCC1C=C(C)CCC1,C9H16,124.22334,424.134,NIST
1-ethylnaphthalene,'1127-76-0,CCc1cccc2ccccc12,C12H12,156.22368,532.183,NIST
"9,10-diethyl-9,10-dihydroanthracene",'46868-29-5,CCC1c2ccccc2C(CC)c2ccccc21,C18H20,236.3514,641.697,NIST
"1,1'-((E)-ethene-1,2-diyldisulfanediyl)dibenzene",'18893-63-5,C(=C/Sc1ccccc1)\Sc1ccccc1,C14H12S2,244.37508,639.429,NIST
((propan-2-yl)sulfanyl)benzene,'3019-20-3,CC(C)Sc1ccccc1,C9H12S,152.25658,486.765,NIST
"3,5-dibromophenol",'626-41-5,Oc1cc(Br)cc(Br)c1,C6H4Br2O,251.90336,560.895,NIST
"2,3,4-trimethoxybenzaldehyde",'2103-57-3,COc1ccc(C=O)c(OC)c1OC,C10H12O4,196.19988,578.864,NIST
"1,1'-(ethyne-1,2-diyl)bis(2-methylbenzene)",5294-03-0100:00:00,Cc1ccccc1C#Cc1ccccc1C,C16H14,206.28236,581.047,NIST
"N,N-dihexyloctanamide",'75397-93-2,CCCCCCCC(=O)N(CCCCCC)CCCCCC,C20H41NO,311.54564,635.429,NIST
"3,6,9,12-tetraoxatetradeca-1,13-diene",'765-12-8,C=COCCOCCOCCOC=C,C10H18O4,202.24752,531.112,NIST
"(1R*,2S*,3R*,4S*)-3-methyl-bicyclo(2.2.2)oct-5-ene-2-carbonitrile",'114718-70-6,C[C@H]1[C@H](C#N)[C@H]2C=C[C@@H]1CC2,C10H13N,147.21692,519.966,NIST
1-benzylpiperidin-4-one,'3612-20-2,O=C1CCN(Cc2ccccc2)CC1,C12H15NO,189.2536,568.174,NIST
ethyl (6Z)-octadec-6-enoate,'34302-52-8,CCCCCCCCCCC/C=C\CCCCC(=O)OCC,C20H38O2,310.51452,628.978,NIST
"N,N-dipropylpropan-1-amine",'102-69-2,CCCN(CCC)CCC,C9H21N,143.26974,428.708,NIST
"3,3-dimethyloxolane-2,5-dione",'17347-61-4,CC1(C)CC(=O)OC1=O,C6H8O3,128.12592,486.311,NIST
N-(2-ethoxyphenyl)urea,'148-70-9,CCOc1ccccc1NC(=N)O,C9H12N2O2,180.20378,652.594,NIST
"2,3-dichlorobutane",'7581-97-7,CC(Cl)C(C)Cl,C4H8Cl2,127.01232,391.648,NIST
"1,3-dioxocane",'6572-90-3,C1CCOCOCC1,C6H12O2,116.15828,407.131,NIST
6-methyldodecan-6-ol,'62958-40-1,CCCCCCC(C)(O)CCCCC,C13H28O,200.36082,532.87,NIST
2-(ethylsulfanyl)butane,'5008-72-0,CCSC(C)CC,C6H14S,118.24036,406.77,NIST
"2,4,5-trimethylbenzoic acid",'528-90-5,Cc1cc(C)c(C(=O)O)cc1C,C10H12O2,164.20108,565.347,NIST
(prop-1-en-2-yl)cyclopropane,'4663-22-3,C=C(C)C1CC1,C6H10,82.1436,343.499,NIST
"methyl hepta-2,5-dienoate",'18261-30-8,CC=CCC=CC(=O)OC,C8H12O2,140.17968,450.632,NIST
6-methylheptan-3-ol,'18720-66-6,CCC(O)CCC(C)C,C8H18O,130.22792,433.957,NIST
2-propenyl methyl disulfide,'2179-58-0,C=CCSSC,C4H8S2,120.23632,425.519,NIST
1-bromo-3-phenoxybenzene,6876-03-0200:00:00,Brc1cccc(Oc2ccccc2)c1,C12H9BrO,249.10326,580.502,NIST
"4-methylhex-2-yne-1,4-diol",'920-09-2,CCC(C)(O)C#CCO,C7H12O2,128.16898,512.567,NIST
"3a,4,5,6,7,7a-hexahydro-1H-4,7-methanoindene",'4488-57-7,C1=CC2C3CCC(C3)C2C1,C10H14,134.21816,454.58,NIST
azepane,'111-49-9,C1CCCNCC1,C6H13N,99.17412,,DIPPR
ethyl diphenylcarbamate,'603-52-1,CCOC(=O)N(c1ccccc1)c1ccccc1,C15H15NO2,241.2851,606.443,NIST
"3,4,5-trimethylheptane",'20278-89-1,CCC(C)C(C)C(C)CC,C10H22,142.28168,430.458,NIST
"2-ethyl-4-methyl-1-(propan-2-yl)cyclohexa-1,3-diene",'876493-27-5,CCC1=C(C(C)C)CCC(C)=C1,C12H20,164.2872,453.306,NIST
4-ethylheptan-4-ol,'597-90-0,CCCC(O)(CC)CCC,C9H20O,144.2545,452.61,NIST
"2,3,5,6-tetrachloro-4-(methoxycarbonyl)benzoic acid",'887-54-7,COC(=O)c1c(Cl)c(Cl)c(C(=O)O)c(Cl)c1Cl,C9H4Cl4O4,317.93766,683.093,NIST
"(2E)-3-(3,4-dihydroxyphenyl)prop-2-enoic acid",'331-39-5,O=C(O)/C=C/c1ccc(O)c(O)c1,C9H8O4,180.15742,686.53,NIST
"2-methylpenta-1,3-diene",'1118-58-7,C=C(C)C=CC,C6H10,82.1436,348.774,NIST
"1,2-dioctylcyclopentane",'854916-02-2,CCCCCCCCC1CCCC1CCCCCCCC,C21H42,294.55818,617.269,NIST
"4-cyclohexyl-1,2-dimethylbenzene",'4501-53-5,Cc1ccc(C2CCCCC2)cc1C,C14H20,188.3086,547.357,NIST
N-cyanoguanidine,'461-58-5,N#CNC(=N)N,C2H4N4,84.07996,,DIPPR
"3-methylhexa-1,2-diene",'7736-41-6,C=C=C(C)CCC,C7H12,96.17018,371.826,NIST
tridecan-1-amine,'2869-34-3,CCCCCCCCCCCCCN,C13H29N,199.37606,547.369,NIST
"2,3,6-trimethylnaphthalene",'829-26-5,Cc1ccc2cc(C)c(C)cc2c1,C13H14,170.25026,546.898,NIST
bis(2-hydroxy-4-methoxyphenyl)methanone,'131-54-4,COc1ccc(C(=O)c2ccc(OC)cc2O)c(O)c1,C15H14O5,274.26866,645.15,NIST
"trans-2-(1-methylethyl)-5-methylsulfinylethyl-1,3-dioxane",'61523-11-3,CC(C)[C@H]1OC[C@H](CCS(C)=O)CO1,C10H20O3S,220.329,607.344,NIST
"1-((2,4,4-trimethylpentan-2-yl)oxy)hexane",'508181-44-0,CCCCCCOC(C)(C)CC(C)(C)C,C14H30O,214.3874,517.942,NIST
2-butyldodecyl acetate,,CCCCCCCCCCC(CCCC)COC(C)=O,C18H36O2,284.47724,596.944,NIST
"4-ethyl-4'-propyl-1,1'-bi(cyclohexane)",'1107645-96-4,CCCC1CCC(C2CCC(CC)CC2)CC1,C17H32,236.43598,565.116,NIST
9-dodecyldodecahydro-1H-fluorene,'1005104-34-6,CCCCCCCCCCCCC1C2CCCCC2C2CCCCC12,C25H46,346.63274,690.108,NIST
"4,4'-dimethyl-1,1'-di(propan-2-yl)-1,1'-bi(cyclohexane)",,CC1CCC(C(C)C)(C2(C(C)C)CCC(C)CC2)CC1,C20H38,278.51572,596.496,NIST
"1,1'-(hexane-3,4-diyl)dicyclohexane",'101881-40-7,CCC(C1CCCCC1)C(CC)C1CCCCC1,C18H34,250.46256,592.16,NIST
"1,1'-(2,4-dimethyloctane-1,3-diyl)dibenzene",'111936-30-2,CCCCC(C)C(c1ccccc1)C(C)Cc1ccccc1,C22H30,294.4736,642.005,NIST
"1-iodopenta-1,3-diyne",'40201-91-0,CC#CC#CI,C5H3I,189.98179,440.185,NIST
4-ethyl-1-methyl-7-(propan-2-yl)decahydroazulene,'873992-11-1,CCC1CCC(C(C)C)CC2C(C)CCC12,C16H30,222.4094,540.595,NIST
"2-methylnaphthalene-1,4-dione",'58-27-5,CC1=CC(=O)c2ccccc2C1=O,C11H8O2,172.18002,599.443,NIST
(4-methylhex-2-en-2-yl)benzene,'859773-01-6,CCC(C)C=C(C)c1ccccc1,C13H18,174.28202,519.59,NIST
heptacosane,'593-49-7,CCCCCCCCCCCCCCCCCCCCCCCCCCC,C27H56,380.73354,,DIPPR
(dimethylamino)acetonitrile,'926-64-7,CN(C)CC#N,C4H8N2,84.11972,405.28,NIST
octyl benzoate,'94-50-8,CCCCCCCCOC(=O)c1ccccc1,C15H22O2,234.33398,532.574,NIST
"1,3-dimethyl-5,6,7,8-tetrahydroquinazoline-2,4(1H,3H)-dione",'80254-48-4,Cn1c2c(c(=O)n(C)c1=O)CCCC2,C10H14N2O2,194.23036,619.633,NIST
methyl propyl sulfate,'5867-91-4,CCCOS(=O)(=O)OC,C4H10O4S,154.1848,465.419,NIST
3-bromobenzaldehyde,'3132-99-8,O=Cc1cccc(Br)c1,C7H5BrO,185.018,517.957,NIST
5-(2-cyclohexylethoxy)hexan-2-ol,'100962-93-4,CC(O)CCC(C)OCCC1CCCCC1,C14H28O2,228.37092,573.714,NIST
spiro(2.3)hexane,'157-45-9,C1CC2(C1)CC2,C6H10,82.1436,333.664,NIST
1-((3E)-3-butylhept-3-en-1-yn-1-yl)cyclohex-1-ene,,CCC/C=C(/C#CC1=CCCCC1)CCCC,C17H26,230.38834,568.415,NIST
1-chloro-3-isocyanatobenzene,'2909-38-8,O=C=Nc1cccc(Cl)c1,C7H4ClNO,153.56576,478.632,NIST
3-propylbenzoic acid,'857539-83-4,CCCc1cccc(C(=O)O)c1,C10H12O2,164.20108,559.049,NIST
"1,1,2-trimethylcyclopentane",4259-03-0100:00:00,CC1CCCC1(C)C,C8H16,112.21264,386.848,NIST
"1-ethyl-5,5-dimethylcyclohex-1-ene",'62184-86-5,CCC1=CCCC(C)(C)C1,C10H18,138.24992,432.876,NIST
(nonylsulfanyl)benzene,'56358-04-4,CCCCCCCCCSc1ccccc1,C15H24S,236.41606,587.806,NIST
"1,2-dichloroethene cis-and trans-mixture",'540-59-0,ClC=CCl,C2H2Cl2,96.94328,325.476,NIST
3-(propan-2-yl)thiophene,'29488-27-5,CC(C)c1ccsc1,C7H10S,126.2193,428.636,NIST
"1,3-dichloropropan-2-ol",'96-23-1,OC(CCl)CCl,C3H6Cl2O,128.98514,,DIPPR
(4-chlorophenyl)(phenyl)methanone,'134-85-0,O=C(c1ccccc1)c1ccc(Cl)cc1,C13H9ClO,216.66296,609.449,NIST
"1-ethyl-1,3,4-trimethylcyclohexane",,CCC1(C)CCC(C)C(C)C1,C11H22,154.29238,452.585,NIST
"3,6-dimethylpiperazine-2,5-dione",'5625-46-7,CC1N=C(O)C(C)N=C1O,C6H10N2O2,142.1558,626.066,NIST
"1,1,1,2,2,3,3,4,4,5,5,6,6,7,7,8,8,9,9,10,10,11,11,12,12-pentacosafluoro-16-((prop-2-en-1-yl)oxy)hexadecane",'129794-57-6,C=CCOCCCCC(F)(F)C(F)(F)C(F)(F)C(F)(F)C(F)(F)C(F)(F)C(F)(F)C(F)(F)C(F)(F)C(F)(F)C(F)(F)C(F)(F)F,C19H13F25O,732.266,574.541,NIST
"2,2-dichloropentane",'34887-14-4,CCCC(C)(Cl)Cl,C5H10Cl2,141.0389,402.732,NIST
"1,1,1,2,2-pentafluoro-2-(1,1,2,2-tetrafluoroethoxy)ethane",'134769-21-4,FC(F)C(F)(F)OC(F)(F)C(F)(F)F,C4HF9O,236.0357688,295.15,NIST
"2-methoxybutane-1,4-diol",'13942-68-2,COC(CO)CCO,C5H12O3,120.14698,518.777,NIST
"3,3-dimethylbut-1-yne",'917-92-0,C#CC(C)(C)C,C6H10,82.1436,310.894,NIST
cis-11-eicosenoic acid,'5561-99-9,CCCCCCCC/C=C\CCCCCCCCCC(=O)O,C20H38O2,310.51452,672.693,NIST
"N,N-dimethylnonan-1-amine",'17373-27-2,CCCCCCCCCN(C)C,C11H25N,171.3229,487.437,NIST
"trans-hexahydrohydrindene-2,2-diacetic acid, dimethyl ester",,COC(=O)CC1(CC(=O)OC)C[C@H]2CCCC[C@@H]2C1,C15H24O4,268.34866,590.171,NIST
2-bromopropane,'75-26-3,CC(C)Br,C3H7Br,122.99168,,DIPPR
"cis,cis,trans,trans-2,4,9-trimethylbicyclo(4.4.0)decane",'49765-71-1,C[C@@H]1CC[C@@H]2C[C@H](C)C[C@@H](C)[C@H]2C1,C13H24,180.32966,494.487,NIST
"3-methylpenta-1,2-diene",'7417-48-3,C=C=C(C)CC,C6H10,82.1436,343.652,NIST
2-bromopent-2-ene,'80204-19-9,CCC=C(C)Br,C5H9Br,149.02896,394.627,NIST
"2-methyldeca-1,3-diene",'66717-29-1,C=C(C)C=CCCCCCC,C11H20,152.2765,464.903,NIST
"cis-5-methyl-2,5-bis(1-methylethyl)-1,3-dioxane",'35193-76-1,CC(C)[C@H]1OC[C@@](C)(C(C)C)CO1,C11H22O2,186.29118,480.123,NIST
"1,3-bis(bromomethyl)-2,4,5,6-tetramethylbenzene",'55743-68-5,Cc1c(C)c(CBr)c(C)c(CBr)c1C,C12H16Br2,320.06344,607.803,NIST
N-fluorohypofluorous amide,'10405-27-3,FNF,HF2N,53.0114464,250.168,NIST
propyl (9Z)-octadec-9-enoate,'111-59-1,CCCCCCCC/C=C\CCCCCCCC(=O)OCCC,C21H40O2,324.5411,641.281,NIST
1-tert-butyl-4-chlorobenzene,'3972-56-3,CC(C)(C)c1ccc(Cl)cc1,C10H13Cl,168.66322,487.368,NIST
"5-methyl-1,2-oxazole",'5765-44-6,Cc1ccno1,C4H5NO,83.0886,396.128,NIST
"7,9-dibutyl-7-methylpentadecane",'95805-19-9,CCCCCCC(CCCC)CC(C)(CCCC)CCCCCC,C24H50,338.6538,652.36,NIST
"1,4-dimethyl-2,3,5-trinitrobenzene",'602-27-7,Cc1cc([N+](=O)[O-])c(C)c([N+](=O)[O-])c1[N+](=O)[O-],C8H7N3O6,241.15768,662.067,NIST
trifluoroacetyl chloride,'354-32-5,O=C(Cl)C(F)(F)F,C2ClF3O,132.4690096,246.29,NIST
cis-1-butyl-2-methylcyclopentane,'20556-39-2,CCCC[C@@H]1CCC[C@@H]1C,C10H20,140.2658,449.574,NIST
diethenyldi(prop-2-en-1-yl)silane,'119901-88-1,C=CC[Si](C=C)(C=C)CC=C,C10H16Si,164.31954,449.644,NIST
(2-bromoethyl)cyclopentane,'18928-94-4,BrCCC1CCCC1,C7H13Br,177.08212,449.669,NIST
5-ethenyl-2-methylpyridine,'140-76-1,C=Cc1ccc(C)nc1,C8H9N,119.16376,455.516,NIST
"4,7-dimethoxy-5-(prop-2-en-1-yl)-2H-1,3-benzodioxole",'523-80-8,C=CCc1cc(OC)c2c(c1OC)OCO2,C12H14O4,222.23716,605.898,NIST
1-ethyl-2-propylcyclopentane,'934-39-4,CCC[C@@H]1CCC[C@H]1CC,C10H20,140.2658,441.957,NIST
"1,2,4,6,8-pentamethyl-1,2,3,4-tetrahydronaphthalene",'1680-60-0,Cc1cc(C)c2c(c1)C(C)CC(C)C2C,C15H22,202.33518,565.572,NIST
1-(6-methylcyclohex-3-en-1-yl)prop-2-en-1-yl acetate,'106167-90-2,C=CC(OC(C)=O)C1CC=CCC1C,C12H18O2,194.27012,517.469,NIST
"2,4,6-tris(dimethylamino)-1,3,5-triazine",'645-05-6,CN(C)c1nc(N(C)C)nc(N(C)C)n1,C9H18N6,210.27942,621.682,NIST
"1,2-dimethylhydrazine",'540-73-8,CNNC,C2H8N2,60.09832,354.292,NIST
cyclohexanecarbonitrile,'766-05-2,N#CC1CCCCC1,C7H11N,109.16894,460.864,NIST
(icosan-7-yl)benzene,'2398-64-3,CCCCCCCCCCCCCC(CCCCCC)c1ccccc1,C26H46,358.64344,680.393,NIST
N-octylcyclohexanamine,'22643-14-7,CCCCCCCCNC1CCCCC1,C14H29N,211.38676,549.236,NIST
"2,4,6-trimethylbenzoic acid",'480-63-7,Cc1cc(C)c(C(=O)O)c(C)c1,C10H12O2,164.20108,563.001,NIST
"1,2,2,3-tetrabromopropane",'54268-02-9,BrCC(Br)(Br)CBr,C3H4Br4,359.67986,482.311,NIST
"2,3,5-trimethylbenzoic acid",'2437-66-3,Cc1cc(C)c(C)c(C(=O)O)c1,C10H12O2,164.20108,562.933,NIST
1-methoxynonane,'7289-51-2,CCCCCCCCCOC,C10H22O,158.28108,463.743,NIST
N-ethyl-2-methylpropan-1-amine,'13205-60-2,CCNCC(C)C,C6H15N,101.19,370.693,NIST
"2,3'-dichloro-1,1'-biphenyl",'25569-80-6,Clc1cccc(-c2ccccc2Cl)c1,C12H8Cl2,223.09792,590.327,NIST
pentan-2-yl dodecanoate,'55195-18-1,CCCCCCCCCCCC(=O)OC(C)CCC,C17H34O2,270.45066,582.99,NIST
"(2,2-dimethylpropyl)cyclohexane",'25446-34-8,CC(C)(C)CC1CCCCC1,C11H22,154.29238,457.686,NIST
"1,1,1,2,2,3,3-heptafluoro-3-iodopropane",'754-34-7,FC(F)(F)C(F)(F)C(F)(F)I,C3F7I,295.9253924,324.838,NIST
"1,5,6,10-tetrachlorodec-5-ene",'63616-36-4,ClCCCCC(Cl)=C(Cl)CCCCCl,C10H16Cl4,278.04604,596.538,NIST
"(2E,4E)-hexa-2,4-dienedioic acid",'3588-17-8,O=C(O)/C=C/C=C/C(=O)O,C6H6O4,142.10944,560.025,NIST
"N^1,N^2-dibutyl-1,2-ethanediamine",3529-09-0700:00:00,CCCCNCCNCCCC,C10H24N2,172.31096,504.236,NIST
1-butyl-2-methylbenzene,'1595-11-5,CCCCc1ccccc1C,C11H16,148.24474,473.653,NIST
2-ethoxypropane,'625-54-7,CCOC(C)C,C5H12O,88.14818,,DIPPR
"hexane-1,3,6-triol",'18990-98-2,OCCCC(O)CCO,C6H14O3,134.17356,586.288,NIST
"2,3-dichloro-1,1,3,3-tetrafluoroprop-1-ene",'684-04-8,FC(F)=C(Cl)C(F)(F)Cl,C3Cl2F4,182.9317128,317.927,NIST
2-(prop-1-en-1-yl)oxolane,'70028-08-9,CC=CC1CCCO1,C7H12O,112.16958,405.616,NIST
7-methyloct-5-en-4-one,'32064-78-1,CCCC(=O)C=CC(C)C,C9H16O,140.22274,456.398,NIST
"5,11-dibutylpentadecane",'13456-20-7,CCCCC(CCCC)CCCCCC(CCCC)CCCC,C23H48,324.62722,635.434,NIST
octaneperoxoic acid,'33734-57-5,CCCCCCCC(=O)OO,C8H16O3,160.21084,509.792,NIST
"3,4-dihydro-2H-1,2-benzothiazine",'408-75-3,c1ccc2c(c1)CCNS2,C8H9NS,151.22876,525.997,NIST
3-hexylthiophene,'1693-86-3,CCCCCCc1ccsc1,C10H16S,168.29904,493.456,NIST
"1,2,3,3-tetramethylpiperidine",'93474-54-5,CC1N(C)CCCC1(C)C,C9H19N,141.25386,434.121,NIST
nonyl heptanoate,'98841-69-1,CCCCCCCCCOC(=O)CCCCCC,C16H32O2,256.42408,576.237,NIST
"(3,5-dimethylheptan-3-yl)cyclohexane",'872306-87-1,CCC(C)CC(C)(CC)C1CCCCC1,C15H30,210.3987,535.386,NIST
"2,3,3-trimethylpent-1-ene",'560-23-6,C=C(C)C(C)(C)CC,C8H16,112.21264,381.39,NIST
"1,1',1''-(pentane-1,3,5-triyl)tribenzene",'1520-41-8,c1ccc(CCC(CCc2ccccc2)c2ccccc2)cc1,C23H24,300.43666,696.126,NIST
"3-bromo(1,1'-biphenyl)-4-ol",1992-03-0500:00:00,Oc1ccc(-c2ccccc2)cc1Br,C12H9BrO,249.10326,584.276,NIST
methyl formate,'107-31-3,COC=O,C2H4O2,60.05196,,DIPPR
"pentane-2,4-diol",'625-69-4,CC(O)CC(C)O,C5H12O2,104.14758,472.923,NIST
(((but-1-en-2-yl)oxy)methyl)benzene,,C=C(CC)OCc1ccccc1,C11H14O,162.22826,485.073,NIST
"1-pentyl-2,3-dihydro-1H-indene",'66325-35-7,CCCCCC1CCc2ccccc21,C14H20,188.3086,559.473,NIST
1-(1-(1-methoxybutoxy)butoxy)butan-1-ol,,CCCC(O)OC(CCC)OC(CCC)OC,C13H28O4,248.35902,567.473,NIST
heptylcycloheptane,'18373-89-2,CCCCCCCC1CCCCCC1,C14H28,196.37212,528.397,NIST
"undeca-1,4-diene",'53786-93-9,C=CCC=CCCCCCC,C11H20,152.2765,464.644,NIST
"6-butyl-7-hexyl-1,2,3,4-tetrahydronaphthalene",'66538-96-3,CCCCCCc1cc2c(cc1CCCC)CCCC2,C20H32,272.46808,625.452,NIST
1-(diphenylmethyl)-3-nitroazetidine,'125735-37-7,O=[N+]([O-])C1CN(C(c2ccccc2)c2ccccc2)C1,C16H16N2O2,268.31044,649.285,NIST
dimethyl 3-methyl-3-propylpentanedioate,'857793-54-5,CCCC(C)(CC(=O)OC)CC(=O)OC,C11H20O4,216.2741,521.123,NIST
4-methyl-2-((prop-1-en-2-yl)oxy)pent-1-ene,'61463-39-6,C=C(C)OC(=C)CC(C)C,C9H16O,140.22274,402.108,NIST
"1,1'-(hexane-1,6-diylbis(oxy))bis(4-ethynylbenzene)",'96172-86-0,C#Cc1ccc(OCCCCCCOc2ccc(C#C)cc2)cc1,C22H22O2,318.40888,683.08,NIST
ethyl tridecanoate,'28267-29-0,CCCCCCCCCCCCC(=O)OCC,C15H30O2,242.3975,556.113,NIST
1-(propan-2-yl)-2-(propan-2-ylidene)hydrazine,'7423-01-0,CC(C)=NNC(C)C,C6H14N2,114.18876,426.59,NIST
"2-cyclohexyl-4,6-dinitrophenol",'131-89-5,O=[N+]([O-])c1cc(C2CCCCC2)c(O)c([N+](=O)[O-])c1,C12H14N2O5,266.24996,564.118,NIST
octan-2-yl dodecanoate,'55194-07-5,CCCCCCCCCCCC(=O)OC(C)CCCCCC,C20H40O2,312.5304,622.339,NIST
"bis(2-methylpropyl)cyclohexane-1,2-dicarboxylate",'70969-58-3,CC(C)COC(=O)C1CCCCC1C(=O)OCC(C)C,C16H28O4,284.39112,,DIPPR
"1-methyl-4-(2,4,4-trimethylpentan-2-yl)benzene",'2055-77-8,Cc1ccc(C(C)(C)CC(C)(C)C)cc1,C15H24,204.35106,534.095,NIST
"1,1'-(hexane-1,4-diyl)dibenzene",'81631-59-6,CCC(CCCc1ccccc1)c1ccccc1,C18H22,238.36728,594.362,NIST
2-(hydroxymethyl)cyclohexan-1-ol,'27583-43-3,OCC1CCCCC1O,C7H14O2,130.18486,533.737,NIST
"1,1-diethoxy-2-methylpropane",'1741-41-9,CCOC(OCC)C(C)C,C8H18O2,146.22732,411.132,NIST
5-butyldecan-5-ol,'5340-34-1,CCCCCC(O)(CCCC)CCCC,C14H30O,214.3874,542.706,NIST
"2,4,5,5-tetramethyl-1,3-dioxane",'23204-74-2,C[C@H]1OCC(C)(C)[C@H](C)O1,C8H16O2,144.21144,421.568,NIST
"2,2,4,9,11,11-hexamethyldodecane",'6304-50-3,CC(CCCCC(C)CC(C)(C)C)CC(C)(C)C,C18H38,254.49432,558.792,NIST
"1,1'-(butane-1,4-diyl)dibenzene",'1083-56-3,c1ccc(CCCCc2ccccc2)cc1,C16H18,210.31412,589.026,NIST
tert-butylformamide,'2425-74-3,CC(C)(C)N=CO,C5H11NO,101.14694,,DIPPR
"1,2,4-trimethyl-5-propylbenzene",'91647-78-8,CCCc1cc(C)c(C)cc1C,C12H18,162.27132,511.052,NIST
"4-butyl-2,5-dimethylpyridine",'91339-10-5,CCCCc1cc(C)ncc1C,C11H17N,163.25938,504.85,NIST
"1,3-oxathiane-3,3-dioxide",'109577-03-9,O=S1(=O)CCCOC1,C4H8O3S,136.16952,576.876,NIST
"1,4-bis(4-methylphenyl)piperazine",'3367-48-4,Cc1ccc(N2CCN(c3ccc(C)cc3)CC2)cc1,C18H22N2,266.38068,643.404,NIST
(pent-1-yn-1-yl)benzene,'4250-81-1,CCCC#Cc1ccccc1,C11H12,144.21298,508.662,NIST
"2-methylbenzene-1,4-diol",'95-71-6,Cc1cc(O)ccc1O,C7H8O2,124.13722,552.147,NIST
5-methylhexan-2-one,'110-12-3,CC(=O)CCC(C)C,C7H14O,114.18546,413.876,NIST
"2-(propan-2-yl)butane-1,4-diol",'39497-66-0,CC(C)C(CO)CCO,C7H16O2,132.20074,525.486,NIST
"6,11-methanobenzo(10)annulene",'256-61-1,C1=CC2=Cc3ccccc3C=C(C=C1)C2,C15H12,192.25578,597.613,NIST
"(3E,5E)-hepta-1,3,5-triene",'17679-93-5,C=C/C=C/C=C/C,C7H10,94.1543,393.17,NIST
1-(4-(dimethylamino)phenyl)ethan-1-ol,'5338-94-3,CC(O)c1ccc(N(C)C)cc1,C10H15NO,165.2322,542.307,NIST
"2-methoxy-4,4,6-trimethyl-1,3-dioxane",'21589-55-9,CO[C@@H]1O[C@H](C)CC(C)(C)O1,C8H16O3,160.21084,445.943,NIST
N-(pyridin-2-yl)benzamide,4589-12-0200:00:00,OC(=Nc1ccccn1)c1ccccc1,C12H10N2O,198.2206,672.982,NIST
N-nonylcyclohexanamine,'30249-29-7,CCCCCCCCCNC1CCCCC1,C15H31N,225.41334,565.582,NIST
ethyl (4R)-4-methylhexanoate,'16176-99-1,CCOC(=O)CC[C@H](C)CC,C9H18O2,158.23802,458.524,NIST
1-phenyl-1H-tetrazole,'5378-52-9,c1ccc(-n2cnnn2)cc1,C7H6N4,146.14934,631.402,NIST
"1-hexyl-2,4-dimethylcyclopentane",'13398-60-2,CCCCCC[C@H]1C[C@@H](C)C[C@H]1C,C13H26,182.34554,488.642,NIST
(non-4-en-5-yl)benzene,'42044-74-6,CCCC=C(CCCC)c1ccccc1,C15H22,202.33518,554.268,NIST
"3,3,4,4-tetramethyl-3,4-dihydro-1,2-diazete",'54166-22-2,CC1(C)N=NC1(C)C,C6H12N2,112.17288,407.081,NIST
4-chloro-3-methylphenol,'59-50-7,Cc1cc(O)ccc1Cl,C7H7ClO,142.58288,505.165,NIST
4-iodobenzoyl chloride,'1711-02-0,O=C(Cl)c1ccc(I)cc1,C7H4ClIO,266.46353,559.286,NIST
pentyl 2-hydroxybenzoate,'2050-08-0,CCCCCOC(=O)c1ccccc1O,C12H16O3,208.25364,582.348,NIST
"(3Z,5E)-hepta-1,3,5-triene",'24587-25-5,C=C/C=C\C=C\C,C7H10,94.1543,388.838,NIST
"2,4,5-trimethylheptan-4-ol",'66256-46-0,CCC(C)C(C)(O)CC(C)C,C10H22O,158.28108,463.896,NIST
2-(pentyloxy)ethan-1-ol,'6196-58-3,CCCCCOCCO,C7H16O2,132.20074,,DIPPR
"1-tert-butyl-3,3-dinitroazetidine",'125735-38-8,CC(C)(C)N1CC([N+](=O)[O-])([N+](=O)[O-])C1,C7H13N3O4,203.19582,550.034,NIST
"1,4,5,7-tetramethyl-1,2,3,4-tetrahydronaphthalene",'1680-59-7,Cc1cc(C)c2c(c1)C(C)CCC2C,C14H20,188.3086,546.51,NIST
methoxycyclopentane,'5614-37-9,COC1CCCC1,C6H12O,100.15888,378.475,NIST
henicosylbenzene,'40775-09-5,CCCCCCCCCCCCCCCCCCCCCc1ccccc1,C27H48,372.67002,692.704,NIST
"3,4'-dibromo-1,1'-biphenyl",'57186-90-0,Brc1ccc(-c2cccc(Br)c2)cc1,C12H8Br2,311.99992,613.338,NIST
2-chloro-2-fluoropropane,'420-44-0,CC(C)(F)Cl,C3H6ClF,96.5311432,340.824,NIST
(1Z)-1-methoxycyclododec-1-ene,'23057-12-7,CO/C1=C\CCCCCCCCCC1,C13H24O,196.32906,528.075,NIST
decyl formate,'5451-52-5,CCCCCCCCCCOC=O,C11H22O2,186.29118,507.168,NIST
"2,6,8-trimethylnona-2,6-diene",'119925-08-5,CC(C)=CCCC(C)=CC(C)C,C12H22,166.30308,474.228,NIST
1-cyclohexyl-4-methylbenzene,'4501-36-4,Cc1ccc(C2CCCCC2)cc1,C13H18,174.28202,533.772,NIST
"octahydro-1H-2,5-methanoindene",'19026-94-9,C1CC2CC3CC1CC2C3,C10H16,136.23404,456.453,NIST
((propan-2-yl)oxy)acetyl chloride,'56680-71-8,CC(C)OCC(=O)Cl,C5H9ClO2,136.57676,400.129,NIST
"1,3-diphenylpropan-2-one",'102-04-5,O=C(Cc1ccccc1)Cc1ccccc1,C15H14O,210.27106,602.186,NIST
1-bromo-2-nitrobenzene,'577-19-5,O=[N+]([O-])c1ccccc1Br,C6H4BrNO2,202.00546,533.098,NIST
"trans-4(1,1-dimethylethyl)cyclohexanoyl chloride",'28467-42-7,CC(C)(C)[C@H]1CC[C@H](C(=O)Cl)CC1,C11H19ClO,202.72096,509.098,NIST
2-chloropentane,'625-29-6,CCCC(C)Cl,C5H11Cl,106.59384,369.573,NIST
N-(3-methylbutyl)hexan-1-amine,'78579-60-9,CCCCCCNCCC(C)C,C11H25N,171.3229,480.32,NIST
"5-(2-methylpropyl)-1,2,3,4-tetrahydronaphthalene",'5458-54-8,CC(C)Cc1cccc2c1CCCC2,C14H20,188.3086,543.588,NIST
"2,3,3-trimethylhex-1-ene",'360769-33-1,C=C(C)C(C)(C)CCC,C9H18,126.23922,404.93,NIST
N-(4-ethylphenyl)-3-thia-1-azabicyclo(3.3.1)nonan-2-imine,'1583299-20-0,CCc1ccc(N=C2SCC3CCCN2C3)cc1,C15H20N2S,260.3977,675.909,NIST
"trans-bicyclo(2.2.2)octane-2,3-dicarbonitrile",'6303-65-7,N#C[C@H]1C2CCC(CC2)[C@@H]1C#N,C10H12N2,160.21568,645.332,NIST
2-(ethanesulfonyl)-2-methylpropane,'34008-94-1,CCS(=O)(=O)C(C)(C)C,C6H14O2S,150.23916,548.964,NIST
(2-(ethylsulfanyl)ethoxy)ethene,'18370-87-1,C=COCCSCC,C6H12OS,132.22388,442.817,NIST
4-hydroxy-3-methoxybenzaldehyde,'121-33-5,COc1cc(C=O)ccc1O,C8H8O3,152.14732,,DIPPR
1-(2-methylprop-1-en-1-yl)cyclohex-1-ene,'62184-84-3,CC(C)=CC1=CCCCC1,C10H16,136.23404,445.642,NIST
N-(butan-2-yl)butan-2-amine,'626-23-3,CCC(C)NC(C)CC,C8H19N,129.24316,407.888,NIST
5-methylheptan-3-ol,'18720-65-5,CCC(C)CC(O)CC,C8H18O,130.22792,427.004,NIST
"2,3,3',4,4',5'-hexachloro-1,1'-biphenyl",'69782-90-7,Clc1cc(-c2ccc(Cl)c(Cl)c2Cl)cc(Cl)c1Cl,C12H4Cl6,360.87816,684.085,NIST
"2-butyl-1,1-dichlorocyclopropane",3722-08-0500:00:00,CCCCC1CC1(Cl)Cl,C7H12Cl2,167.07618,447.686,NIST
"1,1'-(dodecane-1,1-diyl)dicyclohexane",'18254-57-4,CCCCCCCCCCCC(C1CCCCC1)C1CCCCC1,C24H46,334.62204,679.544,NIST
(dec-1-en-1-yl)benzene,'33206-62-1,CCCCCCCCC=Cc1ccccc1,C16H24,216.36176,579.633,NIST
N-(2-bromo-4-ethylphenyl)acetamide,'90868-93-2,CCc1ccc(N=C(C)O)c(Br)c1,C10H12BrNO,242.11238,645.378,NIST
pentyl 3-phenylpropanoate,'165234-01-5,CCCCCOC(=O)CCc1ccccc1,C14H20O2,220.3074,554.133,NIST
"2,3-dibromohexane",6423-02-0500:00:00,CCCC(Br)C(C)Br,C6H12Br2,243.96748,467.537,NIST
cycloheptadecanone,'3661-77-6,O=C1CCCCCCCCCCCCCCCC1,C17H32O,252.43538,614.779,NIST
2-methylpropyl (2E)-but-2-enoate,'589-66-2,C/C=C/C(=O)OCC(C)C,C8H14O2,142.19556,444.141,NIST
"3,3-dimethylbutyl 3,3-dimethylbutanoate",'855238-57-2,CC(C)(C)CCOC(=O)CC(C)(C)C,C12H24O2,200.31776,481.98,NIST
4-ethylheptan-2-one,'121138-93-0,CCCC(CC)CC(C)=O,C9H18O,142.23862,454.125,NIST
7-methylnonan-4-ol,'26981-98-6,CCCC(O)CCC(C)CC,C10H22O,158.28108,482.083,NIST
"(2Z)-3,4,4-trimethylpent-2-ene",'39761-64-3,C/C=C(/C)C(C)(C)C,C8H16,112.21264,385.426,NIST
2-methylquinoline,'91-63-4,Cc1ccc2ccccc2n1,C10H9N,143.18516,,DIPPR
1-ethylpyrrolidin-2-one,'2687-91-4,CCN1CCCC1=O,C6H11NO,113.15764,,DIPPR
"3,5-dichloropyridine",'2457-47-8,Clc1cncc(Cl)c1,C5H3Cl2N,147.99002,460.557,NIST
methyl benzoate,'93-58-3,COC(=O)c1ccccc1,C8H8O2,136.14792,,DIPPR
1-(2-(dimethylamino)ethyl)-4-methylpiperazine,'104-19-8,CN(C)CCN1CCN(C)CC1,C9H21N3,171.28314,500.043,NIST
"2,2,4-trimethylnonane",'62184-50-3,CCCCCC(C)CC(C)(C)C,C12H26,170.33484,464.878,NIST
"cyclohexa-1,3-diene",'592-57-4,C1=CCCC=C1,C6H8,80.12772,,DIPPR
1-tert-butoxyoctane,'51323-70-7,CCCCCCCCOC(C)(C)C,C12H26O,186.33424,487.864,NIST
2-ethylhexyl benzoate,'5444-75-7,CCCCC(CC)COC(=O)c1ccccc1,C15H22O2,234.33398,,DIPPR
3-methylbutan-1-amine,'107-85-7,CC(C)CCN,C5H13N,87.16342,369.429,NIST
1-cyclopropylethan-1-one,'765-43-5,CC(=O)C1CC1,C5H8O,84.11642,384.138,NIST
"1,3-benzothiazole",'95-16-9,c1ccc2scnc2c1,C7H5NS,135.1863,507.752,NIST
1-(morpholin-4-yl)hexadecan-1-one,'5299-68-3,CCCCCCCCCCCCCCCC(=O)N1CCOCC1,C20H39NO2,325.52916,700.711,NIST
1-(pyridin-2-yl)ethan-1-one,'1122-62-9,CC(=O)c1ccccn1,C7H7NO,121.13658,482.117,NIST
pentadec-2-enoic acid,'92857-27-7,CCCCCCCCCCCCC=CC(=O)O,C15H28O2,240.38162,596.839,NIST
(2E)-3-phenylprop-2-enenitrile,'1885-38-7,N#C/C=C/c1ccccc1,C9H7N,129.15858,532.962,NIST
(heptan-2-yl)cyclopentane,'89216-54-6,CCCCCC(C)C1CCCC1,C12H24,168.31896,492.161,NIST
"3,4,5-trimethyl-1,2-oxazole",'10557-82-1,Cc1noc(C)c1C,C6H9NO,111.14176,444.141,NIST
(2-(2-methylcyclopent-1-en-1-yl)ethyl)benzene,'131865-73-1,CC1=C(CCc2ccccc2)CCC1,C14H18,186.29272,536.488,NIST
4-methoxybenzoic acid,'100-09-4,COc1ccc(C(=O)O)cc1,C8H8O3,152.14732,570.045,NIST
"2,3,5-trimethyl-1H-pyrrole",'2199-41-9,Cc1cc(C)c(C)[nH]1,C7H11N,109.16894,471.196,NIST
2-methylcyclohexyl acetate,'5726-19-2,CC(=O)OC1CCCCC1C,C9H16O2,156.22214,458.57,NIST
"2-aminobutane-1,3-diol",'31066-40-7,CC(O)C(N)CO,C4H11NO2,105.13564,521.41,NIST
"1,3-dipentylbenzene",'1752-08-5,CCCCCc1cccc(CCCCC)c1,C16H26,218.37764,558.692,NIST
"(1Z)-1,2,3,3,4,4,4-heptafluorobut-1-ene",'70660-85-4,F/C=C(\F)C(F)(F)C(F)(F)F,C4HF7,182.0395624,285.583,NIST
"3,5,5-trimethylhept-2-ene",'39083-40-4,CC=C(C)CC(C)(C)CC,C10H20,140.2658,434.186,NIST
deuterium chloride,7698-05-0700:00:00,[2H]Cl,HCl,37.46710178,188.544,NIST
"1,3-dimethyl-6,7-dihydro-1H-cyclopenta(d)pyrimidine-2,4(3H,5H)-dione",'49786-32-5,Cn1c2c(c(=O)n(C)c1=O)CCC2,C9H12N2O2,180.20378,601.078,NIST
cis-verbenol,'1845-30-3,CC1=C[C@@H](O)[C@@H]2C[C@@H]1C2(C)C,C10H16O,152.23344,479.988,NIST
(3-chloroprop-2-en-1-yl)benzene,'6268-37-7,ClC=CCc1ccccc1,C9H9Cl,152.62076,482.418,NIST
"1,1,1,2,2,3,3,4,4,5,5,6,6,7,7,8,8,9,9,10,10-henicosafluoro-20-((prop-2-en-1-yl)oxy)icosane",'129794-58-7,C=CCOCCCCCCCCCCC(F)(F)C(F)(F)C(F)(F)C(F)(F)C(F)(F)C(F)(F)C(F)(F)C(F)(F)C(F)(F)C(F)(F)F,C23H25F21O,716.4104672,628.181,NIST
tert-butyl dodecanoate,'7143-18-2,CCCCCCCCCCCC(=O)OC(C)(C)C,C16H32O2,256.42408,550.075,NIST
"1,1,1-trichloro-2-(chloro(fluoro)methoxy)-2,2-difluoroethane",'37031-44-0,FC(Cl)OC(F)(F)C(Cl)(Cl)Cl,C3HCl4F3O,251.8466496,408.117,NIST
"1,1,1,17-tetrachloroheptadecane",'93479-16-4,ClCCCCCCCCCCCCCCCCC(Cl)(Cl)Cl,C17H32Cl4,378.24798,659.848,NIST
1-bromo-3-vinylbenzene,'2039-86-3,C=Cc1cccc(Br)c1,C8H7Br,183.04518,505.591,NIST
"diethyl 2,2'-(cyclopentane-1,1-diyl)diacetate",'294886-05-8,CCOC(=O)CC1(CC(=O)OCC)CCCC1,C13H22O4,242.31138,551.608,NIST
"4-propylhepta-1,6-dien-4-ol",'52939-61-4,C=CCC(O)(CC=C)CCC,C10H18O,154.24932,478.437,NIST
trans-5-undecene,'764-97-6,CCCC/C=C/CCCCC,C11H22,154.29238,463.32,NIST
"5,8-dimethyldodecane",'90600-89-8,CCCCC(C)CCC(C)CCCC,C14H30,198.388,503.518,NIST
1-undecylnaphthalene,'7225-71-0,CCCCCCCCCCCc1cccc2ccccc12,C21H30,282.4629,668.02,NIST
"trideca-6,7-diene",'872-18-4,CCCCCC=C=CCCCCC,C13H24,180.32966,507.097,NIST
4-methyldodecane,'6117-97-1,CCCCCCCCC(C)CCC,C13H28,184.36142,502.293,NIST
"1,1'-disulfanediyldicyclopentane",'4485-78-3,C1CCC(SSC2CCCC2)C1,C10H18S2,202.37992,552.521,NIST
"N,N'-cyclohexane-1,1-diylbis(N-fluorohypofluorous amide)",'18273-20-6,FN(F)C1(N(F)F)CCCCC1,C6H10F4N2,186.1506128,441.204,NIST
"1,8-dichlorooctane",'2162-99-4,ClCCCCCCCCCl,C8H16Cl2,183.11864,518.736,NIST
4-(nonan-2-yl)phenol,'17404-66-9,CCCCCCCC(C)c1ccc(O)cc1,C15H24O,220.35046,586.978,NIST
"1,3-diethyl-2,4-dimethylbenzene",'96857-28-2,CCc1ccc(C)c(CC)c1C,C12H18,162.27132,508.899,NIST
"2,5,5-trimethylhexan-2-ol",'66793-71-3,CC(C)(C)CCC(C)(C)O,C9H20O,144.2545,435.662,NIST
"2,6-dimethylheptane-2,6-diol",'6257-51-8,CC(C)(O)CCCC(C)(C)O,C9H20O2,160.2539,491.94,NIST
2-bromoethyl butanoate,'6065-66-3,CCCC(=O)OCCBr,C6H11BrO2,195.05434,459.035,NIST
2-methylpentyl acetate,'7789-99-3,CCCC(C)COC(C)=O,C8H16O2,144.21144,429.729,NIST
"(3E)-hexa-1,3-dien-5-yne",'5222-77-5,C#C/C=C/C=C,C6H6,78.11184,356.869,NIST
"1,2-dimethylcyclohexan-1-ol",'5402-29-9,CC1CCCCC1(C)O,C8H16O,128.21204,442.658,NIST
tricosan-12-one,'540-09-0,CCCCCCCCCCCC(=O)CCCCCCCCCCC,C23H46O,338.61074,642.907,NIST
"1,5-dichlorohexane",'54305-90-7,CC(Cl)CCCCCl,C6H12Cl2,155.06548,455.908,NIST
3-(hexan-3-yl)phenol,'97218-44-5,CCCC(CC)c1cccc(O)c1,C12H18O,178.27072,551.772,NIST
"2,7-dimethyl-4,5-dimethylideneoctane",'90822-62-1,C=C(CC(C)C)C(=C)CC(C)C,C12H22,166.30308,458.354,NIST
"1,1,2,3,4,4-hexafluorobuta-1,3-diene",'685-63-2,FC(F)=C(F)C(F)=C(F)F,C4F6,162.0332192,278.566,NIST
"N,N,2,3-tetramethyl-3-phenylbutan-2-amine",'29772-98-3,CN(C)C(C)(C)C(C)(C)c1ccccc1,C14H23N,205.33912,548.198,NIST
4-ethoxybutanenitrile,'33563-82-5,CCOCCCC#N,C6H11NO,113.15764,454.496,NIST
ethyl octanoate,'106-32-1,CCCCCCCC(=O)OCC,C10H20O2,172.2646,481.315,NIST
"trans-4-(1,1-dimethylethyl)cyclohexanoic acid ethyl ester",'7214-35-9,CCOC(=O)[C@H]1CC[C@H](C(C)(C)C)CC1,C13H24O2,212.32846,518.922,NIST
1-((methyldichlorosilyl)ethyl)adamantane,'37843-12-2,C[Si](Cl)(Cl)CCC12CC3CC(CC(C3)C1)C2,C13H22Cl2Si,277.30528,592.739,NIST
2-(piperidin-1-yl)ethan-1-ol,'3040-44-6,OCCN1CCCCC1,C7H15NO,129.2001,489.356,NIST
3-methyl-4-nitrobenzoic acid,'3113-71-1,Cc1cc(C(=O)O)ccc1[N+](=O)[O-],C8H7NO4,181.14548,597.215,NIST
"exo-1,7,7-trimethylbicyclo(2.2.1)heptan-2-ol formate",'1200-67-5,CC1(C)[C@@H]2CC[C@]1(C)[C@@H](OC=O)C2,C11H18O2,182.25942,488.892,NIST
4-chloropent-1-ene,'10524-08-0,C=CCC(C)Cl,C5H9Cl,104.57796,352.074,NIST
"1-chloro-3,3-dimethylpentane",'34887-09-7,CCC(C)(C)CCCl,C7H15Cl,134.647,415.764,NIST
"(2E)-3-phenyl-N,N-dipropylprop-2-enamide",'23784-56-7,CCCN(CCC)C(=O)/C=C/c1ccccc1,C15H21NO,231.33334,603.126,NIST
anthracene-9-carbaldehyde,'642-31-9,O=Cc1c2ccccc2cc2ccccc12,C15H10O,206.2393,672.917,NIST
"1,4-dimethyl-2-pentylbenzene",'3042-52-2,CCCCCc1cc(C)ccc1C,C13H20,176.2979,518.31,NIST
ethyl 2-butoxypropanoate,'109857-47-8,CCCCOC(C)C(=O)OCC,C9H18O3,174.23742,472.318,NIST
"1,1,1,3,3,5,5,7,7,9,9,11,11,12,12,14,14,16,16,18,18,20,20,22,22,22-hexacosafluoro-2,4,6,8,10,13,15,17,19,21-decaoxadocosane",'927699-30-7,FC(F)(F)OC(F)(F)OC(F)(F)OC(F)(F)OC(F)(F)OC(F)(F)C(F)(F)OC(F)(F)OC(F)(F)OC(F)(F)OC(F)(F)OC(F)(F)F,C12F26O10,798.0808832,468.518,NIST
"oxydi(ethane-2,1-diyl)bis(2-ethylbutanoate)",'84445-15-8,CCC(CC)C(=O)OCCOCCOC(=O)C(CC)CC,C16H30O5,302.4064,598.645,NIST
5-nitronon-4-ene,6065-01-0600:00:00,CCCC=C(CCCC)[N+](=O)[O-],C9H17NO2,171.23678,512.02,NIST
1-methyl-5-nitro-1H-tetrazole,'26621-42-1,Cn1nnnc1[N+](=O)[O-],C2H3N5O2,129.07752,629.483,NIST
(3S)-3-methylhexane,'6131-24-4,CCC[C@@H](C)CC,C7H16,100.20194,364.678,NIST
(2R)-2-ethylpentanoic acid,'49642-52-6,CCC[C@@H](CC)C(=O)O,C7H14O2,130.18486,487.109,NIST
benzenesulfonyl fluoride,'368-43-4,O=S(=O)(F)c1ccccc1,C6H5FO2S,160.1661032,482.019,NIST
1-((propan-2-yl)sulfanyl)propane,'5008-73-1,CCCSC(C)C,C6H14S,118.24036,405.171,NIST
4-chlorododecane,'2350-13-2,CCCCCCCCC(Cl)CCC,C12H25Cl,204.7799,532.145,NIST
"2,7-dimethyloctane",'1072-16-8,CC(C)CCCCC(C)C,C10H22,142.28168,433.248,NIST
"1,1',1''-(heptane-1,1,1-triyl)tribenzene",'25347-34-6,CCCCCCC(c1ccccc1)(c1ccccc1)c1ccccc1,C25H28,328.48982,697.805,NIST
"4,5-dimethylquinoline",'59129-74-7,Cc1cccc2nccc(C)c12,C11H11N,157.21174,548.094,NIST
dihexyl (2Z)-but-2-enedioate,'16064-83-8,CCCCCCOC(=O)/C=C\C(=O)OCCCCCC,C16H28O4,284.39112,611.536,NIST
"1,1',1''-(2-fluoropropane-1,2,3-triyl)tribenzene",'193472-72-9,FC(Cc1ccccc1)(Cc1ccccc1)c1ccccc1,C21H19F,290.3739632,665.383,NIST
3-ethyl-3-heptylundecanoic acid,'94677-41-5,CCCCCCCCC(CC)(CCCCCCC)CC(=O)O,C20H40O2,312.5304,658.525,NIST
1-butoxy-3-tert-butoxypropan-2-ol,'42910-65-6,CCCCOCC(O)COC(C)(C)C,C11H24O3,204.30646,523.047,NIST
cycloheptane,'291-64-5,C1CCCCCC1,C7H14,98.18606,,DIPPR
3-methylpentanedioic acid,'626-51-7,CC(CC(=O)O)CC(=O)O,C6H10O4,146.1412,553.302,NIST
"1,1,2,3,3-pentafluoroprop-2-en-1-yl hypofluorite",,FOC(F)(F)C(F)=C(F)F,C3F6O,166.0219192,286.786,NIST
"cyclotetradeca-1,8-diyne",'1540-80-3,C1#CCCCCCC#CCCCCC1,C14H20,188.3086,573.48,NIST
"hexane-1,2-diol",'6920-22-5,CCCCC(O)CO,C6H14O2,118.17416,497.231,NIST
"N,N-dibutyl-2-ethylhexanamide",'5831-86-7,CCCCC(CC)C(=O)N(CCCC)CCCC,C16H33NO,255.43932,594.586,NIST
1-ethoxy-3-phenylpropan-1-ol,'1823340-49-3,CCOC(O)CCc1ccccc1,C11H16O2,180.24354,535.876,NIST
"3,4,4-trimethylhexan-1-ol",'66793-73-5,CCC(C)(C)C(C)CCO,C9H20O,144.2545,464.149,NIST
"6-methyl-2,3,4,5-tetrahydro-1,1'-biphenyl",'35563-53-2,CC1=C(c2ccccc2)CCCC1,C13H16,172.26614,526.657,NIST
"4-ethylhex-2-yne-1,4-diol",'163005-62-7,CCC(O)(C#CCO)CC,C8H14O2,142.19556,519.217,NIST
"N,3-dibutyl-3-propyloctanamide",'94381-09-6,CCCCCC(CCC)(CCCC)CC(O)=NCCCC,C19H39NO,297.51906,658.925,NIST
1-(2-(2-butoxyethoxy)ethoxy)butane,'112-73-2,CCCCOCCOCCOCCCC,C12H26O3,218.33304,530.931,NIST
iodoacetic acid,'64-69-7,O=C(O)CI,C2H3IO2,185.94849,482.558,NIST
"(3,7-dimethyloct-7-en-1-yl)benzene",,C=C(C)CCCC(C)CCc1ccccc1,C16H24,216.36176,560.062,NIST
(2-ethoxypropan-2-yl)benzene,'1712-74-9,CCOC(C)(C)c1ccccc1,C11H16O,164.24414,492.379,NIST
2-butylfuran,'4466-24-4,CCCCc1ccco1,C8H12O,124.18028,411.939,NIST
ethanedial dioxime,'557-30-2,ON=CC=NO,C2H4N2O2,88.06536,506.047,NIST
"N,N-diethylurea",'634-95-7,CCN(CC)C(=N)O,C5H12N2O,116.16158,540.772,NIST
(((1E)-prop-1-en-1-yl)sulfanyl)benzene,'15436-04-1,C/C=C/Sc1ccccc1,C9H10S,150.2407,502.18,NIST
"(2E)-3-(4-methoxyphenyl)-N,N-dipropylprop-2-enamide",'23784-84-1,CCCN(CCC)C(=O)/C=C/c1ccc(OC)cc1,C16H23NO2,261.35932,685.445,NIST
"10,13-dimethyldocosane",'50687-99-5,CCCCCCCCC[C@H](C)CC[C@@H](C)CCCCCCCCC,C24H50,338.6538,663.951,NIST
1-iodo-3-methoxybenzene,'766-85-8,COc1cccc(I)c1,C7H7IO,234.03435,522.921,NIST
1-butoxydecane,'111082-32-7,CCCCCCCCCCOCCCC,C14H30O,214.3874,530.909,NIST
2-ethyl-4-methylphenol,'3855-26-3,CCc1cc(C)ccc1O,C9H12O,136.19098,504.663,NIST
"pyrimidine-2,4,6-triamine",'1004-38-2,N=c1cc(N)[nH]c(=N)[nH]1,C4H7N5,125.13188,634.093,NIST
5-methyl-2-(3-methylbutyl)hexan-1-ol,'859973-06-1,CC(C)CCC(CO)CCC(C)C,C12H26O,186.33424,515.578,NIST
"1,1,1,2,2,3,3,4,4,5,5,6,6,7,7,8,8,9,9,10,10-henicosafluoro-14-((prop-2-en-1-yl)oxy)tetradecane",'129794-60-1,C=CCOCCCCC(F)(F)C(F)(F)C(F)(F)C(F)(F)C(F)(F)C(F)(F)C(F)(F)C(F)(F)C(F)(F)C(F)(F)F,C17H13F21O,632.2509872,544.406,NIST
"1,11-diamino-3,6,9-triazaundecane",'112-57-2,NCCNCCNCCNCCN,C8H23N5,189.30172,,DIPPR
"1,1,1-trichloroeicosane",'62108-64-9,CCCCCCCCCCCCCCCCCCCC(Cl)(Cl)Cl,C20H39Cl3,385.88266,671.309,NIST
4-chloro-2-ethylaniline,'30273-39-3,CCc1cc(Cl)ccc1N,C8H10ClN,155.6247,525.076,NIST
5-propyloctan-1-ol,'59117-31-6,CCCC(CCC)CCCCO,C11H24O,172.30766,511.082,NIST
S-tert-butyl ethanethioate,'999-90-6,CC(=O)SC(C)(C)C,C6H12OS,132.22388,404.63,NIST
"2-(3,5-dichlorophenyl)-2-(2,2,2-trichloroethyl)oxirane",'58138-08-2,Clc1cc(Cl)cc(C2(CC(Cl)(Cl)Cl)CO2)c1,C10H7Cl5O,320.42698,615.776,NIST
"2,5,8-trimethyl-1,2,3,4-tetrahydronaphthalene",'30316-17-7,Cc1ccc(C)c2c1CCC(C)C2,C13H18,174.28202,529.363,NIST
1-tolylurea,'63-99-0,Cc1cccc(NC(=N)O)c1,C8H10N2O,150.1778,641.823,NIST
"2,2,2-trinitroethyl acetate",'9998-90-7,CC(=O)OCC([N+](=O)[O-])([N+](=O)[O-])[N+](=O)[O-],C4H5N3O8,223.0978,601.421,NIST
1-(ethenyloxy)propane,'764-47-6,C=COCCC,C5H10O,86.1323,337.821,NIST
1-ethyl-4-(pentan-2-yl)benzene,'92102-07-3,CCCC(C)c1ccc(CC)cc1,C13H20,176.2979,502.897,NIST
2-hexadecanethiol,'66271-53-2,CCCCCCCCCCCCCCC(C)S,C16H34S,258.50616,592.878,NIST
non-4-yn-3-ol,'999-70-2,CCCCC#CC(O)CC,C9H16O,140.22274,480.141,NIST
"(1alpha,3abeta,6abeta)-octahydro-1-methylpentalene",'1551-77-5,C[C@@H]1CC[C@@H]2CCC[C@@H]21,C9H16,124.22334,426.933,NIST
3-bromophenol,'591-20-8,Oc1cccc(Br)c1,C6H5BrO,173.0073,516.857,NIST
pentyl butanoate,'540-18-1,CCCCCOC(=O)CCC,C9H18O2,158.23802,,DIPPR
9-butyl-9H-fluorene,'3952-42-9,CCCCC1c2ccccc2-c2ccccc21,C17H18,222.32482,631.569,NIST
"N,2,4,4-tetramethylpentan-2-amine",'10151-03-8,CNC(C)(C)CC(C)(C)C,C9H21N,143.26974,423.525,NIST
2-chlorocyclohexyl nitrite,'57932-32-8,O=NOC1CCCCC1Cl,C6H10ClNO2,163.6021,451.487,NIST
"pentacyclo(7.3.1.1(4,12).0(2,7).0(6,11))tetradecane",'2292-79-7,C1C2C[C@H]3[C@@H]4CC5C[C@@H]([C@H]14)[C@@H](C2)[C@@H]3C5,C14H20,188.3086,,DIPPR
diphenylacetic acid,'117-34-0,O=C(O)C(c1ccccc1)c1ccccc1,C14H12O2,212.24388,650.611,NIST
"1,3,4,7-tetramethyl-2,3-dihydro-1H-indene",'66324-64-9,Cc1ccc(C)c2c1C(C)CC2C,C13H18,174.28202,534.567,NIST
"5-hexyl-2-methyl-1,3-dioxane",'22645-32-5,CCCCCC[C@H]1CO[C@H](C)OC1,C11H22O2,186.29118,500.457,NIST
"1,3,5-trimethyl-1H-pyrazole",'1072-91-9,Cc1cc(C)n(C)n1,C6H10N2,110.157,507.05,NIST
6-(hexyloxy)-6-oxohexanoic acid,'17961-14-7,CCCCCCOC(=O)CCCCC(=O)O,C12H22O4,230.30068,584.831,NIST
"3,3-dimethylhexa-1,5-diene",'24253-25-6,C=CCC(C)(C)C=C,C8H14,110.19676,374.724,NIST
"3,3-dibutylheptanamide",'92866-65-4,CCCCC(CCCC)(CCCC)CC(=N)O,C15H31NO,241.41274,636.729,NIST
1-octylcyclohex-1-ene,'15232-87-8,CCCCCCCCC1=CCCCC1,C14H26,194.35624,530.539,NIST
1-methoxy-3-methylbenzene,'100-84-5,COc1cccc(C)c1,C8H10O,122.1644,449.616,NIST
"3,5-dimethylpentadecanoic acid",'93815-56-6,CCCCCCCCCCC(C)CC(C)CC(=O)O,C17H34O2,270.45066,610.984,NIST
cyclopentanecarbonitrile,4254-02-0800:00:00,N#CC1CCCC1,C6H9N,95.14236,445.616,NIST
"1,2-dibromo-4-(4-bromophenoxy)benzene",'147217-80-9,Brc1ccc(Oc2ccc(Br)c(Br)c2)cc1,C12H7Br3O,406.89538,667.448,NIST
1-fluoro-4-(methylsulfanyl)benzene,'371-15-3,CSc1ccc(F)cc1,C7H7FS,142.1938832,477.48,NIST
4-ethenyl-2-methylphenol,'45803-83-6,C=Cc1ccc(O)c(C)c1,C9H10O,134.1751,526.144,NIST
"1,2-dimethyl-4-(propan-2-yl)benzene",'4132-77-8,Cc1ccc(C(C)C)cc1C,C11H16,148.24474,473.575,NIST
5-methyldecane,'13151-35-4,CCCCCC(C)CCCC,C11H24,156.30826,460.888,NIST
vanadium oxytrichloride,'7727-18-6,[Cl-].[Cl-].[Cl-].[O-2].[V+5],Cl3OV,173.2999,,DIPPR
2-ethoxythiophene,'36448-24-5,CCOc1cccs1,C6H8OS,128.19212,446.453,NIST
1-bromo-3-methylcyclohexane,'13905-48-1,CC1CCCC(Br)C1,C7H13Br,177.08212,439.851,NIST
(butan-2-yl)cyclopentane,'4850-32-2,CCC(C)C1CCCC1,C9H18,126.23922,427.554,NIST
2-(propan-2-yl)thiophene,'4095-22-1,CC(C)c1cccs1,C7H10S,126.2193,425.303,NIST
hexadecyl pentanoate,'125164-54-7,CCCCCCCCCCCCCCCCOC(=O)CCCC,C21H42O2,326.55698,622.573,NIST
"1,2,3,4,5-pentachloro-6-methylbenzene",'877-11-2,Cc1c(Cl)c(Cl)c(Cl)c(Cl)c1Cl,C7H3Cl5,264.36372,561.039,NIST
octafluoronaphthalene,'313-72-4,Fc1c(F)c(F)c2c(F)c(F)c(F)c(F)c2c1F,C10F8,272.0942256,472.687,NIST
diiodoethyne,'624-74-8,IC#CI,C2I2,277.83034,520.015,NIST
"5,5-dimethyltrideca-6,7-diene",'819-42-1,CCCCCC=C=CC(C)(C)CCCC,C15H28,208.38282,534.879,NIST
"2,5-di-tert-butylfuran",'4789-40-6,CC(C)(C)c1ccc(C(C)(C)C)o1,C12H20O,180.2866,456.078,NIST
1H-pyrazole,'288-13-1,c1cn[nH]c1,C3H4N2,68.07726,,DIPPR
(tridecan-6-yl)benzene,'4534-49-0,CCCCCCCC(CCCCC)c1ccccc1,C19H32,260.45738,596.254,NIST
"2,2,3,3-tetrafluoropropyl hexanoate",'2710-72-7,CCCCCC(=O)OCC(F)(F)C(F)F,C9H14F4O2,230.1998728,518.761,NIST
2-dodecanethiol,'14402-50-7,CCCCCCCCCCC(C)S,C12H26S,202.39984,533.159,NIST
2-methylheptan-3-one,'13019-20-0,CCCCC(=O)C(C)C,C8H16O,128.21204,429.354,NIST
(3-bromophenyl)(phenyl)methanone,'1016-77-9,O=C(c1ccccc1)c1cccc(Br)c1,C13H9BrO,261.11396,624.987,NIST
"1-cyclohexylethane-1,2-diol",'59411-58-4,OCC(O)C1CCCCC1,C8H16O2,144.21144,548.764,NIST
methyl hexanoate,'106-70-7,CCCCCC(=O)OC,C7H14O2,130.18486,423.998,NIST
"4-tert-butyl-2-methyl-1,3-dioxane",'911807-94-8,C[C@H]1OCC[C@@H](C(C)(C)C)O1,C9H18O2,158.23802,448.703,NIST
3-methylthiophene,'616-44-4,Cc1ccsc1,C5H6S,98.16614,,DIPPR
"(2,4,5-trichlorophenoxy)acetic acid",'93-76-5,O=C(O)COc1cc(Cl)c(Cl)cc1Cl,C8H5Cl3O3,255.4825,635.62,NIST
2-phenylcyclopropan-1-amine,'155-09-9,NC1CC1c1ccccc1,C9H11N,133.19034,487.155,NIST
2-methylcyclopropane-1-carbonitrile,'6142-59-2,CC1CC1C#N,C5H7N,81.11578,418.133,NIST
"1-(bromomethyl)-2,4,5-trimethylbenzene",'35509-98-9,Cc1cc(C)c(CBr)cc1C,C10H13Br,213.11422,516.752,NIST
"1-chloro-3,5-dimethylbenzene",'556-97-8,Cc1cc(C)cc(Cl)c1,C8H9Cl,140.61006,456.947,NIST
2-chloro-1-phenylethan-1-one,'532-27-4,O=C(CCl)c1ccccc1,C8H7ClO,154.59358,522.754,NIST
"1,1'-(1,2-dibromoethane-1,2-diyl)dibenzene",'5789-30-0,BrC(c1ccccc1)C(Br)c1ccccc1,C14H12Br2,340.05308,619.811,NIST
"butane-1,4-dithiol",'1191-08-8,SCCCCS,C4H10S2,122.2522,461.845,NIST
4-propylnonadecane,'13287-04-2,CCCCCCCCCCCCCCCC(CCC)CCC,C22H46,310.60064,640.437,NIST
4-iodophenol,'540-38-5,Oc1ccc(I)cc1,C6H5IO,220.00777,541.964,NIST
"3-chloro-5,5-diethylhepta-1,3-diene",'100399-60-8,C=CC(Cl)=CC(CC)(CC)CC,C11H19Cl,186.72156,499.816,NIST
"3,3,6,6,9,9-hexamethyl-1,2,4,5,7,8-hexoxonane",'17088-37-8,CC1(C)OOC(C)(C)OOC(C)(C)OO1,C9H18O6,222.23562,461.696,NIST
"1,3-dichloropropane",'142-28-9,ClCCCCl,C3H6Cl2,112.98574,,DIPPR
"1,1,1-trichloropropane",'7789-89-1,CCC(Cl)(Cl)Cl,C3H5Cl3,147.4308,381.64,NIST
"7-ethyl-1-methyl-5-(propan-2-yl)-2,3-dihydro-1H-indene",'66359-03-3,CCc1cc(C(C)C)cc2c1C(C)CC2,C15H22,202.33518,560.513,NIST
"(S)-2-acetamido-N,4-dimethylpentanamide",'32483-15-1,CN=C(O)[C@H](CC(C)C)N=C(C)O,C9H18N2O2,186.25142,684.382,NIST
(oxolan-2-yl)methyl prop-2-enoate,'2399-48-6,C=CC(=O)OCC1CCCO1,C8H12O3,156.17908,473.565,NIST
pentafluorobenzoic acid,'602-94-8,O=C(O)c1c(F)c(F)c(F)c(F)c1F,C7HF5O2,212.073656,508.436,NIST
2-methyloxolane,'96-47-9,CC1CCCO1,C5H10O,86.1323,,DIPPR
3-cyclohexene-1-carbonitrile,'100-45-8,N#CC1CC=CCC1,C7H9N,107.15306,464.26,NIST
"tricyclo(3.3.0.0(2,6))octane",'250-21-5,C1CC2C3CCC2C13,C8H12,108.18088,398.393,NIST
1-cyclopentylmethanamine,'6053-81-2,NCC1CCCC1,C6H13N,99.17412,410.97,NIST
"2,2-bis((propan-2-yl)sulfanyl)propan-1-ol",'13624-11-8,CC(C)SC(C)(CO)SC(C)C,C9H20OS2,208.3845,537.987,NIST
4-ethylcyclohexene,'3742-42-5,CCC1CC=CCC1,C8H14,110.19676,410.479,NIST
"dimethyl benzene-1,4-dicarboxylate",'120-61-6,COC(=O)c1ccc(C(=O)OC)cc1,C10H10O4,194.184,,DIPPR
"3,trans-5-dimethylcyclopentene",'61394-27-2,C[C@H]1C=C[C@H](C)C1,C7H12,96.17018,362.973,NIST
methyl (2Z)-3-methoxyprop-2-enoate,'5739-81-1,CO/C=C\C(=O)OC,C5H8O3,116.11522,423.878,NIST
"1,3-bis(chloromethyl)benzene",'626-16-4,ClCc1cccc(CCl)c1,C8H8Cl2,175.05512,529.962,NIST
2-oxo-2H-1-benzopyran-3-carboxylic acid,'531-81-7,O=C(O)c1cc2ccccc2oc1=O,C10H6O4,190.15224,640.303,NIST
"(1E)-1-ethoxybuta-1,3-diene",'19774-34-6,C=C/C=C/OCC,C6H10O,98.143,368.606,NIST
"2,4-dimethylaniline",'95-68-1,Cc1ccc(N)c(C)c1,C8H11N,121.17964,,DIPPR
"1,1'-biadamantyl ketone",'38256-01-8,O=C(C12CC3CC(CC(C3)C1)C2)C12CC3CC(CC(C3)C1)C2,C21H30O,298.4623,646.408,NIST
"9,10-bis(2-methylpropyl)-9,10-dihydroanthracene",'126694-97-1,CC(C)CC1c2ccccc2C(CC(C)C)c2ccccc21,C22H28,292.45772,660.666,NIST
1-cyclopropylpentan-1-one,'14113-86-1,CCCCC(=O)C1CC1,C8H14O,126.19616,447.464,NIST
anthracen-9(10H)-one,'90-44-8,O=C1c2ccccc2Cc2ccccc21,C14H10O,194.2286,648.129,NIST
"1,1,1,2,2,3,3,4-octachlorooctane",'125513-21-5,CCCCC(Cl)C(Cl)(Cl)C(Cl)(Cl)C(Cl)(Cl)Cl,C8H10Cl8,389.789,610.403,NIST
"(1,1-dicyclohexylheptyl)benzene",'115211-35-3,CCCCCCC(c1ccccc1)(C1CCCCC1)C1CCCCC1,C25H40,340.5851,687.786,NIST
1-chloro-4-(((4-chlorophenyl)methyl)sulfanyl)benzene,'103-17-3,Clc1ccc(CSc2ccc(Cl)cc2)cc1,C13H10Cl2S,269.1895,629.658,NIST
2-(2-methoxyethoxy)ethan-1-ol,'111-77-3,COCCOCCO,C5H12O3,120.14698,,DIPPR
(2-bromophenyl)(hydroxy)acetic acid,'52923-26-9,O=C(O)[C@@H](O)c1ccccc1Br,C8H7BrO3,231.04338,593.338,NIST
decan-1-amine,'2016-57-1,CCCCCCCCCCN,C10H23N,157.29632,,DIPPR
"5-methyl-2,3-dihydro-1H-indene",'874-35-1,Cc1ccc2c(c1)CCC2,C10H12,132.20228,,DIPPR
"2-amino-4,6-dinitrophenol",'96-91-3,Nc1cc([N+](=O)[O-])cc([N+](=O)[O-])c1O,C6H5N3O5,199.121,670.033,NIST
methyl (naphthalen-1-yl)acetate,'2876-78-0,COC(=O)Cc1cccc2ccccc12,C13H12O2,200.23318,601.957,NIST
butylcyclooctane,'16538-93-5,CCCCC1CCCCCCC1,C12H24,168.31896,500.698,NIST
2-(2-methylbutoxy)ethan-1-ol,'850654-96-5,CCC(C)COCCO,C7H16O2,132.20074,464.322,NIST
2-bromothiophene,'1003-09-4,Brc1cccs1,C4H3BrS,163.03562,422.591,NIST
"2,4,4,6,6,8-hexamethylnonane",'92867-10-2,CC(C)CC(C)(C)CC(C)(C)CC(C)C,C15H32,212.41458,505.589,NIST
4-methyl-5-(prop-2-en-1-ylidene)cyclohex-1-ene,'99177-27-2,C=CC=C1CC=CCC1C,C10H14,134.21816,453.011,NIST
diallyl maleate,'999-21-3,C=CCOC(=O)/C=C\C(=O)OCC=C,C10H12O4,196.19988,506.176,NIST
cyclohexyl pentanoate,'1551-43-5,CCCCC(=O)OC1CCCCC1,C11H20O2,184.2753,509.587,NIST
1-(2-(tert-butylperoxy)propan-2-yl)-4-(propan-2-yl)benzene,'52031-72-8,CC(C)c1ccc(C(C)(C)OOC(C)(C)C)cc1,C16H26O2,250.37644,545.183,NIST
"octa-1,3,7-triene",'1002-35-3,C=CC=CCCC=C,C8H12,108.18088,393.127,NIST
"9,10-dimethoxyanthracene",'2395-97-3,COc1c2ccccc2c(OC)c2ccccc12,C16H14O2,238.28116,681.46,NIST
"2-ethyl-3,4,7-trimethyl-1H-indene",'66325-57-3,CCC1=C(C)c2c(C)ccc(C)c2C1,C14H18,186.29272,566.31,NIST
heptyl trifluoroacetate,'2710-89-6,CCCCCCCOC(=O)C(F)(F)F,C9H15F3O2,212.2094096,449.628,NIST
"N,N,3-trimethyl-3-phenylbutan-2-amine",'202925-86-8,CC(N(C)C)C(C)(C)c1ccccc1,C13H21N,191.31254,527.217,NIST
1-ethenyl-2-methylcyclohex-1-ene,'23155-97-7,C=CC1=C(C)CCCC1,C9H14,122.20746,429.637,NIST
dodecyl prop-2-enoate,'2156-97-0,C=CC(=O)OCCCCCCCCCCCC,C15H28O2,240.38162,572.273,NIST
"1,2,3,5-tetrachloro-4,6-difluorobenzene",'1198-56-7,Fc1c(Cl)c(F)c(Cl)c(Cl)c1Cl,C6Cl4F2,251.8730064,505.542,NIST
"2-ethynyl-1,3,5-trimethylbenzene",'769-26-6,C#Cc1c(C)cc(C)cc1C,C11H12,144.21298,512.523,NIST
(1S)-1-isopropyl-4-methylenebicyclo(3.1.0)hexane,'10408-16-9,C=C1CC[C@@]2(C(C)C)CC12,C10H16,136.23404,422.174,NIST
2-methylbutane,'78-78-4,CCC(C)C,C5H12,72.14878,,DIPPR
"4'-propyl-1,1':3',1''-terphenyl",'112656-04-9,CCCc1ccc(-c2ccccc2)cc1-c1ccccc1,C21H20,272.3835,682.977,NIST
trimethoxymethane,'149-73-5,COC(OC)OC,C4H10O3,106.1204,372.837,NIST
pyridine-3-carbonitrile,'100-54-9,N#Cc1cccnc1,C6H4N2,104.10936,473.409,NIST
N-(4-bromo-2-ethylphenyl)acetamide,'51688-73-4,CCc1cc(Br)ccc1N=C(C)O,C10H12BrNO,242.11238,645.706,NIST
(2-methylnonan-3-yl)cyclohexane,'872802-56-7,CCCCCCC(C(C)C)C1CCCCC1,C16H32,224.42528,527.187,NIST
"1-(2,2,2-trichloroethyl)-2-(trifluoromethoxy)benzene",'93573-47-8,FC(F)(F)Oc1ccccc1CC(Cl)(Cl)Cl,C9H6Cl3F3O,293.4975496,549.449,NIST
(1Z)-1-(ethenyloxy)prop-1-ene,'24268-09-5,C=CO/C=C\C,C5H8O,84.11642,337.073,NIST
"1-(2,5-dimethylphenyl)ethan-1-ol",'32917-52-5,Cc1ccc(C)c(C(C)O)c1,C10H14O,150.21756,513.905,NIST
"1,5,5-trimethyl-3-methylidenecyclohex-1-ene",'16609-28-2,C=C1C=C(C)CC(C)(C)C1,C10H16,136.23404,422.429,NIST
2-phenylpropanal,'93-53-8,CC(C=O)c1ccccc1,C9H10O,134.1751,,DIPPR
"(1E)-1,3,3,3-tetrafluoroprop-1-ene",'29118-24-9,F/C=C/C(F)(F)F,C3H2F4,114.0415928,,DIPPR
"4-phenyl-1,2-dihydronaphthalene",'7469-40-1,C1=C(c2ccccc2)c2ccccc2CC1,C16H14,206.28236,616.1,NIST
"cis,cis,trans,trans-3,4,8-trimethylbicyclo(4.4.0)decane",'49765-85-7,C[C@@H]1CC[C@@H]2C[C@H](C)[C@@H](C)C[C@H]2C1,C13H24,180.32966,494.487,NIST
2-butyl-1-methyl-4-(propan-2-yl)benzene,'87241-51-8,CCCCc1cc(C(C)C)ccc1C,C14H22,190.32448,530.035,NIST
"1,1-bis(tert-butylperoxy)cyclopentane",'146983-16-6,CC(C)(C)OOC1(OOC(C)(C)C)CCCC1,C13H26O4,246.34314,490.857,NIST
"1,2,3,5-tetramethyl-2,3-dihydro-1H-indene",'74869-65-1,Cc1ccc2c(c1)C(C)C(C)C2C,C13H18,174.28202,533.415,NIST
"2-(4-(2-methyl-4,4-bis(methylperoxy)pentan-2-yl)phenyl)propan-2-ol",,COOC(C)(CC(C)(C)c1ccc(C(C)(C)O)cc1)OOC,C17H28O5,312.40122,606.223,NIST
"2-(diphenylmethyl)-2-ethylcyclopentane-1,3-dione",'160731-88-4,CCC1(C(c2ccccc2)c2ccccc2)C(=O)CCC1=O,C20H20O2,292.3716,671.848,NIST
"1-chloroanthracene-9,10-dione",'82-44-0,O=C1c2ccccc2C(=O)c2c(Cl)cccc21,C14H7ClO2,242.65718,699.553,NIST
"9,9-dimethyl-9H-fluorene",'4569-45-3,CC1(C)c2ccccc2-c2ccccc21,C15H14,194.27166,603.551,NIST
4-oxo-4H-1-benzopyran-3-carboxylic acid,'39079-62-4,O=C(O)c1coc2ccccc2c1=O,C10H6O4,190.15224,601.943,NIST
methyl 2-chloro-3-methoxybut-3-enoate,'82481-22-9,C=C(OC)C(Cl)C(=O)OC,C6H9ClO3,164.58686,462.891,NIST
hexyl hydroxyacetate,'37160-54-6,CCCCCCOC(=O)CO,C8H16O3,160.21084,495.399,NIST
"hexadeca-6,10-diene",'25968-74-5,CCCCCC=CCCC=CCCCCC,C16H30,222.4094,550.558,NIST
henicosan-11-one,'19781-72-7,CCCCCCCCCCC(=O)CCCCCCCCCC,C21H42O,310.55758,625.925,NIST
"2,5-diethoxyaniline",'94-85-9,CCOc1ccc(OCC)c(N)c1,C10H15NO2,181.2316,560.391,NIST
"trans,trans-3,4-dimethylbicyclo(4.4.0)decane",'56270-47-4,C[C@H]1C[C@@H]2CCCC[C@H]2C[C@@H]1C,C12H22,166.30308,487.579,NIST
"1,1-difluorodecane",'62127-43-9,CCCCCCCCCC(F)F,C10H20F2,178.2626064,453.577,NIST
(2.2)metacyclophane,'2319-97-3,c1cc2cc(c1)CCc1cccc(c1)CC2,C16H16,208.29824,587.164,NIST
bis(1-oxotetradecyl)peroxide,'3530-28-7,CCCCCCCCCCCCCC(=O)OOC(=O)CCCCCCCCCCCCC,C28H54O4,454.72596,686.934,NIST
"cis,trans-1,7-dimethylspiro(4.5)decane",,C[C@@H]1CCC[C@]2(CCC[C@@H]2C)C1,C12H22,166.30308,479.747,NIST
4-chloroheptane,'998-95-8,CCCC(Cl)CCC,C7H15Cl,134.647,429.257,NIST
cis-5-hexyl-2-methyl-m-dioxane,'22645-33-6,CCCCCC[C@H]1CO[C@@H](C)OC1,C11H22O2,186.29118,500.532,NIST
bis(3-methylbutyl)butanedioate,'818-04-2,CC(C)CCOC(=O)CCC(=O)OCCC(C)C,C14H26O4,258.35384,557.98,NIST
1-nitrosopiperidine,'100-75-4,O=NN1CCCCC1,C5H10N2O,114.1457,489.813,NIST
methyl 2-hydroxy-2-methylpropanoate,'2110-78-3,COC(=O)C(C)(C)O,C5H10O3,118.1311,,DIPPR
"N,N,N',N'-tetramethyl-1,6-hexanediamine",'111-18-2,CN(C)CCCCCCN(C)C,C10H24N2,172.31096,472.523,NIST
((1E)-2-methoxyprop-1-en-1-yl)benzene,'26567-82-8,CO/C(C)=C/c1ccccc1,C10H12O,148.20168,477.08,NIST
"bicyclo(4.2.0)octa-1,3-diene",'63175-95-1,C1=CCC2CCC2=C1,C8H10,106.165,391.668,NIST
"2,2',3,4,5'-pentachloro-1,1'-biphenyl",'38380-02-8,Clc1ccc(Cl)c(-c2ccc(Cl)c(Cl)c2Cl)c1,C12H5Cl5,326.4331,660.67,NIST
(3-methylbut-3-en-1-yn-1-yl)benzene,'1463-04-3,C=C(C)C#Cc1ccccc1,C11H10,142.1971,530.017,NIST
1-ethyl-3-propylbenzene,'20024-91-3,CCCc1cccc(CC)c1,C11H16,148.24474,467.151,NIST
1-bromo-4-methylnonane,'119266-86-3,CCCCC[C@H](C)CCCBr,C10H21Br,221.17774,496.104,NIST
cis-1-methyl-4-(propan-2-yl)cyclohexane,'6069-98-3,CC(C)[C@H]1CC[C@@H](C)CC1,C10H20,140.2658,445.572,NIST
"2,2-dimethylpentan-3-one",'564-04-5,CCC(=O)C(C)(C)C,C7H14O,114.18546,398.436,NIST
"1,3-propanediol, cyclic sulfate",'1073-05-8,O=S1(=O)OCCCO1,C3H6O4S,138.14234,494.371,NIST
"2,2,2-trichloro-N-(pyridin-2-yl)acetamide",'53456-47-6,OC(=Nc1ccccn1)C(Cl)(Cl)Cl,C7H5Cl3N2O,239.4864,640.574,NIST
"6,6-dimethylbicyclo(3.1.1)heptane",'127-92-4,CC1(C)C2CCCC1C2,C9H16,124.22334,425.154,NIST
(2E)-1-chlorohex-2-ene,'37658-00-7,CCC/C=C/CCl,C6H11Cl,118.60454,420.316,NIST
tetra(prop-2-en-1-yl)silane,'1112-66-9,C=CC[Si](CC=C)(CC=C)CC=C,C12H20Si,192.3727,490.315,NIST
3-methoxypropan-1-ol,'1589-49-7,COCCCO,C4H10O2,90.121,393.782,NIST
2-propylpentan-1-ol,'58175-57-8,CCCC(CO)CCC,C8H18O,130.22792,452.893,NIST
"(5E)-hepta-1,5-diene",'7736-22-3,C=CCC/C=C/C,C7H12,96.17018,365.894,NIST
4-chlorobenzoyl chloride,'122-01-0,O=C(Cl)c1ccc(Cl)cc1,C7H4Cl2O,175.01206,519.852,NIST
methyl ethanesulfonate,'1912-28-3,CCS(=O)(=O)OC,C3H8O3S,124.15882,471.023,NIST
"2,4,6-tribromoaniline",'147-82-0,Nc1c(Br)cc(Br)cc1Br,C6H4Br3N,329.81466,619.482,NIST
"(2E)-4,4-dimethylpent-2-ene",'690-08-4,C/C=C/C(C)(C)C,C7H14,98.18606,349.852,NIST
2-(((2E)-but-2-en-1-yl)oxy)ethan-1-ol,'52458-04-5,C/C=C/COCCO,C6H12O2,116.15828,,DIPPR
"5,5-dimethylhexa-1,3-diyne",'4911-56-2,C#CC#CC(C)(C)C,C8H10,106.165,396.704,NIST
(diethoxymethyl)benzene,'774-48-1,CCOC(OCC)c1ccccc1,C11H16O2,180.24354,495.471,NIST
"1,6,6-trimethylcyclohex-1-ene",'69745-49-9,CC1=CCCCC1(C)C,C9H16,124.22334,419.933,NIST
pentyl pyridine-2-carboxylate,'71653-41-3,CCCCCOC(=O)c1ccccn1,C11H15NO2,193.2423,555.388,NIST
decahydro-1H-benzo(7)annulene,'4443-69-0,C1CCC2CCCCC2CC1,C11H20,152.2765,495.478,NIST
1-methyl-3-pentylbenzene,'1595-08-0,CCCCCc1cccc(C)c1,C12H18,162.27132,504.8,NIST
3-ethylhex-5-en-2-ol,'60091-37-4,C=CCC(CC)C(C)O,C8H16O,128.21204,438.231,NIST
1-bromo-3-iodobenzene,'591-18-4,Brc1cccc(I)c1,C6H4BrI,282.90443,525.272,NIST
non-2-yne,'19447-29-1,CC#CCCCCCC,C9H16,124.22334,434.463,NIST
(2Z)-3-ethylhex-2-ene,'36880-72-5,C/C=C(/CC)CCC,C8H16,112.21264,393.058,NIST
pyridin-3-ol,'109-00-2,Oc1cccnc1,C5H5NO,95.0993,461.613,NIST
"2,3,4,5-tetrahydro-1,1'-biphenyl",'771-98-2,C1=C(c2ccccc2)CCCC1,C12H14,158.23956,531.311,NIST
(4-chlorobut-1-en-1-yl)benzene,'93337-12-3,ClCCC=Cc1ccccc1,C10H11Cl,166.64734,530.618,NIST
"N,N-diethyldecan-1-amine",'6308-94-7,CCCCCCCCCCN(CC)CC,C14H31N,213.40264,530.283,NIST
2-phenylpropane-2-peroxol,'80-15-9,CC(C)(OO)c1ccccc1,C9H12O2,152.19038,,DIPPR
"2,3-dimethylpentan-2-ol",'4911-70-0,CCC(C)C(C)(C)O,C7H16O,116.20134,409.882,NIST
tetradecamethylcycloheptasiloxane,'107-50-6,C[Si]1(C)O[Si](C)(C)O[Si](C)(C)O[Si](C)(C)O[Si](C)(C)O[Si](C)(C)O[Si](C)(C)O1,C14H42O7Si7,519.07758,548.604,NIST
1-heptyl-1H-imidazole,'53657-09-3,CCCCCCCn1ccnc1,C10H18N2,166.26332,583.754,NIST
2-methylbut-1-en-3-yne,'78-80-8,C#CC(=C)C,C5H6,66.10114,,DIPPR
2-cyclobutylpropan-2-ol,'59383-67-4,CC(C)(O)C1CCC1,C7H14O,114.18546,427.073,NIST
"1,1,1,2,2,3-hexachloro-3,3-difluoropropane",'661-96-1,FC(F)(Cl)C(Cl)(Cl)C(Cl)(Cl)Cl,C3Cl6F2,286.7469064,450.44,NIST
"2-(propan-2-yl)-1,3-dioxane-5-carbonitrile",'36094-14-1,CC(C)[C@H]1OC[C@@H](C#N)CO1,C8H13NO2,155.19432,507.396,NIST
3-hydroxy-4-methylbenzoic acid,'586-30-1,Cc1ccc(C(=O)O)cc1O,C8H8O3,152.14732,581.256,NIST
1-methyl-4-(6-methylheptan-2-yl)benzene,'1461-02-5,Cc1ccc(C(C)CCCC(C)C)cc1,C15H24,204.35106,537.516,NIST
2-fluoropropane,'420-26-8,CC(C)F,C3H7F,62.0860832,263.058,NIST
N-(2-ethylhexyl)aniline,'10137-80-1,CCCCC(CC)CNc1ccccc1,C14H23N,205.33912,581.654,NIST
"2,2,4-trimethylpentan-3-one",'5857-36-3,CC(C)C(=O)C(C)(C)C,C8H16O,128.21204,400.525,NIST
"2,3'-dinitro-1,1'-biphenyl",'7391-72-2,O=[N+]([O-])c1cccc(-c2ccccc2[N+](=O)[O-])c1,C12H8N2O4,244.20292,663.525,NIST
N-butyl-N-phenylurea,'62641-29-6,CCCCN(C(=N)O)c1ccccc1,C11H16N2O,192.25754,649.853,NIST
3-butyl-4-methylphenol,'1069449-49-5,CCCCc1cc(O)ccc1C,C11H16O,164.24414,527.974,NIST
1-(thiophen-2-yl)propan-1-one,'13679-75-9,CCC(=O)c1cccs1,C7H8OS,140.20282,498.503,NIST
N-(3-chloro-4-methylphenyl)-2-methylpentanamide,'2307-68-8,CCCC(C)C(O)=Nc1ccc(C)c(Cl)c1,C13H18ClNO,239.74112,656.89,NIST
1-((propan-2-yl)oxy)hexane,'18636-65-2,CCCCCCOC(C)C,C9H20O,144.2545,427.557,NIST
"1,5-anhydro-2,4-dideoxy-2-(hydroxymethyl)-3-C-methylpentitol",'7525-58-8,CC1(O)CCOCC1CO,C7H14O3,146.18426,518.371,NIST
(1-(2-chloroethoxy)ethyl)benzene,'4446-91-7,CC(OCCCl)c1ccccc1,C10H13ClO,184.66262,510.338,NIST
diethyl (2Z)-2-methylbut-2-enedioate,'691-83-8,CCOC(=O)/C=C(/C)C(=O)OCC,C9H14O4,186.20506,501.745,NIST
4-nitrobenzoyl bromide,'13277-61-7,O=C(Br)c1ccc([N+](=O)[O-])cc1,C7H4BrNO3,230.01556,662.864,NIST
"1,1,3,3-tetranitrocyclobutane",'120167-77-3,O=[N+]([O-])C1([N+](=O)[O-])CC([N+](=O)[O-])([N+](=O)[O-])C1,C4H4N4O8,236.09656,639.751,NIST
nitrosobenzene,'586-96-9,O=Nc1ccccc1,C6H5NO,107.11,429.637,NIST
"dioctan-3-yl benzene-1,2-dicarboxylate",'15495-94-0,CCCCCC(CC)OC(=O)c1ccccc1C(=O)OC(CC)CCCCC,C24H38O4,390.55612,643.184,NIST
"(4E)-2-methyl-6-methylideneocta-2,4-diene",'50964-52-8,C=C(/C=C/C=C(C)C)CC,C10H16,136.23404,445.523,NIST
"1,3-dichloro-2,4,5-trifluorobenzene",'349081-90-9,Fc1cc(Cl)c(F)c(Cl)c1F,C6HCl2F3,200.9733496,425.349,NIST
N'-ethyl-N-methyl-N-phenylurea,'52073-04-8,CCN=C(O)N(C)c1ccccc1,C10H14N2O,178.23096,625.229,NIST
"2,2-diphenylpropan-1-ol",'74421-26-4,CC(CO)(c1ccccc1)c1ccccc1,C15H16O,212.28694,601.981,NIST
"4a,8-dimethyl-2-(prop-1-en-2-yl)-1,2,3,4,4a,5,6,8a-octahydronaphthalene",'35387-23-6,C=C(C)C1CCC2(C)CCC=C(C)C2C1,C15H24,204.35106,519.743,NIST
1-(1-hydroxynaphthalen-2-yl)ethan-1-one,'711-79-5,CC(=O)c1ccc2ccccc2c1O,C12H10O2,186.2066,591.302,NIST
1-nitrooctane,'629-37-8,CCCCCCCC[N+](=O)[O-],C8H17NO2,159.22608,529.698,NIST
"2-(2-methylbutan-2-yl)-1,2,3,4-tetrahydronaphthalene",'858458-17-0,CCC(C)(C)C1CCc2ccccc2C1,C15H22,202.33518,562.993,NIST
octafluoromethanetetramine,'17125-65-4,FN(F)C(N(F)F)(N(F)F)N(F)F,CF8N4,220.0247256,262.774,NIST
4-(butan-2-yl)pyridine,'27876-19-3,CCC(C)c1ccncc1,C9H13N,135.20622,469.863,NIST
"4-methyl-1,3-dioxane",'1120-97-4,CC1CCOCO1,C5H10O2,102.1317,388.113,NIST
pentan-3-yl acetate,'620-11-1,CCC(CC)OC(C)=O,C7H14O2,130.18486,405.403,NIST
butylcyclopropane,'930-57-4,CCCCC1CC1,C7H14,98.18606,372.298,NIST
1-methoxy-1-(1-methoxyethoxy)ethane,'111109-77-4,COC(C)OC(C)OC,C6H14O3,134.17356,391.795,NIST
"3,5-dichloro-1,1'-biphenyl",'34883-41-5,Clc1cc(Cl)cc(-c2ccccc2)c1,C12H8Cl2,223.09792,575.375,NIST
5-hydroxy-4-methyldecan-3-one,'70280-40-9,CCCCCC(O)C(C)C(=O)CC,C11H22O2,186.29118,523.289,NIST
4-methylpent-4-enal,'3973-43-1,C=C(C)CCC=O,C6H10O,98.143,391.385,NIST
"(1S,4S)-4-isopropyl-1,6-dimethyl-1,2,3,4-tetrahydronaphthalene",'483-77-2,Cc1ccc2c(c1)[C@H](C(C)C)CC[C@@H]2C,C15H22,202.33518,567.935,NIST
3-butyl-3-propyloctanenitrile,'92857-99-3,CCCCCC(CC#N)(CCC)CCCC,C15H29N,223.39746,590.727,NIST
2-furanmethanamine,'617-89-0,NCc1ccco1,C5H7NO,97.11518,402.023,NIST
"(4aR,8aR)-2-methyldecahydronaphthalene",'877605-21-5,CC1CC[C@H]2CCCC[C@@H]2C1,C11H20,152.2765,475.522,NIST
"1,2-dibromocyclopropane",'19533-50-7,BrC1CC1Br,C3H4Br2,199.87186,441.584,NIST
"(2R,4S)-2,4-pentanediol",'3950-21-8,C[C@H](O)C[C@@H](C)O,C5H12O2,104.14758,483.109,NIST
hexanal,'66-25-1,CCCCCC=O,C6H12O,100.15888,,DIPPR
"1,3,5-trimethylcyclohex-3-en-1-ol",,CC1=CC(C)CC(C)(O)C1,C9H16O,140.22274,454.308,NIST
3-methoxybenzaldehyde,'591-31-1,COc1cccc(C=O)c1,C8H8O2,136.14792,494.654,NIST
"5-ethyl-2,5-dimethyl-1,3-dioxane",'41955-98-0,CC[C@]1(C)CO[C@H](C)OC1,C8H16O2,144.21144,431.845,NIST
hexanoic anhydride,'2051-49-2,CCCCCC(=O)OC(=O)CCCCC,C12H22O3,214.30128,535.018,NIST
1-methoxy-4-nitrobenzene,'100-17-4,COc1ccc([N+](=O)[O-])cc1,C7H7NO3,153.13538,531.93,NIST
pentyl benzoate,'2049-96-9,CCCCCOC(=O)c1ccccc1,C12H16O2,192.25424,533.11,NIST
1-(2-methylcyclohexyl)propyl acetate,'100250-14-4,CCC(OC(C)=O)C1CCCCC1C,C12H22O2,198.30188,511.487,NIST
1-methyl-4-(pent-3-en-2-yl)benzene,'14979-71-6,CC=CC(C)c1ccc(C)cc1,C12H16,160.25544,501.792,NIST
ethyl trifluoroacetate,'383-63-1,CCOC(=O)C(F)(F)F,C4H5F3O2,142.0765096,336.309,NIST
"2,6-dimethyl-3-(propan-2-yl)heptane",'62185-45-9,CC(C)CCC(C(C)C)C(C)C,C12H26,170.33484,463.861,NIST
1-(cyclohexylmethyl)-3-methylcyclohexane,'54823-96-0,CC1CCCC(CC2CCCCC2)C1,C14H26,194.35624,537.496,NIST
"1,1'-(propane-1,2-diyl)bis(4-(propan-2-yl)benzene)",,CC(C)c1ccc(CC(C)c2ccc(C(C)C)cc2)cc1,C21H28,280.44702,608.066,NIST
4-butoxy-4-methylpentan-2-one,'91009-00-6,CCCCOC(C)(C)CC(C)=O,C10H20O2,172.2646,484.809,NIST
"(2E,7E)-nona-2,7-diene",'36901-85-6,C/C=C/CCC/C=C/C,C9H16,124.22334,423.505,NIST
1-(2-methylbutan-2-yl)naphthalene,6383-07-0900:00:00,CCC(C)(C)c1cccc2ccccc12,C15H18,198.30342,568.413,NIST
5-propyldecan-5-ol,'62958-41-2,CCCCCC(O)(CCC)CCCC,C13H28O,200.36082,532.861,NIST
"4-ethyl-2,3-dimethylhex-1-ene",'103985-27-9,C=C(C)C(C)C(CC)CC,C10H20,140.2658,425.741,NIST
heptyl formate,'112-23-2,CCCCCCCOC=O,C8H16O2,144.21144,,DIPPR
2-chloroheptane,'1001-89-4,CCCCCC(C)Cl,C7H15Cl,134.647,417.724,NIST
1-tert-butoxyprop-1-ene,'16069-50-4,CC=COC(C)(C)C,C7H14O,114.18546,377.922,NIST
formaldehyde oxime,'75-17-2,C=NO,CH3NO,45.04062,362.256,NIST
"1,2-dibromo-1,1-dichloroethane",'75-81-0,ClC(Cl)(Br)CBr,C2H2Br2Cl2,256.75128,473.039,NIST
2-(bromomethyl)oxirane,'3132-64-7,BrCC1CO1,C3H5BrO,136.9752,410.979,NIST
"1,2-dimethylbicyclo(3.2.1)octane",'55679-40-8,C[C@H]1CC[C@H]2CC[C@@]1(C)C2,C10H18,138.24992,439.852,NIST
2-ethyl-2-methylpentanenitrile,'98552-07-9,CCCC(C)(C#N)CC,C8H15N,125.2114,458.496,NIST
"2,4-dimethylicosane",'75163-98-3,CCCCCCCCCCCCCCCCC(C)CC(C)C,C22H46,310.60064,605.299,NIST
"6-butyl-7-octyl-1,2,3,4-tetrahydronaphthalene",'858457-74-6,CCCCCCCCc1cc2c(cc1CCCC)CCCC2,C22H36,300.52124,676.081,NIST
1-chloro-1-methylcyclopentane,'6196-85-6,CC1(Cl)CCCC1,C6H11Cl,118.60454,390.909,NIST
2-ethyl-3-(propan-2-yl)naphthalene,'858458-73-8,CCc1cc2ccccc2cc1C(C)C,C15H18,198.30342,569.445,NIST
"3-(2,2-dichloroethenyl)-2,2-dimethylcyclopropane-1-carboxylic acid",'55701-03-6,CC1(C)[C@H](C=C(Cl)Cl)[C@H]1C(=O)O,C8H10Cl2O2,209.0698,540.557,NIST
"1,1,1-trifluoro-2,2-dimethylpropane",'55757-33-0,CC(C)(C)C(F)(F)F,C5H9F3,126.1201696,299.509,NIST
"5,5-dimethylhexa-2,3-diene",'36382-08-8,CC=C=CC(C)(C)C,C8H14,110.19676,380.826,NIST
"4-methyl-1,3-benzothiazol-2-amine",'1477-42-5,Cc1cccc2sc(=N)[nH]c12,C8H8N2S,164.22752,581.067,NIST
methyl 4-methyl-4-nitropentanoate,'16507-02-1,COC(=O)CCC(C)(C)[N+](=O)[O-],C7H13NO4,175.18242,502.836,NIST
"4-(propan-2-yl)hepta-1,2,6-trien-4-ol",'91055-94-6,C=C=CC(O)(CC=C)C(C)C,C10H16O,152.23344,481.307,NIST
1-ethylidene-3-methylcyclohexane,'854449-28-8,CC=C1CCCC(C)C1,C9H16,124.22334,423.082,NIST
"methyl N,N-dimethylglycinate",7148-06-0300:00:00,COC(=O)CN(C)C,C5H11NO2,117.14634,409.839,NIST
1-methylcyclohexan-1-ol,'590-67-0,CC1(O)CCCCC1,C7H14O,114.18546,,DIPPR
N-(2-chloropyridin-3-yl)benzenesulfonamide,'546088-03-3,O=S(=O)(Nc1cccnc1Cl)c1ccccc1,C11H9ClN2O2S,268.71936,687.419,NIST
"1,1,1,3-tetrafluoropropane",'460-36-6,FCCC(F)(F)F,C3H4F4,116.0574728,280.723,NIST
"trimethyl naphthalene-1,3,7-tricarboxylate",'36440-30-9,COC(=O)c1cc(C(=O)OC)c2cc(C(=O)OC)ccc2c1,C16H14O6,302.27876,694.672,NIST
"(4E)-4,11,11-trimethyl-8-methylidenebicyclo(7.2.0)undec-4-ene",'87-44-5,C=C1CC/C=C(\C)CC[C@@H]2[C@@H]1CC2(C)C,C15H24,204.35106,527.548,NIST
N-(2-ethoxyphenyl)acetamide,'581-08-8,CCOc1ccccc1N=C(C)O,C10H13NO2,179.21572,575.283,NIST
"2,5,5-trimethylbicyclo(2.2.1)hept-2-ene",'497-33-6,CC1=CC2CC1CC2(C)C,C10H16,136.23404,430.462,NIST
"nona-1,8-diene",'4900-30-5,C=CCCCCCC=C,C9H16,124.22334,413.921,NIST
3-ethyldecan-4-ol,'79092-28-7,CCCCCCC(O)C(CC)CC,C12H26O,186.33424,507.418,NIST
"3-methyl-4-(2,4,4-trimethylpentan-2-yl)phenol",'855157-42-5,Cc1cc(O)ccc1C(C)(C)CC(C)(C)C,C15H24O,220.35046,581.474,NIST
"2,5-dimethylnonane",'17302-27-1,CCCCC(C)CCC(C)C,C11H24,156.30826,449.055,NIST
ethyl 2-ethyltetradecanoate,'856209-06-8,CCCCCCCCCCCCC(CC)C(=O)OCC,C18H36O2,284.47724,599.365,NIST
"(1E)-1,2-dimethoxyprop-1-ene",'61860-68-2,CO/C=C(\C)OC,C5H10O2,102.1317,368.128,NIST
"4,5-dimethyl-2H,7H-pyrano(2,3-b)pyran-2,7-dione",'37831-60-0,Cc1cc(=O)oc2oc(=O)cc(C)c12,C10H8O4,192.16812,641.648,NIST
"1,1'-(ethane-1,2-diylbis(oxy))bis(4-bromobenzene)",'36506-46-4,Brc1ccc(OCCOc2ccc(Br)cc2)cc1,C14H12Br2O2,372.05188,658.322,NIST
"2-chloro-5-methyl-1,3-di(propan-2-yl)benzene",'98184-19-1,Cc1cc(C(C)C)c(Cl)c(C(C)C)c1,C13H19Cl,210.74296,524.27,NIST
N-butyl-N-methylbutan-1-amine,'3405-45-6,CCCCN(C)CCCC,C9H21N,143.26974,436.177,NIST
"1,1'-(dodecane-1,1-diyl)dibenzene",'1603-53-8,CCCCCCCCCCCC(c1ccccc1)c1ccccc1,C24H34,322.52676,672.391,NIST
"1,1,1,2-tetrachloropropane",'812-03-3,CC(Cl)C(Cl)(Cl)Cl,C3H4Cl4,181.87586,424.106,NIST
dodecyl tetradecanoate,'2040-64-4,CCCCCCCCCCCCCC(=O)OCCCCCCCCCCCC,C26H52O2,396.68988,696.736,NIST
"3,4,4-trimethylpentan-2-ol",'10575-56-1,CC(O)C(C)C(C)(C)C,C8H18O,130.22792,431.436,NIST
3-ethyl-1H-indene,'2294-91-9,CCC1=CCc2ccccc21,C11H12,144.21298,505.542,NIST
bis-(2-aminoethyl)ether,'2752-17-2,NCCOCCN,C4H12N2O,104.15088,,DIPPR
3-methyl-2-(propan-2-yl)butanenitrile,'62391-96-2,CC(C)C(C#N)C(C)C,C8H15N,125.2114,442.641,NIST
(oct-7-en-1-yl)benzene,'35008-87-8,C=CCCCCCCc1ccccc1,C14H20,188.3086,532.113,NIST
4-chloro-3-nitroaniline,'635-22-3,Nc1ccc(Cl)c([N+](=O)[O-])c1,C6H5ClN2O2,172.5691,635.434,NIST
"1,3,5-trinitro-1,3,5-triazinane",'121-82-4,O=[N+]([O-])N1CN([N+](=O)[O-])CN([N+](=O)[O-])C1,C3H6N6O6,222.11634,647.714,NIST
butyl acetate,'123-86-4,CCCCOC(C)=O,C6H12O2,116.15828,,DIPPR
"3-bromodecahydro-3,5,1,7-(1,2,3,4)butanetetraylnaphthalene",'30545-30-3,BrC12CC3C4CC5CC3C(C1)C(C5)C4C2,C14H19Br,267.20466,587.106,NIST
"cis-dihydro-3,5-dimethyl-2(3H)-furanone",'24405-07-0,C[C@@H]1C[C@H](C)C(=O)O1,C6H10O2,114.1424,477.831,NIST
bicyclo(2.2.2)oct-2-ene,'931-64-6,C1=CC2CCC1CC2,C8H12,108.18088,418.828,NIST
2-ethoxyphenol,'94-71-3,CCOc1ccccc1O,C8H10O2,138.1638,486.261,NIST
4-butylphenol,'1638-22-8,CCCCc1ccc(O)cc1,C10H14O,150.21756,519.236,NIST
"1,2-diethylnaphthalene",'19182-11-7,CCc1ccc2ccccc2c1CC,C14H16,184.27684,570.659,NIST
"2,5-bis(hexyloxy)hexane",'101882-96-6,CCCCCCOC(C)CCC(C)OCCCCCC,C18H38O2,286.49312,602.533,NIST
cyclohexanol,'108-93-0,OC1CCCCC1,C6H12O,100.15888,,DIPPR
"2,4-trans,4,5-cis-4,5-dimethyl-2-phenyl-1,3-dioxolane",'6666-33-7,C[C@@H]1O[C@@H](c2ccccc2)O[C@@H]1C,C11H14O2,178.22766,498.591,NIST
"3,5-dichlorotoluene",'25186-47-4,Cc1cc(Cl)cc(Cl)c1,C7H6Cl2,161.02854,482.003,NIST
1-bromo-4-(2-methylpropoxy)benzene,'30752-23-9,CC(C)COc1ccc(Br)cc1,C10H13BrO,229.11362,535.834,NIST
"1-chloro-2,3-dimethylbutane",'600-06-6,CC(C)C(C)CCl,C6H13Cl,120.62042,394.865,NIST
1-chloro-2-methoxyethane,'627-42-9,COCCCl,C3H7ClO,94.54008,352.368,NIST
hex-2-enoic acid,'1191-04-4,CCCC=CC(=O)O,C6H10O2,114.1424,495.992,NIST
oct-2-enal,'2363-89-5,CCCCCC=CC=O,C8H14O,126.19616,446.38,NIST
"N,N-dimethyl-2,4-dinitroaniline",'1670-17-3,CN(C)c1ccc([N+](=O)[O-])cc1[N+](=O)[O-],C8H9N3O4,211.17476,613.224,NIST
"2-methoxycyclohepta-1,3-diene",'98677-95-3,COC1=CCCCC=C1,C8H12O,124.18028,428.005,NIST
(DL)-xylose,'25990-60-7,O=C[C@H](O)[C@@H](O)[C@H](O)CO,C5H10O5,150.1299,574.927,NIST
(3-cyclopentylpropyl)cyclohexane,'2883-07-0,C1CCC(CCCC2CCCC2)CC1,C14H26,194.35624,543.158,NIST
(trifluoromethoxy)ethene,'1645-89-2,C=COC(F)(F)F,C3H3F3O,112.0505296,247.589,NIST
"octadecane-9,10-diol",'15962-87-5,CCCCCCCCC(O)C(O)CCCCCCCC,C18H38O2,286.49312,653.298,NIST
"1-(1,1-diethoxyethyl)-2-methylbenzene",'92101-25-2,CCOC(C)(OCC)c1ccccc1C,C13H20O2,208.2967,521.903,NIST
hexyl trifluoroacetate,'400-61-3,CCCCCCOC(=O)C(F)(F)F,C8H13F3O2,198.1828296,422.039,NIST
(tetradecan-7-yl)benzene,'4534-54-7,CCCCCCCC(CCCCCC)c1ccccc1,C20H34,274.48396,608.911,NIST
"2-(2-fluoro(1,1'-biphenyl)-4-yl)propanoic acid",'5104-49-4,CC(C(=O)O)c1ccc(-c2ccccc2)c(F)c1,C15H13FO2,244.2609232,634.423,NIST
dichloro(dimethyl)silane,'75-78-5,C[Si](C)(Cl)Cl,C2H6Cl2Si,129.06054,343.525,NIST
"2,4-dimethylundecanoic acid",'92169-22-7,CCCCCCCC(C)CC(C)C(=O)O,C13H26O2,214.34434,566.55,NIST
"1,3-diethylcyclohex-1-ene",,CCC1=CC(CC)CCC1,C10H18,138.24992,398.864,NIST
hexan-1-amine,'111-26-2,CCCCCCN,C6H15N,101.19,,DIPPR
trans-2-ethoxytetrahydro-6-methyl-2H-pyran,'17230-10-3,CCO[C@H]1CCC[C@H](C)O1,C8H16O2,144.21144,442.372,NIST
2-ethylcyclopentan-1-ol,'58577-70-1,CCC1CCCC1O,C7H14O,114.18546,460.37,NIST
bicyclo(4.1.0)heptane,'286-08-8,C1CCC2CC2C1,C7H12,96.17018,386.905,NIST
10H-phenoxazine,'135-67-1,c1ccc2c(c1)Nc1ccccc1O2,C12H9NO,183.20596,601.282,NIST
2-methoxyphenol,1990-05-0100:00:00,COc1ccccc1O,C7H8O2,124.13722,478.627,NIST
2-tert-butyl-5-methyloxolane,'73099-97-5,CC1CCC(C(C)(C)C)O1,C9H18O,142.23862,419.869,NIST
"N,N,N',N',N'',N''-hexamethylphosphorous triamide",'1608-26-0,CN(C)P(N(C)C)N(C)C,C6H18N3P,163.200982,467.711,NIST
14-methylhexadecanoic acid,'5746-59-8,CC[C@H](C)CCCCCCCCCCCCC(=O)O,C17H34O2,270.45066,614.549,NIST
3-ethylcyclohexan-1-ol,'4534-76-3,CCC1CCCC(O)C1,C8H16O,128.21204,465.45,NIST
"2,4-di-tert-butylcyclohexan-1-one",'52743-56-3,CC(C)(C)[C@@H]1CCC(=O)[C@H](C(C)(C)C)C1,C14H26O,210.35564,536.354,NIST
1-((nonan-3-yl)oxy)nonane,'861319-91-7,CCCCCCCCCOC(CC)CCCCCC,C18H38O,270.49372,596.01,NIST
"(2E)-3-(2H-1,3-benzodioxol-5-yl)-N-propylprop-2-enamide",'23784-85-2,CCCN=C(O)/C=C/c1ccc2c(c1)OCO2,C13H15NO3,233.2631,677.824,NIST
5-methylspiro(2.5)octane,,CC1CCCC2(CC2)C1,C9H16,124.22334,422.134,NIST
ethyl 2-cyano-3-methylpent-2-enoate,'759-51-3,CCOC(=O)C(C#N)=C(C)CC,C9H13NO2,167.20502,518.088,NIST
"1,2,3-trichloroprop-1-ene",'96-19-5,ClC=C(Cl)CCl,C3H3Cl3,145.41492,436.442,NIST
propan-2-yl 6-methylcyclohex-3-ene-1-carboxylate,2425-11-0800:00:00,CC(C)OC(=O)C1CC=CCC1C,C11H18O2,182.25942,488.358,NIST
2-methylpentan-2-yl propanoate,'245658-26-8,CCCC(C)(C)OC(=O)CC,C9H18O2,158.23802,440.75,NIST
"4-acetyl-3,5-dimethyl-1H-pyrrole-2-carboxylic acid, ethyl ester",'2386-26-7,CCOC(=O)c1[nH]c(C)c(C(C)=O)c1C,C11H15NO3,209.2417,613.813,NIST
3-methylheptan-2-one,'2371-19-9,CCCCC(C)C(C)=O,C8H16O,128.21204,433.453,NIST
methyl nonadecanoate,'1731-94-8,CCCCCCCCCCCCCCCCCCC(=O)OC,C20H40O2,312.5304,636.515,NIST
"1,1'-(3-(2-cyclopentylethyl)pent-2-ene-1,5-diyl)dicyclopentane",'54934-71-3,C(CC1CCCC1)=C(CCC1CCCC1)CCC1CCCC1,C22H38,302.53712,644.891,NIST
nonylcycloheptane,'18208-64-5,CCCCCCCCCC1CCCCCC1,C16H32,224.42528,559.602,NIST
"1,2-dichloro-2-fluoropropane",'420-97-3,CC(F)(Cl)CCl,C3H5Cl2F,130.9762032,359.723,NIST
"octyl 3,4,5-trihydroxybenzoate",'1034-01-1,CCCCCCCCOC(=O)c1cc(O)c(O)c(O)c1,C15H22O5,282.33218,690.79,NIST
(E)-dipropyldiazene,'821-67-0,CCC/N=N/CCC,C6H14N2,114.18876,363.042,NIST
"1,1-difluoroethane",'75-37-6,CC(F)F,C2H4F2,66.0499664,,DIPPR
"4-methyl-2,3,4,5-tetrahydro-1,1'-biphenyl",'16776-31-1,CC1CC=C(c2ccccc2)CC1,C13H16,172.26614,539.197,NIST
"3,6-diethylocta-3,5-diene",'88828-86-8,CCC(=CC=C(CC)CC)CC,C12H22,166.30308,473.645,NIST
chloro(fluoro)diiodomethane,'1495-15-4,FC(Cl)(I)I,CClFI2,320.2710432,435.475,NIST
"1,2-dimethylpiperidine",'671-36-3,CC1CCCCN1C,C7H15N,113.2007,401.129,NIST
heptan-4-one,'123-19-3,CCCC(=O)CCC,C7H14O,114.18546,,DIPPR
ethyl 2-cyano-3-ethylpentanoate,'28456-66-8,CCOC(=O)C(C#N)C(CC)CC,C10H17NO2,183.24748,525.815,NIST
dinonyl (2Z)-but-2-enedioate,'2787-64-6,CCCCCCCCCOC(=O)/C=C\C(=O)OCCCCCCCCC,C22H40O4,368.5506,681.287,NIST
1H-indazol-6-amine,'6967-12-0,Nc1ccc2c[nH]nc2c1,C7H7N3,133.15058,621.923,NIST
11-cyanoundecanoic acid,'5810-18-4,N#CCCCCCCCCCCC(=O)O,C12H21NO2,211.30064,603.451,NIST
2-methyl-3-(propan-2-yl)naphthalene,'66577-18-2,Cc1cc2ccccc2cc1C(C)C,C14H16,184.27684,556.377,NIST
2-methylisoquinolin-1(2H)-one,'4594-71-2,Cn1ccc2ccccc2c1=O,C10H9NO,159.18456,596.949,NIST
"2-bromo-2-chloro-3,3-dimethylbutane",'33840-41-4,CC(C)(C)[C@](C)(Cl)Br,C6H12BrCl,199.51648,455.646,NIST
2-methyl-1-(2-(2-methylpropoxy)ethoxy)propane,'54922-86-0,CC(C)COCCOCC(C)C,C10H22O2,174.28048,455.553,NIST
"methyl 2-(propan-2-yl)-1,3-dioxane-5-carboxylate",'28808-23-3,COC(=O)[C@H]1CO[C@@H](C(C)C)OC1,C9H16O4,188.22094,497.278,NIST
"2-(2-bromoethoxy)-1,3,5-trichlorobenzene",'26378-23-4,Clc1cc(Cl)c(OCCBr)c(Cl)c1,C8H6BrCl3O,304.39564,585.024,NIST
2-methyl-6-((propan-2-yl)oxy)oxane,'17230-11-4,CC(C)O[C@H]1CCC[C@@H](C)O1,C9H18O2,158.23802,453.143,NIST
"3-tert-butyl-2,2-dimethyltridecan-3-ol",'102014-09-5,CCCCCCCCCCC(O)(C(C)(C)C)C(C)(C)C,C19H40O,284.5203,594.366,NIST
"1-((1,1'-biphenyl)-2-yl)propan-1-ol",'875855-85-9,CCC(O)c1ccccc1-c1ccccc1,C15H16O,212.28694,605.151,NIST
4-butyloctan-1-ol,'857238-07-4,CCCCC(CCCC)CCCO,C12H26O,186.33424,528.493,NIST
"1-(2,2-dimethylpropyl)-4-ethylbenzene",'204007-47-6,CCc1ccc(CC(C)(C)C)cc1,C13H20,176.2979,501.993,NIST
"2,3-dibromo-3-methylpentane",'765306-07-8,CCC(C)(Br)C(C)Br,C6H12Br2,243.96748,447.252,NIST
1-methyl-4-(prop-1-en-2-yl)cyclohex-1-ene,'138-86-3,C=C(C)C1CC=C(C)CC1,C10H16,136.23404,451.041,NIST
dipropyl butanedioate,'925-15-5,CCCOC(=O)CCC(=O)OCCC,C10H18O4,202.24752,519.428,NIST
1-(prop-1-en-2-yl)naphthalene,'1855-47-6,C=C(C)c1cccc2ccccc12,C13H12,168.23438,542.266,NIST
"1,1,1,2,2-pentafluoro-2-(2,2,2-trifluoroethoxy)ethane",'156053-88-2,FC(F)(F)COC(F)(F)C(F)(F)F,C4H2F8O,218.0453056,300.894,NIST
(furan-2-yl)methylene diacetate,'613-75-2,CC(=O)OC(OC(C)=O)c1ccco1,C9H10O5,198.1727,507.438,NIST
"4-(3,5-dimethylhexan-3-yl)phenol",'855412-93-0,CCC(C)(CC(C)C)c1ccc(O)cc1,C14H22O,206.32388,571.527,NIST
"2,2-dimethylnonan-4-yl 3,3-dimethylbutanoate",'873966-01-9,CCCCCC(CC(C)(C)C)OC(=O)CC(C)(C)C,C17H34O2,270.45066,544.903,NIST
non-1-ene,'124-11-8,C=CCCCCCCC,C9H18,126.23922,,DIPPR
methyl 2-methylprop-2-enoate,'80-62-6,C=C(C)C(=O)OC,C5H8O2,100.11582,,DIPPR
"4'-(pentyloxy)(1,1'-biphenyl)-4-carbonitrile",'52364-71-3,CCCCCOc1ccc(-c2ccc(C#N)cc2)cc1,C18H19NO,265.34956,675.879,NIST
17-hydroxyandrost-4-en-3-one,'58-22-0,C[C@]12CC[C@H]3[C@@H](CCC4=CC(=O)CC[C@@]43C)[C@@H]1CC[C@@H]2O,C19H28O2,288.42442,665.929,NIST
"cis,cis-4,6-dimethyl-2-ethyl-1,3-dithiane",'24347-70-4,CC[C@@H]1S[C@H](C)C[C@H](C)S1,C8H16S2,176.34264,500.624,NIST
"2,4-dimethylpentan-2-yl propanoate",'245658-37-1,CCC(=O)OC(C)(C)CC(C)C,C10H20O2,172.2646,452.289,NIST
(4-methylhex-4-en-3-yl)benzene,'859971-52-1,CC=C(C)C(CC)c1ccccc1,C13H18,174.28202,506.072,NIST
"2,6-dimethyl-2-propylcyclohexan-1-one",'170710-55-1,CCCC1(C)CCCC(C)C1=O,C11H20O,168.2759,490.89,NIST
1-vinyl-3-fluorobenzene,'350-51-6,C=Cc1cccc(F)c1,C8H7F,122.1395832,413.47,NIST
1-butyl-3-methylcyclohexane,'52829-83-1,CCCCC1CCCC(C)C1,C11H22,154.29238,468.151,NIST
2-(2-chloroethoxy)-3-methylbut-1-ene,'56798-14-2,C=C(OCCCl)C(C)C,C7H13ClO,148.63052,424.616,NIST
1-(hexadecyloxy)-2-methoxybenzene,'1071562-10-1,CCCCCCCCCCCCCCCCOc1ccccc1OC,C23H40O2,348.5625,679.585,NIST
octyl pentanoate,'5451-85-4,CCCCCCCCOC(=O)CCCC,C13H26O2,214.34434,534.668,NIST
ethyl hex-5-enoate,'54653-25-7,C=CCCCC(=O)OCC,C8H14O2,142.19556,435.112,NIST
"2,4,6-trimethylundecane",'107771-01-7,CCCCCC(C)CC(C)CC(C)C,C14H30,198.388,491.865,NIST
1-methyl-4-((1E)-prop-1-en-1-yl)benzene,'2077-30-7,C/C=C/c1ccc(C)cc1,C10H12,132.20228,489.386,NIST
butan-2-yl pentanoate,'23361-74-2,CCCCC(=O)OC(C)CC,C9H18O2,158.23802,458.524,NIST
"1-ethyl-2,4,5-trimethylbenzene",'17851-27-3,CCc1cc(C)c(C)cc1C,C11H16,148.24474,,DIPPR
butyl 4-oxopentanoate,'2052-15-5,CCCCOC(=O)CCC(C)=O,C9H16O3,172.22154,500.739,NIST
2-methyl-3-(propan-2-yl)octan-3-ol,'19965-71-0,CCCCCC(O)(C(C)C)C(C)C,C12H26O,186.33424,499.677,NIST
"5,8-diethyldodecane",'24251-86-3,CCCCC(CC)CCC(CC)CCCC,C16H34,226.44116,535.471,NIST
4-chlorodecane,'999-49-5,CCCCCCC(Cl)CCC,C10H21Cl,176.72674,486.589,NIST
1-bromo-3-methylbenzene,'591-17-3,Cc1cccc(Br)c1,C7H7Br,171.03448,459.595,NIST
hexadecylbenzene,'1459-09-2,CCCCCCCCCCCCCCCCc1ccccc1,C22H38,302.53712,644.222,NIST
"1H-1,2,4-triazole",'288-88-0,c1nc[nH]n1,C2H3N3,69.06532,515.289,NIST
heptadecylbenzene,'14752-75-1,CCCCCCCCCCCCCCCCCc1ccccc1,C23H40,316.5637,674.888,NIST
decahydroazulene,'5661-80-3,C1CCC2CCCC2CC1,C10H18,138.24992,467.046,NIST
(1Z)-1-((((1E)-prop-1-en-1-yl)oxy)methoxy)prop-1-ene,'62322-56-9,C/C=C\OCO/C=C/C,C7H12O2,128.16898,414.666,NIST
"2,2,4-trimethylpentyl 2-methylpropanoate",'36679-74-0,CC(C)CC(C)(C)COC(=O)C(C)C,C12H24O2,200.31776,474.374,NIST
bromo(chloro)diiodomethane,'40809-94-7,ClC(Br)(I)I,CBrClI2,381.17664,512.487,NIST
4-methylpentan-2-yl prop-2-enoate,'18933-92-1,C=CC(=O)OC(C)CC(C)C,C9H16O2,156.22214,442.791,NIST
"2,11-dimethyl-5,8-bis(3-methylbutyl)dodecane",'854252-65-6,CC(C)CCC(CCC(C)C)CCC(CCC(C)C)CCC(C)C,C24H50,338.6538,619.563,NIST
1-methyl-2-propylbenzene,'1074-17-5,CCCc1ccccc1C,C10H14,134.21816,,DIPPR
"2,4-dimethyloctane",'4032-94-4,CCCCC(C)CC(C)C,C10H22,142.28168,,DIPPR
"6-ethyl-2,3-dimethylphenol",'18441-55-9,CCc1ccc(C)c(C)c1O,C10H14O,150.21756,511.095,NIST
(2-methylbutan-2-yl)cyclohexane,'31797-64-5,CCC(C)(C)C1CCCCC1,C11H22,154.29238,471.346,NIST
"ethene-1,2-diimine",'20815-45-6,N=C=C=N,C2H2N2,54.05068,313.423,NIST
"1,1,1-trimethyl-N-(trimethylsilyl)silanamine",'999-97-3,C[Si](C)(C)N[Si](C)(C)C,C6H19NSi2,161.39276,,DIPPR
"dipentyl benzene-1,3-dicarboxylate",'4654-16-4,CCCCCOC(=O)c1cccc(C(=O)OCCCCC)c1,C18H26O4,306.39664,652.708,NIST
"1,2-di(propan-2-yl)benzene",'577-55-9,CC(C)c1ccccc1C(C)C,C12H18,162.27132,478.075,NIST
2-methyltridecan-4-ol,'116436-15-8,CCCCCCCCCC(O)CC(C)C,C14H30O,214.3874,545.849,NIST
2-butenenitrile,'4786-20-3,CC=CC#N,C4H5N,67.0892,384.328,NIST
1-ethenyl-2-ethylbenzene,'7564-63-8,C=Cc1ccccc1CC,C10H12,132.20228,462.337,NIST
2-phenyl-1H-imidazole,'670-96-2,c1ccc(-c2ncc[nH]2)cc1,C9H8N2,144.17322,627.958,NIST
"2,4-dibromo-1-(trifluoromethoxy)benzene",'1840-97-7,FC(F)(F)Oc1ccc(Br)cc1Br,C7H3Br2F3O,319.9013296,493.885,NIST
"N,N-bis(2-ethylhexyl)-2-methylpropanamide",'112724-95-5,CCCCC(CC)CN(CC(CC)CCCC)C(=O)C(C)C,C20H41NO,311.54564,623.994,NIST
octadec-8-yne,'35216-12-7,CCCCCCCC#CCCCCCCCCC,C18H34,250.46256,586.813,NIST
"8,8-dimethyl-6,10-dioxaspiro(4.5)decane",'702-75-0,CC1(C)COC2(CCCC2)OC1,C10H18O2,170.24872,478.255,NIST
1-heptyl-2-methylbenzene,'86316-74-7,CCCCCCCc1ccccc1C,C14H22,190.32448,534.322,NIST
2-methylpropyl 2-methylpropanoate,'97-85-8,CC(C)COC(=O)C(C)C,C8H16O2,144.21144,421.931,NIST
"1,2-bis(bromomethyl)benzene",'91-13-4,BrCc1ccccc1CBr,C8H8Br2,263.95712,530.281,NIST
"2,2,4,6,6-pentamethylheptane",'13475-82-6,CC(CC(C)(C)C)CC(C)(C)C,C12H26,170.33484,450.993,NIST
aminocapronitrile,'2432-74-8,N#CCCCCCN,C6H12N2,112.17288,,DIPPR
ethenylcyclopropane,'693-86-7,C=CC1CC1,C5H8,68.11702,313.535,NIST
1-bromo-4-methoxybenzene,'104-92-7,COc1ccc(Br)cc1,C7H7BrO,187.03388,508.006,NIST
5-chloropyridin-3-ol,'74115-12-1,Oc1cncc(Cl)c1,C5H4ClNO,129.54436,492.921,NIST
"1,1,2-trimethyl-3-methylidenecyclohexane",'1846-45-3,C=C1CCCC(C)(C)C1C,C10H18,138.24992,428.65,NIST
"(2R,3S)-2,3-dichlorobutane",'4028-56-2,C[C@H](Cl)[C@@H](C)Cl,C4H8Cl2,127.01232,375.216,NIST
1-phenylethen-1-ol,'4383-15-7,C=C(O)c1ccccc1,C8H8O,120.14852,504.69,NIST
(2E)-4-methyl-3-((pentan-3-yl)oxy)pent-2-ene,,C/C=C(/OC(CC)CC)C(C)C,C11H22O,170.29178,453.561,NIST
4-hydroxy-3-methylbutan-2-one,'3393-64-4,CC(=O)C(C)CO,C5H10O2,102.1317,462.611,NIST
(dodecan-3-yl)benzene,2400-03-0200:00:00,CCCCCCCCCC(CC)c1ccccc1,C18H30,246.4308,584.364,NIST
"1,4-dichloropentane",'626-92-6,CC(Cl)CCCCl,C5H10Cl2,141.0389,442.186,NIST
"3-chloro-1,1,1-trifluoropropane",'460-35-5,FC(F)(F)CCCl,C3H4ClF3,132.5120696,323.498,NIST
2-methylbicyclo(2.2.1)heptane,'15185-11-2,CC1C[C@@H]2CC[C@H]1C2,C8H14,110.19676,397.316,NIST
butyl cyanoacetate,'5459-58-5,CCCCOC(=O)CC#N,C7H11NO2,141.16774,503.662,NIST
"(2E)-3-(2H-1,3-benzodioxol-5-yl)-1-(piperidin-1-yl)prop-2-en-1-one",'23434-86-8,O=C(/C=C/c1ccc2c(c1)OCO2)N1CCCCC1,C15H17NO3,259.30038,679.566,NIST
"3,5-dimethylbenzoic acid",'499-06-9,Cc1cc(C)cc(C(=O)O)c1,C9H10O2,150.1745,548.287,NIST
7-methyloctan-4-ol,'33933-77-6,CCCC(O)CCC(C)C,C9H20O,144.2545,462.325,NIST
2-methyl-2-(methyldisulfanyl)propane,'35166-82-6,CSSC(C)(C)C,C5H12S2,136.27878,429.275,NIST
2-methyl-4-methylideneheptane,'86409-70-3,C=C(CCC)CC(C)C,C9H18,126.23922,405.63,NIST
"3,4-dimethyloctane-3,4-diol",'91179-88-3,CCCCC(C)(O)C(C)(O)CC,C10H22O2,174.28048,507.247,NIST
"2-methyltricyclo(3.3.1.1(3,7))decane",'700-56-1,CC1[C@H]2C[C@@H]3C[C@@H](C[C@H]1C3)C2,C11H18,150.26062,475.459,NIST
difluoromethyl hypofluorite,'175405-97-7,FOC(F)F,CHF3O,86.0132496,292.263,NIST
bromo(chloro)difluoromethane,'353-59-3,FC(F)(Cl)Br,CBrClF2,165.3645064,,DIPPR
1-((propan-2-yl)oxy)pentane,'5756-37-6,CCCCCOC(C)C,C8H18O,130.22792,404.173,NIST
henicosafluoroundecanoic acid,'2058-94-8,O=C(O)C(F)(F)C(F)(F)C(F)(F)C(F)(F)C(F)(F)C(F)(F)C(F)(F)C(F)(F)C(F)(F)C(F)(F)F,C11HF21O2,564.0909072,511.447,NIST
1-butyl-2-methylcyclohexan-1-ol,'13757-31-8,CCCCC1(O)CCCCC1C,C11H22O,170.29178,500.468,NIST
"2-propyl-1,3-dioxolane",'3390-13-4,CCCC1OCCO1,C6H12O2,116.15828,403.891,NIST
5-chloro-2-nitrophenol,'611-07-4,O=[N+]([O-])c1ccc(Cl)cc1O,C6H4ClNO3,173.55386,571.138,NIST
"5-ethyl-1,1,3,3-tetramethyl-2,3-dihydro-1H-indene",'66359-10-2,CCc1ccc2c(c1)C(C)(C)CC2(C)C,C15H22,202.33518,554.107,NIST
"1-chloro-3,3-dimethylbutan-2-one",'13547-70-1,CC(C)(C)C(=O)CCl,C6H11ClO,134.60394,439.831,NIST
"2,2,3,3,4-pentamethylnonan-4-ol",'108272-61-3,CCCCCC(C)(O)C(C)(C)C(C)(C)C,C14H30O,214.3874,520.754,NIST
"2-methoxy-1,3-cyclohexadiene",'30979-68-1,COC1=CCCC=C1,C7H10O,110.1537,391.933,NIST
"1,3-thiazole",'288-47-1,c1cscn1,C3H3NS,85.12762,391.358,NIST
"1,1,2,4,5,5-hexachloro-3,3-difluoropenta-1,4-diene",'3231-51-4,FC(F)(C(Cl)=C(Cl)Cl)C(Cl)=C(Cl)Cl,C5Cl6F2,310.7683064,507.886,NIST
"2,5-dimethyl-5-(propan-2-yl)-1,3-dioxane",'35193-74-9,CC(C)[C@]1(C)CO[C@@H](C)OC1,C9H18O2,158.23802,450.99,NIST
"4-propylundeca-1,10-diene",,C=CCCCCCC(CC=C)CCC,C14H26,194.35624,503.95,NIST
"1,2-dibutylcyclohex-1-ene",'66819-70-3,CCCCC1=C(CCCC)CCCC1,C14H26,194.35624,519.812,NIST
4-iodoaniline,'540-37-4,Nc1ccc(I)cc1,C6H6IN,219.02301,550.34,NIST
bicyclo(3.3.1)nonane,'280-65-9,C1CC2CCCC(C1)C2,C9H16,124.22334,441.939,NIST
"2,2-difluoroethan-1-ol",'359-13-7,OCC(F)F,C2H4F2O,82.0493664,390.45,NIST
"2-ethenyl-1,1'-biphenyl",'1587-22-0,C=Cc1ccccc1-c1ccccc1,C14H12,180.24508,582.734,NIST
2-ethylcyclopent-2-en-1-one,2931-10-0400:00:00,CCC1=CCCC1=O,C7H10O,110.1537,451.11,NIST
2-methyl-3-methylidenehept-1-ene,'63742-40-5,C=C(C)C(=C)CCCC,C9H16,124.22334,416.133,NIST
5-hydroxy-4-methyloctan-3-one,'343863-58-1,CCCC(O)C(C)C(=O)CC,C9H18O2,158.23802,491.284,NIST
bromo(triiodo)methane,'558-16-7,BrC(I)(I)I,CBrI3,472.62811,557.933,NIST
"2,4,6-trimethyl-1,4-dihydropyridine",'855161-18-1,CC1=CC(C)C=C(C)N1,C8H13N,123.19552,409.547,NIST
octan-1-amine,'111-86-4,CCCCCCCCN,C8H19N,129.24316,,DIPPR
"2,3-bis(methoxymethyl)oxirane",'588689-86-5,COC[C@@H]1O[C@@H]1COC,C6H12O3,132.15768,456.249,NIST
(bis((propan-2-yl)oxy)methyl)benzene,'38115-81-0,CC(C)OC(OC(C)C)c1ccccc1,C13H20O2,208.2967,507.166,NIST
octadecan-3-one,'18261-92-2,CCCCCCCCCCCCCCCC(=O)CC,C18H36O,268.47784,596.92,NIST
"(3E,5Z)-4-methylocta-3,5-diene",'36903-95-4,CC/C=C\C(C)=C\CC,C9H16,124.22334,422.634,NIST
heptanamide,'628-62-6,CCCCCCC(=N)O,C7H15NO,129.2001,537.811,NIST
4-methyl-2-phenylfuran,'39517-83-4,Cc1coc(-c2ccccc2)c1,C11H10O,158.1965,517.982,NIST
4-(2-methylpropoxy)benzoic acid,'30762-00-6,CC(C)COc1ccc(C(=O)O)cc1,C11H14O3,194.22706,601.969,NIST
"2,3,7-trimethyloctane",'62016-34-6,CC(C)CCCC(C)C(C)C,C11H24,156.30826,448.067,NIST
(2-propoxypropan-2-yl)benzene,'24142-77-6,CCCOC(C)(C)c1ccccc1,C12H18O,178.27072,507.336,NIST
"1-methoxy-2,4-dimethylbenzene",'6738-23-4,COc1ccc(C)cc1C,C9H12O,136.19098,465.5,NIST
15-methyloctadecanoic acid,'94434-65-8,CCCC(C)CCCCCCCCCCCCCC(=O)O,C19H38O2,298.50382,632.551,NIST
"3,5-dimethylhex-4-en-3-ol",'1569-43-3,CCC(C)(O)C=C(C)C,C8H16O,128.21204,465.469,NIST
(2S)-2-fluoropentane,,CCC[C@H](C)F,C5H11F,90.1392432,328.632,NIST
"(2Z)-4,4-dimethylhex-2-ene",'66225-13-6,C/C=C\C(C)(C)CC,C8H16,112.21264,378.385,NIST
"1,5,5-trimethylbicyclo(2.2.1)hept-2-ene",'534-31-6,CC12C=CC(C1)C(C)(C)C2,C10H16,136.23404,420.737,NIST
"1,2,3-trimethylbicyclo(2.2.1)heptane",'856120-62-2,CC1C2CCC(C)(C2)C1C,C10H18,138.24992,432.022,NIST
1-phenyloctan-1-one,'1674-37-9,CCCCCCCC(=O)c1ccccc1,C14H20O,204.308,572.883,NIST
cis-1-methyl-2-propylcyclopentane,'932-43-4,CCC[C@H]1CCC[C@H]1C,C9H18,126.23922,420.093,NIST
2-ethoxy-3-methylbut-1-ene,'56544-17-3,C=C(OCC)C(C)C,C7H14O,114.18546,368.724,NIST
"4,4'-di-tert-butyl-1,1'-biphenyl",'1625-91-8,CC(C)(C)c1ccc(-c2ccc(C(C)(C)C)cc2)cc1,C20H26,266.42044,626.462,NIST
"2,5,8,11-tetramethyl-3,6,9,12-tetraoxapentadecan-14-ol",'156343-07-6,CC(O)COC(C)COC(C)COC(C)COC(C)C,C15H32O5,292.41158,588.414,NIST
1-oxacyclotridecan-2-one,'947-05-7,O=C1CCCCCCCCCCCO1,C12H22O2,198.30188,576.064,NIST
(piperidin-2-yl)methanol,'3433-37-2,OCC1CCCCN1,C6H13NO,115.17352,496.607,NIST
2-acetyl-3-methylbutanoic acid ethyl ester,'1522-46-9,CCOC(=O)C(C(C)=O)C(C)C,C9H16O3,172.22154,493.182,NIST
N-phenyl-1H-tetrazol-5-amine,'14832-59-8,c1ccc(N=c2nn[nH][nH]2)cc1,C7H7N5,161.16398,654.731,NIST
"1,1'-methylenebis(2,4,5-trimethylbenzene)",'4957-16-8,Cc1cc(C)c(Cc2cc(C)c(C)cc2C)cc1C,C19H24,252.39386,652.429,NIST
bromocyclopropane,'4333-56-6,BrC1CC1,C3H5Br,120.9758,350.761,NIST
"3-ethyl-2,4-dimethylpentane",'1068-87-7,CCC(C(C)C)C(C)C,C9H20,128.2551,,DIPPR
4-ethoxyaniline,'156-43-4,CCOc1ccc(N)cc1,C8H11NO,137.17904,,DIPPR
"rel-(2R,3S)-1,4-dichloro-1,1,2,3,4,4-hexafluorobutane",5994-11-0600:00:00,F[C@H]([C@@H](F)C(F)(F)Cl)C(F)(F)Cl,C4H2Cl2F6,234.9550992,361.123,NIST
3-methylphenyl trifluoroacetate,'1736-09-0,Cc1cccc(OC(=O)C(F)(F)F)c1,C9H7F3O2,204.1458896,440.266,NIST
"3,3,4,4,5,5,6,6,7,7,8,8,9,9,10,10,10-heptadecafluorodecan-1-ol",'678-39-7,OCCC(F)(F)C(F)(F)C(F)(F)C(F)(F)C(F)(F)C(F)(F)C(F)(F)C(F)(F)F,C10H5F17O,464.1189544,474.919,NIST
"2,4,4-trimethylpentan-1-ol",'16325-63-6,CC(CO)CC(C)(C)C,C8H18O,130.22792,443.641,NIST
"2,3,3-trimethylbutyl acetate",'102439-06-5,CC(=O)OCC(C)C(C)(C)C,C9H18O2,158.23802,456.348,NIST
4-phenylbutanoic acid,'1821-12-1,O=C(O)CCCc1ccccc1,C10H12O2,164.20108,569.87,NIST
"2,4,4-trimethylpent-1-ene",'107-39-1,C=C(C)CC(C)(C)C,C8H16,112.21264,,DIPPR
4-phenylbut-3-enoic acid,'2243-53-0,O=C(O)CC=Cc1ccccc1,C10H10O2,162.1852,558.061,NIST
"2,5-dimethylhexa-1,3,5-triene",'4916-63-6,C=C(C)C=CC(=C)C,C8H12,108.18088,398.128,NIST
1-(1-propoxyethoxy)propane,'105-82-8,CCCOC(C)OCCC,C8H18O2,146.22732,420.243,NIST
3-methylundecan-5-ol,'82749-56-2,CCCCCC[C@H](O)C[C@@H](C)CC,C12H26O,186.33424,513.763,NIST
"1,5-dimethyl-2,4-dinitrobenzene",'616-72-8,Cc1cc(C)c([N+](=O)[O-])cc1[N+](=O)[O-],C8H8N2O4,196.16012,596.8,NIST
1-chlorobutan-2-ol,'1873-25-2,CCC(O)CCl,C4H9ClO,108.56666,420.392,NIST
"2,4'-dichloro-1,1'-biphenyl",'34883-43-7,Clc1ccc(-c2ccccc2Cl)cc1,C12H8Cl2,223.09792,592.014,NIST
1-ethyl-2-propylcyclohex-1-ene,'854718-24-4,CCCC1=C(CC)CCCC1,C11H20,152.2765,455.894,NIST
N-methylacetamide,'79-16-3,CN=C(C)O,C3H7NO,73.09378,,DIPPR
"2-(((2E)-3,7-dimethylocta-2,6-dien-1-yl)oxy)oxane",'59632-99-4,CC(C)=CCC/C(C)=C/COC1CCCCO1,C15H26O2,238.36574,577.363,NIST
N-hexylcyclohexanamine,'4746-28-5,CCCCCCNC1CCCCC1,C12H25N,183.3336,521.591,NIST
"2,5-dinitrophenol",'329-71-5,O=[N+]([O-])c1ccc([N+](=O)[O-])c(O)c1,C6H4N2O5,184.10636,583.539,NIST
1-iodo-3-methylbenzene,'625-95-6,Cc1cccc(I)c1,C7H7I,218.03495,481.476,NIST
1-bromo-3-fluorobenzene,'1073-06-9,Fc1cccc(Br)c1,C6H4BrF,174.9983632,423.34,NIST
"2,2-dimethylpropanoyl bromide",'27644-18-4,CC(C)(C)C(=O)Br,C5H9BrO,165.02836,398.129,NIST
4-bromohept-3-ene,'21971-90-4,CCC=C(Br)CCC,C7H13Br,177.08212,430.669,NIST
"cis-1,4-dimethyladamantane",'24145-89-9,C[C@H]1C2CC3CC1C[C@@](C)(C3)C2,C12H20,164.2872,483.296,NIST
dibutyl (2E)-but-2-enedioate,'105-75-9,CCCCOC(=O)/C=C/C(=O)OCCCC,C12H20O4,228.2848,554.753,NIST
"1,2,4,5-tetrachloro-3,6-dimethylbenzene",'877-10-1,Cc1c(Cl)c(Cl)c(C)c(Cl)c1Cl,C8H6Cl4,243.94524,552.585,NIST
"4,5-dimethyl-2,3-dihydro-1H-indene",'1685-83-2,Cc1ccc2c(c1C)CCC2,C11H14,146.22886,504.803,NIST
"(D)-saccharic acid-1,4-lactone",'389-36-6,O=C(O)[C@@H](O)[C@H]1OC(=O)[C@H](O)[C@H]1O,C6H8O7,192.12352,678.939,NIST
"N,N'-diethyl-N,N'-diphenylurea",'85-98-3,CCN(C(=O)N(CC)c1ccccc1)c1ccccc1,C17H20N2O,268.3535,700.221,NIST
1-butyl-1H-imidazole,'4316-42-1,CCCCn1ccnc1,C7H12N2,124.18358,576.562,NIST
2-bromo-3-fluoroprop-1-ene,'53531-46-7,C=C(Br)CF,C3H4BrF,138.9662632,348.114,NIST
methyl (2E)-oct-2-enoate,'2396-85-2,CCCCC/C=C/C(=O)OC,C9H16O2,156.22214,472.709,NIST
2-decanethiol,'13402-60-3,CCCCCCCCC(C)S,C10H22S,174.34668,498.341,NIST
"2,2',3,3',4,4',5,5',6,6'-decafluoro-1,1'-biphenyl",'434-90-2,Fc1c(F)c(F)c(-c2c(F)c(F)c(F)c(F)c2F)c(F)c1F,C12F10,334.112432,480.815,NIST
1-(1-benzofuran-2-yl)ethan-1-one,'1646-26-0,CC(=O)c1cc2ccccc2o1,C10H8O2,160.16932,543.575,NIST
((3-methylbut-2-en-2-yl)oxy)benzene,'42237-97-8,CC(C)=C(C)Oc1ccccc1,C11H14O,162.22826,480.843,NIST
"pentacyclo(4.2.0.02,5.03,8.04,7)octane-1,4-dicarboxylic acid",'32846-66-5,O=C(O)[C@]12[C@@H]3[C@@H]4[C@@H]1[C@@H]1[C@H]2[C@H]3[C@]41C(=O)O,C10H8O4,192.16812,638.594,NIST
"(2R,4S)-2,4-dichloropentane",'1825-09-8,C[C@H](Cl)C[C@@H](C)Cl,C5H10Cl2,141.0389,418.015,NIST
4-butyloctanoic acid,'861312-14-3,CCCCC(CCCC)CCC(=O)O,C12H24O2,200.31776,561.515,NIST
3-chlorobutan-2-yl acetate,'54192-20-0,CC(=O)O[C@H](C)[C@@H](C)Cl,C6H11ClO2,150.60334,426.78,NIST
1-tert-butyl-3-methylcyclohexane,'73908-41-5,CC1CCCC(C(C)(C)C)C1,C11H22,154.29238,458.994,NIST
di(butan-2-ylidene)hydrazine,'5921-54-0,CCC(C)=NN=C(C)CC,C8H16N2,140.22604,442.829,NIST
1-methyl-2-(propan-2-yl)cyclohexane,'16580-23-7,CC(C)C1CCCCC1C,C10H20,140.2658,450.065,NIST
bis(2-methylpropyl)nonanedioate,'105-80-6,CC(C)COC(=O)CCCCCCCC(=O)OCC(C)C,C17H32O4,300.43358,569.659,NIST
"2,4-di-tert-butyl-6-methylphenol",'616-55-7,Cc1cc(C(C)(C)C)cc(C(C)(C)C)c1O,C15H24O,220.35046,565.965,NIST
"3-(butan-2-yl)pentane-2,4-dione",'1540-39-2,CCC(C)C(C(C)=O)C(C)=O,C9H16O2,156.22214,489.67,NIST
phenyl(pyridin-2-yl)methanone,1991-02-0100:00:00,O=C(c1ccccc1)c1ccccn1,C12H9NO,183.20596,624.192,NIST
"5,10-diethyl-7,8-di(propan-2-yl)tetradecane",'103212-92-6,CCCCC(CC)CC(C(C)C)C(CC(CC)CCCC)C(C)C,C24H50,338.6538,631.997,NIST
dipropyl decanedioate,'15419-91-7,CCCOC(=O)CCCCCCCCC(=O)OCCC,C16H30O4,286.407,604.705,NIST
cis-dihydro-5-methyl-3-phenyl-2(3H)-furanone,'20272-25-7,C[C@H]1C[C@@H](c2ccccc2)C(=O)O1,C11H12O2,176.21178,584.162,NIST
"1,3,5-trimethyl-1-propylcyclohexane",'872288-29-4,CCCC1(C)CC(C)CC(C)C1,C12H24,168.31896,472.357,NIST
1-fluoropentane,'592-50-7,CCCCCF,C5H11F,90.1392432,335.563,NIST
ethyl bromoacetate,'105-36-2,CCOC(=O)CBr,C4H7BrO2,167.00118,431.753,NIST
"6,10-dimethyltridecan-2-one",'109091-97-6,CCCC(C)CCCC(C)CCCC(C)=O,C15H30O,226.3981,556.42,NIST
"2-methyl-4-(propan-2-yl)-1,3-dioxolane",'17226-52-7,CC(C)[C@@H]1CO[C@H](C)O1,C7H14O2,130.18486,407.545,NIST
S-ethyl ethanethioate,'625-60-5,CCSC(C)=O,C4H8OS,104.17072,,DIPPR
"1,1-difluoropentadecane",'62127-04-2,CCCCCCCCCCCCCCC(F)F,C15H30F2,248.3955064,559.783,NIST
2-(2-methylpropoxy)ethan-1-ol,'4439-24-1,CC(C)COCCO,C6H14O2,118.17416,431.137,NIST
"1,1,1-trifluorononadecane",'62126-85-6,CCCCCCCCCCCCCCCCCCC(F)(F)F,C19H37F3,322.4922896,585.106,NIST
"3-ethyl-2,2-dimethylpentane",'16747-32-3,CCC(CC)C(C)(C)C,C9H20,128.2551,,DIPPR
"pyridine-2,6-dicarboxylic acid",'499-83-2,O=C(O)c1cccc(C(=O)O)n1,C7H5NO4,167.1189,649.184,NIST
"1,2,4-trinitrobenzene",'610-31-1,O=[N+]([O-])c1ccc([N+](=O)[O-])c([N+](=O)[O-])c1,C6H3N3O6,213.10452,627.969,NIST
"3-(5-nitrofuran-2-yl)prop-1-ene-1,1-diyl diacetate",'1874-14-2,CC(=O)OC(=CCc1ccc([N+](=O)[O-])o1)OC(C)=O,C11H11NO7,269.20754,594.434,NIST
"(3,4-dimethylphenyl)(phenyl)methanone",'2571-39-3,Cc1ccc(C(=O)c2ccccc2)cc1C,C15H14O,210.27106,610.096,NIST
1-fluorononane,'463-18-3,CCCCCCCCCF,C9H19F,146.2455632,435.456,NIST
"(5Z,8Z,11Z,14Z,17Z)-icosa-5,8,11,14,17-pentaenoic acid",'10417-94-4,CC/C=C\C/C=C\C/C=C\C/C=C\C/C=C\CCCC(=O)O,C20H30O2,302.451,637.211,NIST
"2-methyl-1,4,5,8-tetrahydronaphthalene",'4424-78-6,CC1=CCC2=C(CC=CC2)C1,C11H14,146.22886,451.424,NIST
spiro(4.5)decane,'176-63-6,C1CCC2(CC1)CCCC2,C10H18,138.24992,460.817,NIST
methyl (2S)-3-hydroxy-2-methylpropanoate,'80657-57-4,COC(=O)[C@@H](C)CO,C5H10O3,118.1311,449.618,NIST
"2,5,6-trimethylhept-4-en-3-one",'16466-21-0,CC(=CC(=O)C(C)C)C(C)C,C10H18O,154.24932,467.6,NIST
"4-tert-butyl-4,7-dimethyloct-2-ene",'107917-07-7,CC=CC(C)(CCC(C)C)C(C)(C)C,C14H28,196.37212,519.584,NIST
"2,4-dipropylphenol",'23167-99-9,CCCc1ccc(O)c(CCC)c1,C12H18O,178.27072,555.923,NIST
dodecyl butanoate,'3724-61-6,CCCCCCCCCCCCOC(=O)CCC,C16H32O2,256.42408,576.982,NIST
octafluorooxolane,'773-14-8,FC1(F)OC(F)(F)C(F)(F)C1(F)F,C4F8O,216.0294256,272.484,NIST
"(2R,3R)-2,3-dimethylbicyclo(2.2.1)heptane",'20558-16-1,C[C@@H]1C2CCC(C2)[C@H]1C,C9H16,124.22334,419.676,NIST
"2-methylhexane-2,4-diol",'66225-35-2,CCC(O)CC(C)(C)O,C7H16O2,132.20074,469.045,NIST
1-(1-methoxybutoxy)butan-1-ol,,CCCC(O)OC(CCC)OC,C9H20O3,176.2533,510.593,NIST
"1-ethyl-2,4-dimethyloctahydro-1H-indene",,CCC1C(C)CC2C(C)CCCC12,C13H24,180.32966,499.236,NIST
1-methyloctahydro-1H-indene,'19744-66-2,CC1CCC2CCCCC12,C10H18,138.24992,449.273,NIST
3-ethyloctadecane,'13287-02-0,CCCCCCCCCCCCCCCC(CC)CC,C20H42,282.54748,614.072,NIST
"cyclopenta-1,3-diene",'542-92-7,C1=CCC=C1,C5H6,66.10114,313.337,NIST
"decane-1,5-diol",'4203-48-9,CCCCCC(O)CCCCO,C10H22O2,174.28048,562.381,NIST
"2,2-dimethylhept-6-en-3-one",'52056-66-3,C=CCCC(=O)C(C)(C)C,C9H16O,140.22274,443.718,NIST
"(2,4-dihydroxyphenyl)(4-hydroxyphenyl)methanone",'1470-79-7,O=C(c1ccc(O)cc1)c1ccc(O)cc1O,C13H10O4,230.2161,686.65,NIST
"3,3,4,4,5,5,6,6,7,7,8,8,8-tridecafluorooctyl serinate",'906421-27-0,NC(CO)C(=O)OCCC(F)(F)C(F)(F)C(F)(F)C(F)(F)C(F)(F)C(F)(F)F,C11H10F13NO3,451.1812416,512.938,NIST
"1,2-dibromocyclooctane",'29974-69-4,BrC1CCCCCCC1Br,C8H14Br2,270.00476,535.262,NIST
"4-(2-aminoethyl)benzene-1,2-diol",'51-61-6,NCCc1ccc(O)c(O)c1,C8H11NO2,153.17844,605.147,NIST
methyl 2-methylpentanoate,'2177-77-7,CCCC(C)C(=O)OC,C7H14O2,130.18486,413.429,NIST
"3,4-dihydrophenanthrene",'38399-10-9,C1=Cc2ccc3ccccc3c2CC1,C14H12,180.24508,606.052,NIST
1-ethyl-2-propylcyclohexane,'62238-33-9,CCCC1CCCCC1CC,C11H22,154.29238,469.946,NIST
5-aminoindole,'5192-03-0,Nc1ccc2[nH]ccc2c1,C8H8N2,132.16252,587.285,NIST
phenylacetic acid,'103-82-2,O=C(O)Cc1ccccc1,C8H8O2,136.14792,546.619,NIST
2-ethoxyprop-1-ene,'926-66-9,C=C(C)OCC,C5H10O,86.1323,334.777,NIST
"(1,1'-bi(cyclohexane))-1-ol",'2903-12-0,OC1(C2CCCCC2)CCCCC1,C12H22O,182.30248,535.481,NIST
"2,4-dimethylpentan-3-amine",'4083-57-2,CC(C)C(N)C(C)C,C7H17N,115.21658,412.973,NIST
"2,4-dimethyltetradecane",'61868-06-2,CCCCCCCCCCC(C)CC(C)C,C16H34,226.44116,536.027,NIST
1-bromo-2-butyne,'3355-28-0,CC#CCBr,C4H5Br,132.9865,379.596,NIST
1-methyldiamantane,'26460-76-4,CC12CC3CC4C5CC(CC41)CC2C5C3,C15H22,202.33518,559.589,NIST
1-(1-methoxyethoxy)ethan-1-ol,'1823378-56-8,COC(C)OC(C)O,C5H12O3,120.14698,436.672,NIST
"2-bromo-1,1-difluoroethene",'359-08-0,FC(F)=CBr,C2HBrF2,142.9301464,285.304,NIST
"1,2,4,6-tetrachloronaphthalene",'51570-45-7,Clc1ccc2c(Cl)c(Cl)cc(Cl)c2c1,C10H4Cl4,265.95076,611.852,NIST
"methyl (9Z,12Z,15E)-octadeca-9,12,15-trienoate",'37929-05-8,CC/C=C/C/C=C\C/C=C\CCCCCCCC(=O)OC,C19H32O2,292.45618,621.067,NIST
3-hydroxy-2-methyl propionaldehyde,'38433-80-6,CC(C=O)CO,C4H8O2,88.10512,434.644,NIST
"1,1,2,3,3,4,4,5,5,6,6,7,7,7-tetradecafluorohept-1-ene",'355-63-5,FC(F)=C(F)C(F)(F)C(F)(F)C(F)(F)C(F)(F)C(F)(F)F,C7F14,350.0525448,354.123,NIST
"5,5-dimethylhexan-3-ol",'66576-31-6,CCC(O)CC(C)(C)C,C8H18O,130.22792,424.855,NIST
1-bromo-3-methylundecane,'65781-39-7,CCCCCCCCC(C)CCBr,C12H25Br,249.2309,547.144,NIST
trans-1-cyclopentyl-2-methylcyclopentane,'935-81-9,C[C@@H]1CCC[C@H]1C1CCCC1,C11H20,152.2765,468.474,NIST
5-ethylheptan-2-one,'40238-93-5,CCC(CC)CCC(C)=O,C9H18O,142.23862,461.072,NIST
1-ethyl-4-methylcyclohex-1-ene,'62088-36-2,CCC1=CCC(C)CC1,C9H16,124.22334,424.21,NIST
pentafluoropropanoyl chloride,'422-59-3,O=C(Cl)C(F)(F)C(F)(F)F,C3ClF5O,182.476516,275.766,NIST
"1-(chloromethyl)-2,3-dimethylbenzene",'13651-55-3,Cc1cccc(CCl)c1C,C9H11Cl,154.63664,486.613,NIST
4-(benzyloxy)phenol,'103-16-2,Oc1ccc(OCc2ccccc2)cc1,C13H12O2,200.23318,600.291,NIST
"1,2-dimethylcyclohept-1-ene",'20053-89-8,CC1=C(C)CCCCC1,C9H16,124.22334,432.138,NIST
D-galacturonic acid,'685-73-4,O=C[C@H](O)[C@@H](O)[C@@H](O)[C@H](O)C(=O)O,C6H10O7,194.1394,621.956,NIST
2-bromo-5-fluorobenzoic acid,'394-28-5,O=C(O)c1cc(F)ccc1Br,C7H4BrFO2,219.0078632,560.568,NIST
"(3Z)-hexa-1,3,5-triene",'2612-46-6,C=C/C=C\C=C,C6H8,80.12772,355.129,NIST
ethyl methyl(phenyl)carbamate,'2621-79-6,CCOC(=O)N(C)c1ccccc1,C10H13NO2,179.21572,528.499,NIST
"cis-1,1,2,3-tetramethylcyclopentane",'62016-69-7,C[C@@H]1CCC(C)(C)[C@@H]1C,C9H18,126.23922,402.689,NIST
"cyano(3-phenoxyphenyl)methyl 2,2,3,3-tetramethylcyclopropane-1-carboxylate",'39515-41-8,CC1(C)C(C(=O)OC(C#N)c2cccc(Oc3ccccc3)c2)C1(C)C,C22H23NO3,349.42292,693.075,NIST
"1-methoxy-5-methylcyclohexa-1,4-diene",'13697-84-2,COC1=CCC=C(C)C1,C8H12O,124.18028,422.504,NIST
"2,3-dimethylbutanal",'2109-98-0,CC(C)C(C)C=O,C6H12O,100.15888,385.596,NIST
ethyl methyl butanedioate,'627-73-6,CCOC(=O)CCC(=O)OC,C7H12O4,160.16778,477.858,NIST
methyl 4-chlorobutanoate,'3153-37-5,COC(=O)CCCCl,C5H9ClO2,136.57676,433.963,NIST
1-(3-hydroxyphenyl)ethan-1-one,'121-71-1,CC(=O)c1cccc(O)c1,C8H8O2,136.14792,535.951,NIST
1-(ethanesulfonyl)propane,'31110-65-3,CCCS(=O)(=O)CC,C5H12O2S,136.21258,535.466,NIST
methylcyclopentadecane,'58259-50-0,CC1CCCCCCCCCCCCCC1,C16H32,224.42528,559.839,NIST
pent-1-en-3-one,'1629-58-9,C=CC(=O)CC,C5H8O,84.11642,376.445,NIST
"(nona-1,2-dien-1-yl)benzene",'27694-87-7,CCCCCCC=C=Cc1ccccc1,C15H20,200.3193,576.888,NIST
octyl decanoate,'2306-92-5,CCCCCCCCCC(=O)OCCCCCCCC,C18H36O2,284.47724,603.718,NIST
3-methylpentanoic acid,'105-43-1,CCC(C)CC(=O)O,C6H12O2,116.15828,469.937,NIST
methyl cyclohexanecarboxylate,'4630-82-4,COC(=O)C1CCCCC1,C8H14O2,142.19556,456.146,NIST
"1,4-difluorobut-2-yne",'407-82-9,FCC#CCF,C4H4F2,90.0713664,339.42,NIST
"N,N-bis(3-methylbutyl)aniline",'14426-16-5,CC(C)CCN(CCC(C)C)c1ccccc1,C16H27N,233.39228,595.563,NIST
1-(2-propoxyethoxy)propane,'18854-56-3,CCCOCCOCCC,C8H18O2,146.22732,434.638,NIST
"(2R,3R)-2,3-dibromobutane",'598-71-0,C[C@@H](Br)[C@@H](C)Br,C4H8Br2,215.91432,431.143,NIST
2-(2-(2-(2-ethoxyethoxy)ethoxy)ethoxy)ethan-1-ol,'5650-20-4,CCOCCOCCOCCOCCO,C10H22O5,222.27868,,DIPPR
"(5alpha)-androstane-3,17-dione",'846-46-8,C[C@]12CCC(=O)C[C@@H]1CC[C@@H]1[C@@H]2CC[C@]2(C)C(=O)CC[C@@H]12,C19H28O2,288.42442,656.818,NIST
"cis-1,2-cyclopentanedicarboxylic acid dimethyl diester",'4841-91-2,COC(=O)[C@H]1CCC[C@H]1C(=O)OC,C9H14O4,186.20506,507.299,NIST
"2-(propan-2-yl)pentane-1,5-diol",'90951-89-6,CC(C)C(CO)CCCO,C8H18O2,146.22732,538.031,NIST
"2,3,3,5,5,6,6-heptamethyloctane",'92867-13-5,CCC(C)(C)C(C)(C)CC(C)(C)C(C)C,C15H32,212.41458,525.901,NIST
"1,4-dihydro-1,4-epoxynaphthalene",'573-57-9,C1=CC2OC1c1ccccc12,C10H8O,144.16992,499.013,NIST
"nonane-1,9-diamine",'646-24-2,NCCCCCCCCCN,C9H22N2,158.28438,528.455,NIST
methyl decanoate,'110-42-9,CCCCCCCCCC(=O)OC,C11H22O2,186.29118,505.082,NIST
"1,2,4,5,6-pentachloronaphthalene",'150224-20-7,Clc1cc(Cl)c2c(Cl)c(Cl)ccc2c1Cl,C10H3Cl5,300.39582,637.408,NIST
"1-chloro-1,2-dimethylcyclohexane",'1122-02-7,CC1CCCCC1(C)Cl,C8H15Cl,146.6577,442.287,NIST
"4-methylpentane-1,4-diol",'1462-10-8,CC(C)(O)CCCO,C6H14O2,118.17416,500.787,NIST
2-(2-ethoxyethoxy)butane,'77078-19-4,CCOCCOC(C)CC,C8H18O2,146.22732,425.453,NIST
butanenitrile,'109-74-0,CCCC#N,C4H7N,69.10508,,DIPPR
"3,3,4,4,5,5,6,6,7,7,8,8,8-tridecafluorooctan-2-yl prop-2-enoate",'17527-29-6,C=CC(=O)OC(C)C(F)(F)C(F)(F)C(F)(F)C(F)(F)C(F)(F)C(F)(F)F,C11H7F13O2,418.1513216,465.724,NIST
dibutyl methylpropanedioate,'52886-83-6,CCCCOC(=O)C(C)C(=O)OCCCC,C12H22O4,230.30068,606.483,NIST
"1-chloro-4-methyl-2,5-di(propan-2-yl)benzene",'98184-18-0,Cc1cc(C(C)C)c(Cl)cc1C(C)C,C13H19Cl,210.74296,523.915,NIST
(1-((propan-2-yl)oxy)ethyl)benzene,'65757-61-1,CC(C)OC(C)c1ccccc1,C11H16O,164.24414,473.381,NIST
"2,4-di-tert-butyl-1,3-dioxolane",'26563-87-1,CC(C)(C)[C@H]1OC[C@H](C(C)(C)C)O1,C11H22O2,186.29118,465.568,NIST
"dioctyl 2,2'-oxydiacetate",'6634-34-0,CCCCCCCCOC(=O)COCC(=O)OCCCCCCCC,C20H38O5,358.51272,659.938,NIST
"1,3-dimethylcyclopentene",'62184-82-1,CC1=CC(C)CC1,C7H12,96.17018,366.282,NIST
3-propylpentadecanoic acid,'109554-32-7,CCCCCCCCCCCCC(CCC)CC(=O)O,C18H36O2,284.47724,623.609,NIST
dodecan-4-one,'6137-26-4,CCCCCCCCC(=O)CCC,C12H24O,184.31836,527.906,NIST
2-(((methoxy(oxo)acetyl)oxy)methyl)-2-methylpentyl methyl ethanedioate,'1477518-56-1,CCCC(C)(COC(=O)C(=O)OC)COC(=O)C(=O)OC,C13H20O8,304.2931,605.733,NIST
"(E)-1,2-dinitroethene",'88055-17-8,O=[N+]([O-])/C=C/[N+](=O)[O-],C2H2N2O4,118.04828,482.13,NIST
"2-bromo-1-chloro-1,1-difluoroethane",'421-01-2,FC(F)(Cl)CBr,C2H2BrClF2,179.3910864,347.584,NIST
1-chloro-3-(3-chloropropoxy)propane,'629-36-7,ClCCCOCCCCl,C6H12Cl2O,171.06488,477.722,NIST
undecylcyclopentane,'6785-23-5,CCCCCCCCCCCC1CCCC1,C16H32,224.42528,554.559,NIST
"1,1'-(butane-1,2-diyl)dibenzene",'5223-59-6,CCC(Cc1ccccc1)c1ccccc1,C16H18,210.31412,563.577,NIST
"1,1,1,5,5,5-hexafluoropentane-2,2,4,4-tetrol",'428-75-1,OC(O)(CC(O)(O)C(F)(F)F)C(F)(F)F,C5H6F6O4,244.0891592,480.729,NIST
"hepta-1,3-diene",'1002-26-2,C=CC=CCCC,C7H12,96.17018,373.486,NIST
3-methyloctan-1-ol,'38514-02-2,CCCCCC(C)CCO,C9H20O,144.2545,481.044,NIST
(2E)-N-butyl-3-(4-chlorophenyl)prop-2-enamide,'23784-65-8,CCCCN=C(O)/C=C/c1ccc(Cl)cc1,C13H16ClNO,237.72524,685.509,NIST
"2,10-dimethylundeca-1,10-diene",'22080-35-9,C=C(C)CCCCCCCC(=C)C,C13H24,180.32966,495.609,NIST
(but-2-en-1-yl)cyclopentane,'5860-29-7,CC=CCC1CCCC1,C9H16,124.22334,426.62,NIST
"1,4a-dimethyl-7-propyl-1,2,3,4,4a,9,10,10a-octahydrophenanthrene",'121146-41-6,CCCc1ccc2c(c1)CCC1C(C)CCCC21C,C19H28,256.42562,632.998,NIST
ethyl 3-methylbutanoate,'108-64-5,CCOC(=O)CC(C)C,C7H14O2,130.18486,,DIPPR
"tricyclo(3.3.1.1(3,7))decane-1-carboxylic acid",'828-51-3,O=C(O)C12C[C@H]3C[C@@H](C1)C[C@@H](C2)C3,C11H16O2,180.24354,562.262,NIST
"1,1'-(2,2-dichloroethane-1,1-diyl)bis(4-chlorobenzene)",'72-54-8,Clc1ccc(C(c2ccc(Cl)cc2)C(Cl)Cl)cc1,C14H10Cl4,320.0412,642.367,NIST
methyl phenylcarbamate,2603-10-0300:00:00,COC(O)=Nc1ccccc1,C8H9NO2,151.16256,532.434,NIST
"(1alpha,3beta,4alpha)-3,4-dibromocyclohexanecarboxylic acid, methyl ester",,COC(=O)[C@@H]1CC[C@H](Br)[C@@H](Br)C1,C8H12Br2O2,299.98768,540.286,NIST
"1,1-dichlorooctadecane",'62017-20-3,CCCCCCCCCCCCCCCCCC(Cl)Cl,C18H36Cl2,323.38444,638.739,NIST
"1,1'-(but-2-ene-2,3-diyl)dibenzene",'2510-98-7,CC(=C(C)c1ccccc1)c1ccccc1,C16H16,208.29824,582.018,NIST
2-methylpent-1-ene,'763-29-1,C=C(C)CCC,C6H12,84.15948,,DIPPR
"2-ethylbutane-1,2-diol",'66553-16-0,CCC(O)(CC)CO,C6H14O2,118.17416,473.752,NIST
2-methylnonan-2-ol,'10297-57-1,CCCCCCCC(C)(C)O,C10H22O,158.28108,475.02,NIST
"3-butyl-1,6-dimethylpyrimidine-2,4(1H,3H)-dione",'103393-58-4,CCCCn1c(=O)cc(C)n(C)c1=O,C10H16N2O2,196.24624,604.915,NIST
4-((2-hydroxyethoxy)carbonyl)benzoic acid,'1137-99-1,O=C(O)c1ccc(C(=O)OCCO)cc1,C10H10O5,210.1834,,DIPPR
didecanoyl diperoxyadipate,'82647-00-5,CCCCCCCCCC(=O)OOC(=O)CCCCC(=O)OOC(=O)CCCCCCCCC,C26H46O8,486.63864,695.919,NIST
"1,2,2,2-tetrafluoroethane-1-sulfonyl fluoride",'2127-74-4,O=S(=O)(F)C(F)C(F)(F)F,C2HF5O2S,184.085156,335.624,NIST
4-chlorophenyl 4-(hexyloxy)benzoate,'103749-52-6,CCCCCCOc1ccc(C(=O)Oc2ccc(Cl)cc2)cc1,C19H21ClO3,332.82124,681.921,NIST
tetrafluorosilane,'7783-61-1,F[Si](F)(F)F,F4Si,104.0791128,171.239,NIST
"(1R,2S,4S)-1-ethyl-2,4-dimethylcyclopentane",'2532-62-9,CC[C@@H]1C[C@@H](C)C[C@@H]1C,C9H18,126.23922,416.333,NIST
(D)-ribitol,'488-81-3,OC[C@@H](O)[C@@H](O)[C@@H](O)CO,C5H12O5,152.14578,657.658,NIST
5-hydroxy-2-methylhept-4-en-3-one,'7424-53-5,CCC(O)=CC(=O)C(C)C,C8H14O2,142.19556,531.841,NIST
2-(cyclopent-1-en-1-yl)ethan-1-ol,'3197-73-7,OCCC1=CCCC1,C7H12O,112.16958,462.849,NIST
"1,3-bis(2-methylbutan-2-yl)benzene",'3370-27-2,CCC(C)(C)c1cccc(C(C)(C)CC)c1,C16H26,218.37764,556.515,NIST
"(buta-1,3-dien-2-yl)benzene",'2288-18-8,C=CC(=C)c1ccccc1,C10H10,130.1864,452.589,NIST
2-ethylthiophene,'872-55-9,CCc1cccs1,C6H8S,112.19272,407.347,NIST
"(3,3-dimethylbutyl)benzene",'17314-92-0,CC(C)(C)CCc1ccccc1,C12H18,162.27132,485.063,NIST
"1,4-dichloro-2,5-difluorobenzene",'400-05-5,Fc1cc(Cl)c(F)cc1Cl,C6H2Cl2F2,182.9828864,437.848,NIST
2-chloro-2-methyloct-3-yne,'20599-21-7,CCCCC#CC(C)(C)Cl,C9H15Cl,158.6684,458.721,NIST
heptan-4-amine,'16751-59-0,CCCC(N)CCC,C7H17N,115.21658,413.132,NIST
"5,6,7,8-tetrahydronaphthalen-2-ol",'1125-78-6,Oc1ccc2c(c1)CCCC2,C10H12O,148.20168,561.778,NIST
methyl 2-heptyl-2-methylnonanoate,,CCCCCCCC(C)(CCCCCCC)C(=O)OC,C18H36O2,284.47724,588.94,NIST
3-chloro-3-methyldec-4-yne,'854401-29-9,CCCCCC#CC(C)(Cl)CC,C11H19Cl,186.72156,495.668,NIST
2-ethoxyoctane,'63028-01-3,CCCCCCC(C)OCC,C10H22O,158.28108,449.676,NIST
"N,N-diethylethane-1,2-diamine",'100-36-7,CCN(CC)CCN,C6H16N2,116.20464,417.305,NIST
"1,2-dimethyl-5-nitro-1H-imidazole",'551-92-8,Cc1ncc([N+](=O)[O-])n1C,C5H7N3O2,141.12798,602.471,NIST
"3-chloro-2,2-dimethylpropanoic acid",'13511-38-1,CC(C)(CCl)C(=O)O,C5H9ClO2,136.57676,483.638,NIST
"1-chloro-3-(1,1-dichloro-2,2,2-trifluoroethyl)benzene",'309-12-6,FC(F)(F)C(Cl)(Cl)c1cccc(Cl)c1,C8H4Cl3F3,263.4715696,485.578,NIST
"1,3-dichlorohexafluoropropane",'662-01-1,FC(F)(Cl)C(F)(F)C(F)(F)Cl,C3Cl2F6,220.9285192,,DIPPR
"N,N,N',N'-tetramethylguanidine",'80-70-6,CN(C)C(=N)N(C)C,C5H13N3,115.17682,433.448,NIST
"1,2-dimethyl-4-(2-methylbutan-2-yl)benzene",'52899-12-4,CCC(C)(C)c1ccc(C)c(C)c1,C13H20,176.2979,521.314,NIST
2-methylheptane,'592-27-8,CCCCCC(C)C,C8H18,114.22852,390.777,NIST
N''-acetylcarbonohydrazonic diamide,'6250-37-9,CC(O)=NNC(=N)N,C3H8N4O,116.12182,569.281,NIST
"4'-ethyl-3-methyl-1,1'-biphenyl",'76708-89-9,CCc1ccc(-c2cccc(C)c2)cc1,C15H16,196.28754,533.034,NIST
4-hydroxybutyraldehyde,'25714-71-0,O=CCCCO,C4H8O2,88.10512,,DIPPR
ethyl ethyl(phenyl)carbamate,'1013-75-8,CCOC(=O)N(CC)c1ccccc1,C11H15NO2,193.2423,527.104,NIST
"2,6-dimethyl-5-methylidenehept-1-ene",'690256-23-6,C=C(C)CCC(=C)C(C)C,C10H18,138.24992,431.637,NIST
3-chlorobutan-1-ol,'2203-35-2,CC(Cl)CCO,C4H9ClO,108.56666,436.792,NIST
"2,2,4-triethyl-2,3,6,7,8,9-hexahydro-1H-cyclopenta(a)naphthalene",'1195727-54-8,CCc1cc2c(c3c1CC(CC)(CC)C3)CCCC2,C19H28,256.42562,635.895,NIST
"5-ethyl-3,5-dimethyloctane",'62183-65-7,CCCC(C)(CC)CC(C)CC,C12H26,170.33484,462.501,NIST
ethyl naphthalene-2-carboxylate,'3007-91-8,CCOC(=O)c1ccc2ccccc2c1,C13H12O2,200.23318,612.891,NIST
2-methoxypropanenitrile,'33695-59-9,COC(C)C#N,C4H7NO,85.10448,431.235,NIST
"4-hydroxy-5,5-dimethylhex-3-en-2-one",'1704-13-8,CC(=O)C=C(O)C(C)(C)C,C8H14O2,142.19556,498.326,NIST
"1-methyl-4-(propan-2-yl)-2,3,4,4a,9,9a-hexahydro-1H-fluorene",,CC(C)C1CCC(C)C2Cc3ccccc3C12,C17H24,228.37246,598.425,NIST
"1,1-difluoropentane",'62127-40-6,CCCCC(F)F,C5H10F2,108.1297064,334.058,NIST
2-methyldecan-2-ol,3396-02-0900:00:00,CCCCCCCCC(C)(C)O,C11H24O,172.30766,503.472,NIST
"2,5-difluorophenol",'2713-31-7,Oc1cc(F)ccc1F,C6H4F2O,130.0921664,428.899,NIST
"2,4-dimethylpentanoic acid",'5868-33-7,CC(C)CC(C)C(=O)O,C7H14O2,130.18486,494.532,NIST
"2,4',6-trichloro-1,1'-biphenyl",'38444-77-8,Clc1ccc(-c2c(Cl)cccc2Cl)cc1,C12H7Cl3,257.54298,608.378,NIST
4-(trifluoromethoxy)aniline,'461-82-5,Nc1ccc(OC(F)(F)F)cc1,C7H6F3NO,177.1238496,475.948,NIST
"1,3-dichloro-2-fluorobenzene",2268-05-0500:00:00,Fc1c(Cl)cccc1Cl,C6H3Cl2F,164.9924232,445.147,NIST
3-phenoxyphenol,'713-68-8,Oc1cccc(Oc2ccccc2)c1,C12H10O2,186.2066,584.298,NIST
"5,8-dimethylquinoline",'2623-50-9,Cc1ccc(C)c2ncccc12,C11H11N,157.21174,550.232,NIST
3-ethyl-2-methylheptan-3-ol,'66719-37-7,CCCCC(O)(CC)C(C)C,C10H22O,158.28108,466.15,NIST
"3-hydroxy-2,2-dimethyl-3,4-diphenylbutanoic acid",'35921-93-8,CC(C)(C(=O)O)C(O)(Cc1ccccc1)c1ccccc1,C18H20O3,284.3496,658.333,NIST
"dipropyl benzene-1,4-dicarboxylate",'1962-74-9,CCCOC(=O)c1ccc(C(=O)OCCC)cc1,C14H18O4,250.29032,600.676,NIST
"2-((4,6-bis(dimethylamino)-1,3,5-triazin-2-yl)(methyl)amino)ethan-1-ol",'52298-71-2,CN(C)c1nc(N(C)C)nc(N(C)CCO)n1,C10H20N6O,240.3054,700.95,NIST
(3S)-3-methylpentanenitrile,'5773-63-7,CC[C@H](C)CC#N,C6H11N,97.15824,427.136,NIST
"(E)-1,2-dibromoethene",'590-12-5,Br/C=C/Br,C2H2Br2,185.84528,381.756,NIST
4-methyldecan-3-one,'6137-22-0,CCCCCCC(C)C(=O)CC,C11H22O,170.29178,494.596,NIST
"2-phenyl-1,5,5-trimethyltricyclo(2.2.1.0(2,6))heptane",'854450-70-7,CC1(C)C2CC3(C)C1C3(c1ccccc1)C2,C16H20,212.33,535.512,NIST
2-acetamido-N-methylbutanamide,'35023-27-9,CCC(N=C(C)O)C(O)=NC,C7H14N2O2,158.19826,672.222,NIST
"3-oxo-N,N-diphenylbutanamide",'2540-31-0,CC(=O)CC(=O)N(c1ccccc1)c1ccccc1,C16H15NO2,253.2958,679.85,NIST
"2,2-dimethylheptan-3-one",'19078-97-8,CCCCC(=O)C(C)(C)C,C9H18O,142.23862,438.995,NIST
"2,5,8,11-tetraoxadodecane",'112-49-2,COCCOCCOCCOC,C8H18O4,178.22612,,DIPPR
"1,2-di(propan-2-yl)-4-(prop-1-en-2-yl)benzene",'100952-58-7,C=C(C)c1ccc(C(C)C)c(C(C)C)c1,C15H22,202.33518,532.961,NIST
"methyl (3,4-dichlorophenyl)carbamate",'1918-18-9,COC(O)=Nc1ccc(Cl)c(Cl)c1,C8H7Cl2NO2,220.05268,594.845,NIST
neoabietic acid,'471-77-2,CC(C)=C1C=C2CC[C@@H]3[C@](C)(CCC[C@@]3(C)C(=O)O)[C@H]2CC1,C20H30O2,302.451,,DIPPR
"1,3,4,6-tetraethyltetrahydroimidazo(4,5-d)imidazole-2,5(1H,3H)-dione",'42563-65-5,CCN1C(=O)N(CC)C2C1N(CC)C(=O)N2CC,C12H22N4O2,254.32868,604.723,NIST
2-propyloxolane,'3208-22-8,CCCC1CCCO1,C7H14O,114.18546,405.938,NIST
methyl 3-methylbutanoate,'556-24-1,COC(=O)CC(C)C,C6H12O2,116.15828,388.943,NIST
"3,3-dinitroazetidine",'129660-17-9,O=[N+]([O-])C1([N+](=O)[O-])CNC1,C3H5N3O4,147.0895,521.725,NIST
((1Z)-1-methoxy-3-methylbut-1-en-1-yl)benzene,'66017-27-4,CO/C(=C\C(C)C)c1ccccc1,C12H16O,176.25484,504.704,NIST
"1-methyl-2,4-dipropylbenzene",'100451-97-6,CCCc1ccc(C)c(CCC)c1,C13H20,176.2979,521.471,NIST
"2-cyano-3-(4-methoxyphenyl)-N,N-dimethylprop-2-enamide",'23795-67-7,COc1ccc(C=C(C#N)C(=O)N(C)C)cc1,C13H14N2O2,230.26246,692.97,NIST
"2,3-dihydro-1H-inden-2-ol",'4254-29-9,OC1Cc2ccccc2C1,C9H10O,134.1751,525.678,NIST
"1-(3,5-di-tert-butyl-4-hydroxyphenyl)hex-5-yn-1-one",'112018-00-5,C#CCCCC(=O)c1cc(C(C)(C)C)c(O)c(C(C)(C)C)c1,C20H28O2,300.43512,666.235,NIST
3-benzyl-4-hydroxypent-3-en-2-one,'108604-38-2,CC(=O)C(Cc1ccccc1)=C(C)O,C12H14O2,190.23836,575.302,NIST
"benzo(b)naphtho(2,3-d)furan",'243-42-5,c1ccc2cc3c(cc2c1)oc1ccccc13,C16H10O,218.25,644.265,NIST
3-methyl-2-phenylbutan-2-ol,4383-11-0300:00:00,CC(C)C(C)(O)c1ccccc1,C11H16O,164.24414,502.969,NIST
2-bromopropyl butanoate,'24099-17-0,CCCC(=O)OCC(C)Br,C7H13BrO2,209.08092,468.285,NIST
9-phenylxanthen-9-ol,'596-38-3,OC1(c2ccccc2)c2ccccc2Oc2ccccc21,C19H14O2,134.647,401.939,NIST
"2,2,3,4-tetramethyl-5-phenyl-1,3-oxazolidine",'141271-51-4,C[C@@H]1[C@@H](c2ccccc2)OC(C)(C)N1C,C13H19NO,205.29606,525.744,NIST
N-ethyldodecan-1-amine,'35902-57-9,CCCCCCCCCCCCNCC,C14H31N,213.40264,544.059,NIST
"(3Z)-3,4-dimethylhex-3-ene",'19550-87-9,CC/C(C)=C(/C)CC,C8H16,112.21264,391.967,NIST
2-(4-methylcyclohex-3-en-1-yl)propan-2-ol,'98-55-5,CC1=CCC(C(C)(C)O)CC1,C10H18O,154.24932,491.483,NIST
1-bromononadecane,'4434-66-6,CCCCCCCCCCCCCCCCCCCBr,C19H39Br,347.41696,643.554,NIST
"3,3-dimethylundecane",'17312-65-1,CCCCCCCCC(C)(C)CC,C13H28,184.36142,493.488,NIST
"N,N-dimethylprop-2-yn-1-amine",'7223-38-3,C#CCN(C)C,C5H9N,83.13166,353.9,NIST
"1,1,1,2,2,3,3,7,7,8,8,9,9,9-tetradecafluoro-6-hydroxy-6-methylnonan-4-one",'336-84-5,CC(O)(CC(=O)C(F)(F)C(F)(F)C(F)(F)F)C(F)(F)C(F)(F)C(F)(F)F,C10H6F14O2,424.1310848,431.962,NIST
"3,4-diethylhexane-3,4-diol",'6931-71-1,CCC(O)(CC)C(O)(CC)CC,C10H22O2,174.28048,506.778,NIST
((2-methylpropyl)sulfanyl)benzene,'13307-61-4,CC(C)CSc1ccccc1,C10H14S,166.28316,508.67,NIST
"(1Z,5Z)-3,4-diphenylcycloocta-1,5-diene",,C1=C\C(c2ccccc2)C(c2ccccc2)/C=C\CC/1,C20H20,260.3728,641.353,NIST
2-trans-methyl-cis-bicyclo(4.3.0)nonane,'56579-48-7,C[C@@H]1CCC[C@H]2CCC[C@H]21,C10H18,138.24992,454.832,NIST
"1,1'-(but-1-ene-1,1-diyl)dibenzene",'1726-14-3,CCC=C(c1ccccc1)c1ccccc1,C16H16,208.29824,571.601,NIST
"2,3,3-trimethylhexane",'16747-28-7,CCCC(C)(C)C(C)C,C9H20,128.2551,410.232,NIST
"2,2,5-trimethyl-1,3,4-thiadiazinane",'73419-15-5,CC1CSC(C)(C)NN1,C6H14N2S,146.25376,488.488,NIST
1-(ethenyloxy)-4-methoxybenzene,'4024-19-5,C=COc1ccc(OC)cc1,C9H10O2,150.1745,491.864,NIST
hexafluorotungstens,'7783-82-6,[F-].[F-].[F-].[F-].[F-].[F-].[W+6],F6W,297.8304192,290.19,NIST
"3-hexylhexane-1,6-diol",'101724-89-4,CCCCCCC(CCO)CCCO,C12H26O2,202.33364,603.929,NIST
3-phenylprop-2-ynoic acid,'637-44-5,O=C(O)C#Cc1ccccc1,C9H6O2,146.14274,555.356,NIST
"cycloocta-1,3,5-triene",'1871-52-9,C1=C\C=C/CC\C=C/1,C8H10,106.165,417.293,NIST
(tetradecan-6-yl)benzene,'4534-55-8,CCCCCCCCC(CCCCC)c1ccccc1,C20H34,274.48396,610.84,NIST
4-iodobenzoic acid,'619-58-9,O=C(O)c1ccc(I)cc1,C7H5IO2,248.01787,579.611,NIST
methyl difluoro(trifluoromethoxy)acetate,'2195-84-8,COC(=O)C(F)(F)OC(F)(F)F,C4H3F5O3,194.056836,348.745,NIST
1-butyldecahydronaphthalene,'92369-80-7,CCCCC1CCCC2CCCCC12,C14H26,194.35624,533.382,NIST
"3,12-diethyltetradeca-3,11-diene",'857546-03-3,CCC(=CCCCCCCC=C(CC)CC)CC,C18H34,250.46256,593.234,NIST
"S-((1E)-3,3-dimethylbut-1-en-1-yl) ethanethioate",'61363-84-6,CC(=O)S/C=C/C(C)(C)C,C8H14OS,158.26116,467.198,NIST
"1,1'-diphenyl-1,1'-bi(cyclopentane)",'59358-70-2,c1ccc(C2(C3(c4ccccc4)CCCC3)CCCC2)cc1,C22H26,290.44184,670.242,NIST
2-(3-phenylpropyl)naphthalene,'40739-96-6,c1ccc(CCCc2ccc3ccccc3c2)cc1,C19H18,246.34622,671.365,NIST
"docosa-7,10,13,16-tetraenoic acid",'2091-25-0,CCCCCC=CCC=CCC=CCC=CCCCCCC(=O)O,C22H36O2,332.52004,685.972,NIST
5-methyl-2-heptene,'54616-49-8,CC=CCC(C)CC,C8H16,112.21264,387.175,NIST
dimethylamine-d7,'22024-52-8,[2H]N(C([2H])([2H])[2H])C([2H])([2H])[2H],C2H7N,52.12681244,279.569,NIST
"1,2,3,4,5-pentafluoro-6-methylbenzene",'771-56-2,Cc1c(F)c(F)c(F)c(F)c1F,C7H3F5,182.090736,389.3,NIST
1-(4-methylthiophen-2-yl)ethan-1-one,'13679-73-7,CC(=O)c1cc(C)cs1,C7H8OS,140.20282,500.694,NIST
"trimethyl 2,2-diphenylethane-1,1,1-tricarboxylate",'170464-51-4,COC(=O)C(C(=O)OC)(C(=O)OC)C(c1ccccc1)c1ccccc1,C20H20O6,356.3692,677.333,NIST
thiirane,'420-12-2,C1CS1,C2H4S,60.11816,,DIPPR
S-butyl ethanethioate,'928-47-2,CCCCSC(C)=O,C6H12OS,132.22388,444.989,NIST
4-ethoxybenzoic acid,'619-86-3,CCOc1ccc(C(=O)O)cc1,C9H10O3,166.1739,575.752,NIST
"tridecane-1,3-diol",'39516-29-5,CCCCCCCCCCC(O)CCO,C13H28O2,216.36022,605.789,NIST
2-methyl-5-(propan-2-yl)bicyclo(3.1.0)hex-2-ene,2867-05-0200:00:00,CC1=CCC2(C(C)C)CC12,C10H16,136.23404,428.928,NIST
"2,5-dimethyloxolane",'1003-38-9,CC1CCC(C)O1,C6H12O,100.15888,,DIPPR
"2,3-dibromo-1,1,1-trifluoropropane",'431-21-0,FC(F)(F)C(Br)CBr,C3H3Br2F3,255.8591296,394.955,NIST
"trans-1,2,3,4,4a,9,9a,10-octahydroanthracene",'77341-12-9,c1ccc2c(c1)C[C@@H]1CCCC[C@H]1C2,C14H18,186.29272,573.502,NIST
1-fluoro-3-(trichloromethyl)benzene,'401-77-4,Fc1cccc(C(Cl)(Cl)Cl)c1,C7H4Cl3F,213.4640632,462.599,NIST
3-propylcyclohex-1-ene,'3983-06-0,CCCC1C=CCCC1,C9H16,124.22334,433.467,NIST
"5-methoxy-3,4-dihydronaphthalen-1(2H)-one",'33892-75-0,COc1cccc2c1CCCC2=O,C11H12O2,176.21178,585.555,NIST
(3R)-3-methylpentanoic acid,'16958-25-1,CC[C@@H](C)CC(=O)O,C6H12O2,116.15828,463.821,NIST
7H-benzo(7)annulene,'264-09-5,C1=Cc2ccccc2C=CC1,C11H10,142.1971,566.459,NIST
"5-phenyl-1,2-oxazole",'1006-67-3,c1ccc(-c2ccno2)cc1,C9H7NO,145.15798,520.925,NIST
"dimethyl 6-bromo-2H-1-benzopyran-2,3-dicarboxylate",'428517-44-6,COC(=O)C1=Cc2cc(Br)ccc2OC1C(=O)OC,C13H11BrO5,327.12744,645.168,NIST
2-(dodecan-6-yl)naphthalene,'775327-68-9,CCCCCCC(CCCCC)c1ccc2ccccc2c1,C22H32,296.48948,686.044,NIST
"1,1,1,2,3,3-hexafluoro-4-methoxybutane",'58705-93-4,COCC(F)(F)C(F)C(F)(F)F,C5H6F6O,196.0909592,360.653,NIST
5-chloropent-1-yne,'14267-92-6,C#CCCCCl,C5H7Cl,102.56208,387.982,NIST
propadienylcyclohexane,'5664-17-5,C=C=CC1CCCCC1,C9H14,122.20746,435.247,NIST
"2,2-dimethoxyhexane",'98944-43-5,CCCCC(C)(OC)OC,C8H18O2,146.22732,428.028,NIST
"1,1,4,5,7-pentamethyl-1,2,3,4-tetrahydronaphthalene",'873390-65-9,Cc1cc(C)c2c(c1)C(C)(C)CCC2C,C15H22,202.33518,554.621,NIST
2-chlorooxanthrene,'39227-54-8,Clc1ccc2c(c1)Oc1ccccc1O2,C12H7ClO2,218.63578,595.051,NIST
4-ethylheptane,'2216-32-2,CCCC(CC)CCC,C9H20,128.2551,414.227,NIST
N-phenylurea,1964-10-0800:00:00,N=C(O)Nc1ccccc1,C7H8N2O,136.15122,638.897,NIST
"2-(1,3-thiazol-4-yl)-1H-benzimidazole",'148-79-8,c1ccc2[nH]c(-c3cscn3)nc2c1,C10H7N3S,201.24768,690.502,NIST
1-bromo-4-propylbenzene,'588-93-2,CCCc1ccc(Br)cc1,C9H11Br,199.08764,528.243,NIST
6-methylhept-1-ene,'5026-76-6,C=CCCCC(C)C,C8H16,112.21264,,DIPPR
"3,3-dimethylheptan-2-one",'50337-01-4,CCCCC(C)(C)C(C)=O,C9H18O,142.23862,456.033,NIST
2-((propan-2-yl)oxy)butane,'18641-81-1,CCC(C)OC(C)C,C7H16O,116.20134,368.473,NIST
1-methoxy-4-(prop-1-en-2-yl)benzene,'1712-69-2,C=C(C)c1ccc(OC)cc1,C10H12O,148.20168,507.359,NIST
"1,2-dimethyl-3-(propan-2-yl)benzene",'22539-65-7,Cc1cccc(C(C)C)c1C,C11H16,148.24474,477.655,NIST
dipropyl carbonate,'623-96-1,CCCOC(=O)OCCC,C7H14O3,146.18426,438.431,NIST
1-(octan-2-yl)naphthalene,'94030-56-5,CCCCCCC(C)c1cccc2ccccc12,C18H24,240.38316,624.976,NIST
"5-ethyl-1,4-dimethylnaphthalene",'66309-90-8,CCc1cccc2c(C)ccc(C)c12,C14H16,184.27684,569.562,NIST
"(2E)-3-(2H-1,3-benzodioxol-5-yl)-N,N-bis(2-methylpropyl)prop-2-enamide",'23795-32-6,CC(C)CN(CC(C)C)C(=O)/C=C/c1ccc2c(c1)OCO2,C18H25NO3,303.396,691.789,NIST
"1,1'-(hexane-1,6-diylbis(sulfanediylmethylene))dicyclopentane",'101885-46-5,C(CCCSCC1CCCC1)CCSCC1CCCC1,C18H34S2,314.59256,686.106,NIST
2-bromo-1-methyl-4-(propan-2-yl)benzene,'2437-76-5,Cc1ccc(C(C)C)cc1Br,C10H13Br,213.11422,507.466,NIST
N-((Z)-(4-methoxyphenyl)methylidene)hydroxylamine,'3717-22-4,COc1ccc(/C=N\O)cc1,C8H9NO2,151.16256,552.489,NIST
3-methyl-2-((propan-2-yl)oxy)but-1-ene,'56544-18-4,C=C(OC(C)C)C(C)C,C8H16O,128.21204,383.474,NIST
1-(1-ethoxyethyl)-4-methoxybenzene,'67233-95-8,CCOC(C)c1ccc(OC)cc1,C11H16O2,180.24354,527.532,NIST
cis-2-cyano-3-phenylbicyclo(2.2.2)octane,'28115-60-8,N#C[C@@H]1C2CCC(CC2)[C@@H]1c1ccccc1,C15H17N,211.30218,614.842,NIST
"(2R,3S)-2,3-dimethylbutanedioic acid",'608-40-2,C[C@H](C(=O)O)[C@@H](C)C(=O)O,C6H10O4,146.1412,544.035,NIST
5-methylundecane,'1632-70-8,CCCCCCC(C)CCCC,C12H26,170.33484,481.115,NIST
4-methylidene-1-(propan-2-yl)cyclohex-1-ene,'99-84-3,C=C1CC=C(C(C)C)CC1,C10H16,136.23404,437.227,NIST
(1-cyclohexylethyl)benzene,'4413-16-5,CC(c1ccccc1)C1CCCCC1,C14H20,188.3086,542.749,NIST
"1-cyclopentyl-2,3-dihydro-1H-indene",'92377-85-0,c1ccc2c(c1)CCC2C1CCCC1,C14H18,186.29272,565.2,NIST
"(2,3,6-trichlorophenyl)acetic acid",'85-34-7,O=C(O)Cc1c(Cl)ccc(Cl)c1Cl,C8H5Cl3O2,239.4831,610.098,NIST
"3-tert-butyl-4,4-dimethylpentan-1-ol",'79802-55-4,CC(C)(C)C(CCO)C(C)(C)C,C11H24O,172.30766,482.435,NIST
2-(tert-butylperoxy)-2-methylpropane,'110-05-4,CC(C)(C)OOC(C)(C)C,C8H18O2,146.22732,382.249,NIST
"(trans-4,trans-6)-2-(p-bromophenyl)-4,6-dimethyl-m-dioxane",'27098-13-1,C[C@@H]1C[C@H](C)O[C@@H](c2ccc(Br)cc2)O1,C12H15BrO2,271.1503,567.783,NIST
methyl 2-chloropropanoate,'17639-93-9,COC(=O)C(C)Cl,C4H7ClO2,122.55018,398.622,NIST
"1,3,5-tri(propan-2-yl)cyclohexane",'34387-60-5,CC(C)C1CC(C(C)C)CC(C(C)C)C1,C15H30,210.3987,513.545,NIST
"trans-4-methyl-2-(1-methylethyl)-1,3-dioxolane",'17226-64-1,CC(C)[C@H]1OC[C@H](C)O1,C7H14O2,130.18486,407.545,NIST
3-methoxyphenylacetic acid,'1798-09-0,COc1cccc(CC(=O)O)c1,C9H10O3,166.1739,564.467,NIST
"1,2,3,6-tetrahydropyridine",'694-05-3,C1=CCNCC1,C5H9N,83.13166,390.016,NIST
(E)-N-(4-butylphenyl)-1-(4-methoxyphenyl)methanimine,'26227-73-6,CCCCc1ccc(/N=C/c2ccc(OC)cc2)cc1,C18H21NO,267.36544,638.035,NIST
4-iodopent-1-ene,'59967-14-5,C=CCC(C)I,C5H9I,196.02943,417.591,NIST
glucitol,'26566-34-7,OCC(O)C(O)C(O)C(O)CO,C6H14O6,182.17176,699.567,NIST
"1,1'-((E)-1,2-dibromoethene-1,2-diyl)dibenzene",'20432-10-4,Br/C(=C(/Br)c1ccccc1)c1ccccc1,C14H10Br2,338.0372,642.845,NIST
"(E)-1,2-dimethoxyethene",'10340-88-2,CO/C=C/OC,C4H8O2,88.10512,352.346,NIST
(+/-)-1-phenylethan-1-amine,'618-36-0,CC(N)c1ccccc1,C8H11N,121.17964,466.238,NIST
5-ethylnonan-2-ol,'103-08-2,CCCCC(CC)CCC(C)O,C11H24O,172.30766,498.162,NIST
"1,1'-(ethane-1,1-diyl)bis(4-(propan-2-yl)benzene)",'36716-22-0,CC(C)c1ccc(C(C)c2ccc(C(C)C)cc2)cc1,C20H26,266.42044,617.704,NIST
"dimethyl (1R,3S)-1,3-cyclohexanedicarboxylate",'6998-82-9,COC(=O)[C@@H]1CCC[C@H](C(=O)OC)C1,C10H16O4,200.23164,530.893,NIST
5-methylnonan-1-ol,'2768-16-3,CCCCC(C)CCCCO,C10H22O,158.28108,495.907,NIST
"2,4-diethyloctan-1-ol",'55514-25-5,CCCCC(CC)CC(CC)CO,C12H26O,186.33424,525.446,NIST
"9-(3-methylbutyl)-9,10-dihydroanthracene",'861792-23-6,CC(C)CCC1c2ccccc2Cc2ccccc21,C19H22,250.37798,654.258,NIST
"4,8-dimethylnon-4-ene",,CCCC(C)=CCCC(C)C,C11H22,154.29238,455.076,NIST
"2-chloro-1,3,4,5-tetrafluorobenzene",5172-06-0500:00:00,Fc1cc(F)c(Cl)c(F)c1F,C6HClF4,184.5187528,398.458,NIST
"1,2-bis((2-ethylhexyl)oxy)benzene",'115208-28-1,CCCCC(CC)COc1ccccc1OCC(CC)CCCC,C22H38O2,334.53592,678.167,NIST
2-methylbutan-2-yl propanoate,'34949-22-9,CCC(=O)OC(C)(C)CC,C8H16O2,144.21144,423.5,NIST
4-aminobutan-1-ol,'13325-10-5,NCCCCO,C4H11NO,89.13624,476.154,NIST
"2-(propan-2-yl)-1,3-dioxane",'5702-49-8,CC(C)C1OCCCO1,C7H14O2,130.18486,415.616,NIST
"2,9-dimethyldec-5-yne",'19550-56-2,CC(C)CCC#CCCC(C)C,C12H22,166.30308,482.039,NIST
2-methyloctane-2-thiol,'55646-15-6,CCCCCCC(C)(C)S,C9H20S,160.3201,471.134,NIST
"N-ethyl-1,1,2,2,3,3,4,4,5,5,6,6,7,7,8,8,8-heptadecafluorooctane-1-sulfonamide",'4151-50-2,CCNS(=O)(=O)C(F)(F)C(F)(F)C(F)(F)C(F)(F)C(F)(F)C(F)(F)C(F)(F)C(F)(F)F,C10H6F17NO2S,527.1979944,535.5,NIST
"1,1-dichlorooctane",'20395-24-8,CCCCCCCC(Cl)Cl,C8H16Cl2,183.11864,483.969,NIST
"1,1'-(pentane-1,2-diyl)dibenzene",'110826-49-8,CCCC(Cc1ccccc1)c1ccccc1,C17H20,224.3407,572.246,NIST
2-methyl-3-oxoandrostan-17-yl propanoate,'521-12-0,CCC(=O)O[C@H]1CC[C@H]2[C@@H]3CC[C@H]4CC(=O)[C@H](C)C[C@]4(C)[C@H]3CC[C@]12C,C23H36O3,360.53014,680.226,NIST
"3,4-dibromobut-1-ene",'10463-48-6,C=CC(Br)CBr,C4H6Br2,213.89844,433.26,NIST
"2,2,4,5-tetramethylhexane",'16747-42-5,CC(C)C(C)CC(C)(C)C,C10H22,142.28168,421.07,NIST
"trans-2,5-diethyl-1,3-dioxane",'41824-33-3,CC[C@H]1CO[C@H](CC)OC1,C8H16O2,144.21144,443.761,NIST
"2-methoxy-2,4,4-trimethylpentane",'62108-41-2,COC(C)(C)CC(C)(C)C,C9H20O,144.2545,418.107,NIST
"1-chloro-1,1,2,2,2-pentafluoroethane",'76-15-3,FC(F)(F)C(F)(F)Cl,C2ClF5,154.466416,,DIPPR
"nona-2,4-diene",'34266-16-5,CC=CC=CCCCC,C9H16,124.22334,422.434,NIST
tert-butoxybenzene,'6669-13-2,CC(C)(C)Oc1ccccc1,C10H14O,150.21756,449.935,NIST
"5-butyl-2-methyl-1,3-dioxane",'39087-21-3,CCCC[C@H]1CO[C@@H](C)OC1,C9H18O2,158.23802,463.607,NIST
"1,5-di-tert-butylcyclohex-1-ene",'3419-75-8,CC(C)(C)C1=CCCC(C(C)(C)C)C1,C14H26,194.35624,501.216,NIST
"1,2-dibromo-1-chloroethane",'598-20-9,ClC(Br)CBr,C2H3Br2Cl,222.30622,450.866,NIST
1-methyl-4-(prop-2-en-1-yl)benzene,'3333-13-9,C=CCc1ccc(C)cc1,C10H12,132.20228,456.186,NIST
"2,4,4,5,5-pentamethyl-3-methylidenenonane",,C=C(C(C)C)C(C)(C)C(C)(C)CCCC,C15H30,210.3987,530.651,NIST
"4-methyl-3,5-dinitroaniline",'19406-51-0,Cc1c([N+](=O)[O-])cc(N)cc1[N+](=O)[O-],C7H7N3O4,197.14818,650.857,NIST
2-ethyl-6-methylpyridine,'1122-69-6,CCc1cccc(C)n1,C8H11N,121.17964,433.138,NIST
"2,3-dichloro-1,4,5-trifluorobenzene",'769-34-6,Fc1cc(F)c(Cl)c(Cl)c1F,C6HCl2F3,200.9733496,425.349,NIST
dec-2-ene,'6816-17-7,CC=CCCCCCCC,C10H20,140.2658,445.524,NIST
2-ethoxy-2-methylpropan-1-ol,'22665-69-6,CCOC(C)(C)CO,C6H14O2,118.17416,420.082,NIST
"1,3,5-hexatriyne",'3161-99-7,C#CC#CC#C,C6H2,74.08008,358.738,NIST
"2,2'-bipyridine",'366-18-7,c1ccc(-c2ccccn2)nc1,C10H8N2,156.18392,547.542,NIST
4-ethyl-2-methylhexan-3-one,'40239-59-6,CCC(CC)C(=O)C(C)C,C9H18O,142.23862,451.316,NIST
"2,2-dimethyl-1,3-dioxepane",'4568-63-2,CC1(C)OCCCCO1,C7H14O2,130.18486,424.498,NIST
"5-ethyl-1,2-dihydroacenaphthylene",'13936-05-5,CCc1ccc2c3c(cccc13)CC2,C14H14,182.26096,593.799,NIST
pentylcyclopentane,3741-03-0200:00:00,CCCCCC1CCCC1,C10H20,140.2658,453.192,NIST
1-pentyl-1H-imidazole,'19768-54-8,CCCCCn1ccnc1,C8H14N2,138.21016,546.57,NIST
1-benzyl-4-ethyl-2-methylbenzene,'871887-21-7,CCc1ccc(Cc2ccccc2)c(C)c1,C16H18,210.31412,576.149,NIST
"2,6-dimethylheptan-4-amine",'65530-92-9,CC(C)CC(N)CC(C)C,C9H21N,143.26974,443.943,NIST
2-methoxybutane,'6795-87-5,CCC(C)OC,C5H12O,88.14818,333.963,NIST
"1,6,7-trimethylcyclohepta-1,3-diene",'14736-94-8,CC1=CC=CCC(C)C1C,C10H16,136.23404,453.145,NIST
"1,2,4,6,7-pentachloronaphthalene",'150224-17-2,Clc1cc2c(Cl)cc(Cl)c(Cl)c2cc1Cl,C10H3Cl5,300.39582,636.462,NIST
2-propylhexan-1-ol,'817-46-9,CCCCC(CO)CCC,C9H20O,144.2545,478.009,NIST
"N,N-dimethylpyridin-2-amine",'5683-33-0,CN(C)c1ccccn1,C7H10N2,122.1677,469.515,NIST
"1,3-dimethylbicyclo(1.1.0)butane",'930-25-6,CC12CC1(C)C2,C6H10,82.1436,327.436,NIST
"3,6-dimethylheptanoic acid",'44980-98-5,CC(C)CCC(C)CC(=O)O,C9H18O2,158.23802,514.149,NIST
1-(4-butylphenyl)ethan-1-one,'37920-25-5,CCCCc1ccc(C(C)=O)cc1,C12H16O,176.25484,545.915,NIST
"2-(2,2-dimethyl-1,3-dioxolan-4-yl)ethan-1-ol",'5754-34-7,CC1(C)OCC(CCO)O1,C7H14O3,146.18426,483.305,NIST
1-ethyl-2-phenyl-1H-indole,'13228-39-2,CCn1c(-c2ccccc2)cc2ccccc21,C16H15N,221.297,653.144,NIST
1-(2-phenylethyl)cyclohexan-1-ol,'124620-30-0,OC1(CCc2ccccc2)CCCCC1,C14H20O,204.308,570.661,NIST
1-ethyl-1-methylpropyl carbamate,'78-28-4,CCC(C)(CC)OC(=N)O,C7H15NO2,145.1995,514.932,NIST
"1,4-bis(alpha-ethylpropyl)benzene",'31173-90-7,CCC(CC)c1ccc(C(CC)CC)cc1,C16H26,218.37764,552.56,NIST
"1,1,1,2-tetrafluoro-2-(trifluoromethoxy)ethane",'2356-62-9,FC(OC(F)(F)F)C(F)(F)F,C3HF7O,186.0282624,263.6,NIST
3-phenylpropanoic acid,'501-52-0,O=C(O)CCc1ccccc1,C9H10O2,150.1745,557.249,NIST
trichloro(nitro)methane,1976-06-0200:00:00,O=[N+]([O-])C(Cl)(Cl)Cl,CCl3NO2,164.3752,385.503,NIST
"N,N-dimethylbenzamide",'611-74-5,CN(C)C(=O)c1ccccc1,C9H11NO,149.18974,540.872,NIST
"4-methyl-2-phenyl-1,3-dioxane",'774-44-7,CC1CCOC(c2ccccc2)O1,C11H14O2,178.22766,531.13,NIST
"5,5,6,6,7,7,8,8,9,9,10,10,11,11,12,12,13,13,14,14,15,15,16,16,16-pentacosafluorohexadecyl 2-methylprop-2-enoate",'138245-47-3,C=C(C)C(=O)OCCCCC(F)(F)C(F)(F)C(F)(F)C(F)(F)C(F)(F)C(F)(F)C(F)(F)C(F)(F)C(F)(F)C(F)(F)C(F)(F)C(F)(F)F,C20H13F25O2,760.2761,570.927,NIST
"1,1'-(1,1,2,2-tetrafluoroethane-1,2-diyl)dibenzene",'425-32-1,FC(F)(c1ccccc1)C(F)(F)c1ccccc1,C14H10F4,254.2228128,509.022,NIST
(3Z)-3-methoxy-2-methylhex-3-ene,'66017-21-8,CC/C=C(\OC)C(C)C,C8H16O,128.21204,406.032,NIST
tridec-5-yn-7-ol,'1846-65-7,CCCCC#CC(O)CCCCCC,C13H24O,196.32906,547.943,NIST
"2,2,5-trimethylhex-3-yne",'17530-23-3,CC(C)C#CC(C)(C)C,C9H16,124.22334,418.385,NIST
"5-methylhexa-1,4-diene",'763-88-2,C=CCC=C(C)C,C7H12,96.17018,364.898,NIST
1-fluoroheptane,'661-11-0,CCCCCCCF,C7H15F,118.1924032,389.35,NIST
"4-ethylhepta-1,2,6-trien-4-ol",'90611-15-7,C=C=CC(O)(CC)CC=C,C9H14O,138.20686,466.001,NIST
1-methoxy-4-(propan-2-yl)benzene,'4132-48-3,COc1ccc(C(C)C)cc1,C10H14O,150.21756,488.779,NIST
(3E)-hept-3-ene,'14686-14-7,CC/C=C/CCC,C7H14,98.18606,,DIPPR
"3,5,5,6,6-pentamethylhept-3-ene",'105946-11-0,CCC(C)=CC(C)(C)C(C)(C)C,C12H24,168.31896,486.501,NIST
3-tert-butyl-2-methylhept-2-ene,'855958-38-2,CCCCC(=C(C)C)C(C)(C)C,C12H24,168.31896,475.725,NIST
(3E)-dec-3-en-1-yne,2807-10-0500:00:00,C#C/C=C/CCCCCC,C10H16,136.23404,457.985,NIST
1-tert-butoxyheptane,'78972-97-1,CCCCCCCOC(C)(C)C,C11H24O,172.30766,467.339,NIST
"2-(2H-1,3-dithiol-2-ylidene)-2H-1,3-dithiole",'31366-25-3,C1=CSC(=C2SC=CS2)S1,C6H4S4,204.35596,536.034,NIST
"1,1'-(cyclohexane-1,4-diyldi(butane-4,1-diyl))dicyclohexane",'55334-02-6,C1CCC(CCCCC2CCC(CCCCC3CCCCC3)CC2)CC1,C26H48,360.65932,686.583,NIST
ethyl 2-methylhexanoate,'32400-29-6,CCCCC(C)C(=O)OCC,C9H18O2,158.23802,458.524,NIST
"2,6-dichloro-4-hydroxy-3,5-dimethoxybenzaldehyde",'76330-06-8,COc1c(O)c(OC)c(Cl)c(C=O)c1Cl,C9H8Cl2O4,251.06342,640.307,NIST
N-methyl-1-phenylpropan-2-amine,7632-10-0200:00:00,CNC(C)Cc1ccccc1,C10H15N,149.2328,478.037,NIST
"1-methyl-2-(5-methylhexa-2,3,5-trien-1-yl)benzene",'13633-15-3,C=C(C)C=C=CCc1ccccc1C,C14H16,184.27684,561.828,NIST
3-ethyl-3-methylpentan-2-ol,'66576-22-5,CCC(C)(CC)C(C)O,C8H18O,130.22792,439.671,NIST
N-heptylheptan-1-amine,'2470-68-0,CCCCCCCNCCCCCCC,C14H31N,213.40264,542.04,NIST
2-propoxyethan-1-ol,'2807-30-9,CCCOCCO,C5H12O2,104.14758,,DIPPR
"(9Z)-N,N-dimethyloctadec-9-enamide",'2664-42-8,CCCCCCCC/C=C\CCCCCCCC(=O)N(C)C,C20H39NO,309.52976,642.42,NIST
"3,6,8,8-tetramethylnonan-3-ol",'859988-16-2,CCC(C)(O)CCC(C)CC(C)(C)C,C13H28O,200.36082,504.526,NIST
"1,2,2a,4a,6a,6b-hexahydrocyclopenta(cd)pentalene",'31678-74-7,C1=CC2CCC3C=CC1C23,C10H12,132.20228,453.924,NIST
piperidine-3-carboxamide,'4138-26-5,N=C(O)C1CCCNC1,C6H12N2O,128.17228,573.303,NIST
"1,4,14,17-tetraoxadispiro(4.7.4.7)tetracosane",'38734-12-2,C1CCCC2(CCCCCCCC3(CCC1)OCCO3)OCCO2,C20H36O4,340.49744,658.605,NIST
1-(cyclopent-1-en-1-yl)piperidine,'1614-92-2,C1=C(N2CCCCC2)CCC1,C10H17N,151.24868,503.077,NIST
"1,2-dibromoheptane",'42474-21-5,CCCCCC(Br)CBr,C7H14Br2,257.99406,502.739,NIST
(2-methylhexyl)benzene,3200-11-0100:00:00,CCCCC(C)Cc1ccccc1,C13H20,176.2979,504.856,NIST
4-methylhexan-3-yl 3-methylbutanoate,'861592-70-3,CCC(C)C(CC)OC(=O)CC(C)C,C12H24O2,200.31776,481.656,NIST
1-(2-chloroethyl)cyclopentan-1-ol,'116201-09-3,OC1(CCCl)CCCC1,C7H13ClO,148.63052,476.032,NIST
"(2R,4R)-2,4-pentanediol",'42075-32-1,C[C@@H](O)C[C@@H](C)O,C5H12O2,104.14758,471.026,NIST
2-methylhex-5-en-3-yn-2-ol,'690-94-8,C=CC#CC(C)(C)O,C7H10O,110.1537,427.722,NIST
"3-amino-5-mercapto-1,2,4-triazole",'16691-43-3,N=c1nc(S)[nH][nH]1,C2H4N4S,116.14496,638.936,NIST
trifluoroacetyl bromide,'354-31-4,O=C(Br)C(F)(F)F,C2BrF3O,176.9200096,268.154,NIST
"1,1-dichlorocyclopropane",'2088-35-9,ClC1(Cl)CC1,C3H4Cl2,110.96986,348.673,NIST
(4E)-octadec-4-ene,'7206-20-4,CCC/C=C/CCCCCCCCCCCCC,C18H36,252.47844,584.537,NIST
(5-nitrofuran-2-yl)methyl acetate,'5407-68-1,CC(=O)OCc1ccc([N+](=O)[O-])o1,C7H7NO5,185.13418,527.228,NIST
2-bromo-2-methyloctane,'148808-73-5,CCCCCCC(C)(C)Br,C9H19Br,207.15116,457.862,NIST
"1,1,1-trifluorononane",'55757-34-1,CCCCCCCCC(F)(F)F,C9H17F3,182.2264896,418.602,NIST
"2,2,6,6,9,9,13,13,17,17,20,20-dodecamethyl-1,3,12,14-tetraoxacyclodocosane",'56444-66-7,CC1(C)CCOC(C)(C)OCCC(C)(C)CCC(C)(C)CCOC(C)(C)OCCC(C)(C)CC1,C30H60O4,484.795,692.965,NIST
(prop-2-en-1-yl)propanedioic acid,'2583-25-7,C=CCC(C(=O)O)C(=O)O,C6H8O4,144.12532,546.905,NIST
bromo(dichloro)methane,'75-27-4,ClC(Cl)Br,CHBrCl2,163.82864,363.263,NIST
"5-chloro-1,2,3-trifluorobenzene",'36556-44-2,Fc1cc(Cl)cc(F)c1F,C6H2ClF3,166.5282896,398.353,NIST
1-(4-bromophenyl)ethan-1-one,'99-90-1,CC(=O)c1ccc(Br)cc1,C8H7BrO,199.04458,529.448,NIST
1-methoxyhexane,4747-07-0300:00:00,CCCCCCOC,C7H16O,116.20134,398.399,NIST
"1,3,5-trimethyl-tricyclo(3.3.1.1(3,7))decane",'707-35-7,C[C@]12CC3C[C@](C)(C1)C[C@@](C)(C3)C2,C13H22,178.31378,483.325,NIST
"2,4-dimethyl-1,3-dioxane",'766-20-1,CC1CCOC(C)O1,C6H12O2,116.15828,388.398,NIST
2-(chloromethyl)benzonitrile,'612-13-5,N#Cc1ccccc1CCl,C8H6ClN,151.59294,543.208,NIST
"4-methylbenzene-1,3-diol",'496-73-1,Cc1ccc(O)cc1O,C7H8O2,124.13722,540.748,NIST
2-(butan-2-yl)naphthalene,4614-03-0300:00:00,CCC(C)c1ccc2ccccc2c1,C14H16,184.27684,549.959,NIST
"1,1'-((1E)-prop-1-ene-1,2-diyl)dibenzene",'833-81-8,C/C(=C\c1ccccc1)c1ccccc1,C15H14,194.27166,575.561,NIST
"2,3,6-trichlorophenol",'933-75-5,Oc1c(Cl)ccc(Cl)c1Cl,C6H3Cl3O,197.44642,539.814,NIST
2-methyl-1-(2-methylpropoxy)prop-1-ene,'6623-96-7,CC(C)=COCC(C)C,C8H16O,128.21204,404.651,NIST
but-2-yne,'503-17-3,CC#CC,C4H6,54.09044,,DIPPR
oxepan-2-one,'502-44-3,O=C1CCCCCO1,C6H10O2,114.1424,,DIPPR
5-thiatridecane,'16900-07-5,CCCCCCCCSCCCC,C12H26S,202.39984,536.887,NIST
8-propylpentadecane,'129993-85-7,CCCCCCCC(CCC)CCCCCCC,C18H38,254.49432,583.914,NIST
6-methylhept-2-en-4-one,'49852-35-9,CC=CC(=O)CC(C)C,C8H14O,126.19616,443.115,NIST
"1,2,3,5,8-pentachloronaphthalene",'150224-24-1,Clc1cc2c(Cl)ccc(Cl)c2c(Cl)c1Cl,C10H3Cl5,300.39582,637.475,NIST
"2,3-dimethylquinoxaline",'2379-55-7,Cc1nc2ccccc2nc1C,C10H10N2,158.1998,531.231,NIST
1-chloro-1-ethoxyethane,'7081-78-9,CCOC(C)Cl,C4H9ClO,108.56666,322.127,NIST
"2,4-dimethylpyridine",'108-47-4,Cc1ccnc(C)c1,C7H9N,107.15306,431.538,NIST
"ethene-1,1,2-tricarbonitrile",'997-76-2,N#CC=C(C#N)C#N,C5HN3,103.08154,552.059,NIST
2-methyloctan-3-one,'923-28-4,CCCCCC(=O)C(C)C,C9H18O,142.23862,458.768,NIST
methyl (thiophen-2-yl)acetate,'19432-68-9,COC(=O)Cc1cccs1,C7H8O2S,156.20222,471.327,NIST
1-methyl-5-nitro-1H-imidazole,'3034-42-2,Cn1cncc1[N+](=O)[O-],C4H5N3O2,127.1014,602.055,NIST
2-ethyl-4-nitrobenzoic acid,'90564-18-4,CCc1cc([N+](=O)[O-])ccc1C(=O)O,C9H9NO4,195.17206,608.876,NIST
3-phenylpyridine,'1008-88-4,c1ccc(-c2cccnc2)cc1,C11H9N,155.19586,549.52,NIST
1-(2-(2-(hexyloxy)ethoxy)ethoxy)hexane,'68191-03-7,CCCCCCOCCOCCOCCCCCC,C16H34O3,274.43936,600.785,NIST
tri-n-pentylphosphate,'2528-38-3,CCCCCOP(=O)(OCCCCC)OCCCCC,C15H33O4P,308.393882,598.056,NIST
"1-methyl-2,3-dihydro-1H-indole",'824-21-5,CN1CCc2ccccc21,C9H11N,133.19034,505.064,NIST
"2,6-dimethyl-2-(prop-2-en-1-yl)cyclohexan-1-one",'55339-75-8,C=CCC1(C)CCCC(C)C1=O,C11H18O,166.26002,492.789,NIST
dichloroethyne,'7572-29-4,ClC#CCl,C2Cl2,94.9274,365.39,NIST
"2,2,4,4-tetramethyl-1,3-dioxane",'56444-60-1,CC1(C)CCOC(C)(C)O1,C8H16O2,144.21144,426.545,NIST
bicyclo(3.3.1)non-2-ene,'6671-66-5,C1=CC2CCCC(C1)C2,C9H14,122.20746,441.037,NIST
"2,3,3,4-tetramethylpentan-2-ol",'66793-86-0,CC(C)C(C)(C)C(C)(C)O,C9H20O,144.2545,455.16,NIST
methyl 13-hydroxytridecanoate,'7147-29-7,COC(=O)CCCCCCCCCCCCO,C14H28O3,244.37032,600.682,NIST
N-tert-butyl-2-methylpropan-2-amine,'21981-37-3,CC(C)(C)NC(C)(C)C,C8H19N,129.24316,390.939,NIST
(2-methyl-2-(2-methylpropyl)hexyl)benzene,'101746-52-5,CCCCC(C)(Cc1ccccc1)CC(C)C,C17H28,232.40422,572.156,NIST
"1,1'-(2,3-dimethylbutane-2,3-diyl)dibenzene",'1889-67-4,CC(C)(c1ccccc1)C(C)(C)c1ccccc1,C18H22,238.36728,,DIPPR
"1,3,5-tri-tert-butyl-2-nitrobenzene",'4074-25-3,CC(C)(C)c1cc(C(C)(C)C)c([N+](=O)[O-])c(C(C)(C)C)c1,C18H29NO2,291.42836,609.558,NIST
heptan-2-yl nonanoate,'55193-81-2,CCCCCCCCC(=O)OC(C)CCCCC,C16H32O2,256.42408,569.005,NIST
"3,4,4,6,6,7-hexamethylnonane",'92867-11-3,CCC(C)C(C)(C)CC(C)(C)C(C)CC,C15H32,212.41458,522.909,NIST
1-methylphenanthrene,'832-69-9,Cc1cccc2c1ccc1ccccc12,C15H12,192.25578,622.351,NIST
"1,1'-(cyclopentane-1,3-diyl)dibenzene",'24813-94-3,c1ccc(C2CCC(c3ccccc3)C2)cc1,C17H18,222.32482,593.789,NIST
1-bromo-3-cyclopropylbenzene,'1798-85-2,Brc1cccc(C2CC2)c1,C9H9Br,197.07176,507.922,NIST
1-acetyl-N-methylprolinamide,'24847-46-9,CN=C(O)C1CCCN1C(C)=O,C8H14N2O2,170.20896,651.721,NIST
"trans-2-(1,1-dimethylethyl)-5-(methylthio)-1,3-dithiane",'68449-94-5,CS[C@H]1CS[C@H](C(C)(C)C)SC1,C9H18S3,222.43422,558.237,NIST
4-fluorobenzaldehyde,'459-57-4,O=Cc1ccc(F)cc1,C7H5FO,124.1124032,460.436,NIST
tribromoacetaldehyde,'115-17-3,O=CC(Br)(Br)Br,C2HBr3O,280.74074,445.102,NIST
"1,3,5-trimethylpyrimidine-2,4(1H,3H)-dione",'4401-71-2,Cc1cn(C)c(=O)n(C)c1=O,C7H10N2O2,154.1665,563.795,NIST
ethyl 3-decyltridecanoate,'854632-29-4,CCCCCCCCCCC(CCCCCCCCCC)CC(=O)OCC,C25H50O2,382.6633,683.749,NIST
bis(2-methylpropyl)decanedioate,'18420-46-7,CC(C)COC(=O)CCCCCCCCC(=O)OCC(C)C,C18H34O4,314.46016,614.611,NIST
"2,4-dimethyl-1-(pentan-2-yl)benzene",'13633-06-2,CCCC(C)c1ccc(C)cc1C,C13H20,176.2979,519.564,NIST
2-methoxythiophene,'16839-97-7,COc1cccs1,C5H6OS,114.16554,421.481,NIST
"1,1-dimethyl-6-(propan-2-yl)-2,3-dihydro-1H-indene",'7395-81-5,CC(C)c1ccc2c(c1)C(C)(C)CC2,C14H20,188.3086,524.727,NIST
(1Z)-cyclododecene,'1129-89-1,C1=C\CCCCCCCCCC/1,C12H22,166.30308,509.086,NIST
"cis-3,4-dimethylcyclohexanone",'27922-05-0,C[C@@H]1CCC(=O)C[C@@H]1C,C8H14O,126.19616,450.04,NIST
1-methyl-4-vinylcyclohexene,'17699-86-4,C=CC1CC=C(C)CC1,C9H14,122.20746,,DIPPR
"6,6-dimethylhept-1-ene",'16091-67-1,C=CCCCC(C)(C)C,C9H18,126.23922,400.14,NIST
"heptyl 3,7-dimethyloct-6-enoate",'855754-63-1,CCCCCCCOC(=O)CC(C)CCC=C(C)C,C17H32O2,268.43478,576.113,NIST
1-(2-octyldecyl)octahydropentalene,'55401-65-5,CCCCCCCCC(CCCCCCCC)CC1CCC2CCCC21,C26H50,362.6752,679.011,NIST
"2,5-dimethyldecan-5-ol",'1540133-84-3,CCCCCC(C)(O)CCC(C)C,C12H26O,186.33424,506.09,NIST
"(2Z)-1,1,1,4,4,4-hexafluorobut-2-ene",'692-49-9,FC(F)(F)/C=C\C(F)(F)F,C4H2F6,164.0490992,297.466,NIST
(but-2-yn-1-yl)cyclopentane,'30628-30-9,CC#CCC1CCCC1,C9H14,122.20746,432.706,NIST
"2-pentyl-2,3-dihydro-1H-indene",'66325-36-8,CCCCCC1Cc2ccccc2C1,C14H20,188.3086,546.512,NIST
2-methyl-5-(prop-1-en-2-yl)cyclohex-2-en-1-one,'99-49-0,C=C(C)C1CC=C(C)C(=O)C1,C10H14O,150.21756,503.542,NIST
1-benzyl-2-ethylbenzene,'28122-25-0,CCc1ccccc1Cc1ccccc1,C15H16,196.28754,564.042,NIST
"N,N-dimethylethylenediamine",'108-00-9,CN(C)CCN,C4H12N2,88.15148,377.399,NIST
N-pentan-3-ylidenehydroxylamine,'1188-11-0,CCC(CC)=NO,C5H11NO,101.14694,443.97,NIST
"2,2,7-trimethyl-1,2,3,4-tetrahydronaphthalene",'858199-51-6,Cc1ccc2c(c1)CC(C)(C)CC2,C13H18,174.28202,513.928,NIST
cis-decahydroazulene,'16189-46-1,C1CC[C@@H]2CCC[C@@H]2CC1,C10H18,138.24992,439.286,NIST
"1,4-phenylene diprop-2-ynoate",'721-95-9,C#CC(=O)Oc1ccc(OC(=O)C#C)cc1,C12H6O4,214.17364,568.808,NIST
7-bromo-5-chloroquinolin-8-ol,'7640-33-7,Oc1c(Br)cc(Cl)c2cccnc12,C9H5BrClNO,258.4991,621.9,NIST
1-methoxy-4-methylbenzene,'104-93-8,COc1ccc(C)cc1,C8H10O,122.1644,449.761,NIST
"(3,4,5,6-tetrachloro-1,2-phenylene)dimethanol",'56135-96-7,OCc1c(Cl)c(Cl)c(Cl)c(Cl)c1CO,C8H6Cl4O2,275.94404,669.405,NIST
"3-methyl-4,4-diphenyloxetan-2-one",'35947-63-8,CC1C(=O)OC1(c1ccccc1)c1ccccc1,C16H14O2,238.28116,645.578,NIST
"3,3,4-trimethyl-4-phenyloxetan-2-one",'35947-67-2,CC1(C)C(=O)OC1(C)c1ccccc1,C12H14O2,190.23836,567.012,NIST
"1,2-dimethyl-3,4-di(propan-2-ylidene)cyclobutane",'861538-11-6,CC(C)=C1C(=C(C)C)C(C)C1C,C12H20,164.2872,441.061,NIST
"1-methylpyrimidine-2,4(1H,3H)-dione",'615-77-0,Cn1ccc(O)nc1=O,C5H6N2O2,126.11334,598.042,NIST
3-chlorobenzene-1-carboperoxoic acid,'937-14-4,O=C(OO)c1cccc(Cl)c1,C7H5ClO3,172.5658,543.583,NIST
pentanedial,'111-30-8,O=CCCCC=O,C5H8O2,100.11582,469.334,NIST
"cis-2,4,cis-2,5-4,5-bis(1,1-dimethylethyl)-2-(1-methylethyl)-1,3-dioxolane",'73435-12-8,CC(C)[C@H]1O[C@@H](C(C)(C)C)[C@@H](C(C)(C)C)O1,C14H28O2,228.37092,502.261,NIST
1-fluoro-3-(trifluoromethyl)benzene,'401-80-9,Fc1cccc(C(F)(F)F)c1,C7H4F4,164.1002728,373.722,NIST
phenyl butanoate,'4346-18-3,CCCC(=O)Oc1ccccc1,C10H12O2,164.20108,500.663,NIST
"6,7-dimethylquinoline",'20668-33-1,Cc1cc2cccnc2cc1C,C11H11N,157.21174,549.498,NIST
1-(1-(1-methoxyethoxy)ethoxy)ethan-1-ol,,COC(C)OC(C)OC(C)O,C7H16O4,164.19954,480.846,NIST
N-benzyl-N-hexylhexan-1-amine,4393-08-0200:00:00,CCCCCCN(CCCCCC)Cc1ccccc1,C19H33N,275.47202,562.81,NIST
2-(dimethylamino)-2-methyl-1-phenylpropan-1-one,'52486-76-7,CN(C)C(C)(C)C(=O)c1ccccc1,C12H17NO,191.26948,529.185,NIST
"1,1,2,2,3,3,4,4,4-nonafluoro-N,N-bis(nonafluorobutyl)butan-1-amine",'311-89-7,FC(F)(F)C(F)(F)C(F)(F)C(F)(F)N(C(F)(F)C(F)(F)C(F)(F)C(F)(F)F)C(F)(F)C(F)(F)C(F)(F)C(F)(F)F,C12F27N,671.0919864,451.873,NIST
"2,2,3-trimethylhex-5-en-3-ol",'1185-08-6,C=CCC(C)(O)C(C)(C)C,C9H18O,142.23862,476.849,NIST
3-tert-butyl-1-benzothiophene,'35181-78-3,CC(C)(C)c1csc2ccccc12,C12H14S,190.30456,551.056,NIST
"6-(cyclohexylmethyl)-1,2,3,4-tetrahydronaphthalene",'860395-55-7,c1cc2c(cc1CC1CCCCC1)CCCC2,C17H24,228.37246,617.915,NIST
(2E)-3-methylhex-2-ene,'20710-38-7,C/C=C(\C)CCC,C7H14,98.18606,367.659,NIST
(1Z)-1-(1-(((1E)-prop-1-en-1-yl)oxy)ethoxy)prop-1-ene,'62322-57-0,C/C=C\OC(C)O/C=C/C,C8H14O2,142.19556,422.914,NIST
2-ethyl-4-methylpent-2-enal,'28419-86-5,CCC(C=O)=CC(C)C,C8H14O,126.19616,436.232,NIST
"1,2,3,4,5,6-hexamethylbicyclo(2.2.0)hex-2-ene",'2957-96-2,CC1=C(C)[C@]2(C)[C@H](C)[C@H](C)[C@]12C,C12H20,164.2872,462.71,NIST
methyl 2-ethylheptanoate,'816-63-7,CCCCCC(CC)C(=O)OC,C10H20O2,172.2646,470.524,NIST
"4-butyl-4'-propyl-1,1'-bi(cyclohexane)",'1380311-21-6,CCCCC1CCC(C2CCC(CCC)CC2)CC1,C19H36,264.48914,593.197,NIST
(E)-N-(4-butoxyphenyl)-1-(4-propoxyphenyl)methanimine,'14921-48-3,CCCCOc1ccc(/N=C/c2ccc(OCCC)cc2)cc1,C20H25NO2,311.418,669.279,NIST
"5-nitro-1H-indole-2,3-dione",'611-09-6,O=C1Nc2ccc([N+](=O)[O-])cc2C1=O,C8H4N2O4,192.12836,625.715,NIST
"1-methyl-3-nitro-1H-1,2,4-triazole",'26621-45-4,Cn1cnc([N+](=O)[O-])n1,C3H4N4O2,128.08946,592.981,NIST
1-(octane-1-sulfinyl)octane,'1986-89-6,CCCCCCCCS(=O)CCCCCCCC,C16H34OS,274.50556,668.979,NIST
"2-phenyl-3,3-dimethyltricyclo(2.2.1.0(2,6))heptane",'854634-10-9,CC1(C)C2CC3C(C2)C31c1ccccc1,C15H18,198.30342,536.695,NIST
"1,2,3,3a,4,5-hexahydropyrene",'5385-37-5,c1cc2c3c4c(ccc3c1)CCCC4CC2,C16H16,208.29824,636.402,NIST
"2-dodecyl-2-methylpropane-1,3-diol",'13064-31-8,CCCCCCCCCCCCC(C)(CO)CO,C16H34O2,258.43996,643.473,NIST
(3-methylpent-2-en-2-yl)benzene,'61777-06-8,CCC(C)=C(C)c1ccccc1,C12H16,160.25544,512.469,NIST
1-bromo-4-(2-bromoethyl)dodecane,'100962-24-1,CCCCCCCCC(CCBr)CCCBr,C14H28Br2,356.18012,611.234,NIST
1-hexyl-1H-benzimidazole,'144991-19-5,CCCCCCn1cnc2ccccc21,C13H18N2,202.29542,653.518,NIST
(2E)-3-(4-methoxyphenyl)prop-2-enenitrile,'28446-68-6,COc1ccc(/C=C/C#N)cc1,C10H9NO,159.18456,578.871,NIST
"10-methoxy-3,6,9-trimethyldecahydro-12H-3,12-epoxypyrano(4,3-j)(1,2)benzodioxepine",'71963-77-4,CO[C@H]1O[C@@H]2O[C@@]3(C)CC[C@H]4[C@H](C)CC[C@@H]([C@H]1C)[C@@]24OO3,C16H26O5,298.37464,588.942,NIST
5-methylnonane,'15869-85-9,CCCCC(C)CCCC,C10H22,142.28168,,DIPPR
1-cyclopentylpentan-1-ol,'859178-47-5,CCCCC(O)C1CCCC1,C10H20O,156.2652,492.178,NIST
5-ethyl-5-propylundecane,2755-07-0900:00:00,CCCCCCC(CC)(CCC)CCCC,C16H34,226.44116,535.124,NIST
"1,4,5,8-tetrachloronaphthalene",'3432-57-3,Clc1ccc(Cl)c2c(Cl)ccc(Cl)c12,C10H4Cl4,265.95076,610.602,NIST
4-cyano-2-fluorophenyl 4-pentylbicyclo(2.2.2)octane-1-carboxylate,'94353-14-7,CCCCCC12CCC(C(=O)Oc3ccc(C#N)cc3F)(CC1)CC2,C21H26FNO2,343.4350432,692.113,NIST
butane-1-thiol,'109-79-5,CCCCS,C4H10S,90.1872,,DIPPR
(tetradecan-4-yl)benzene,'4534-57-0,CCCCCCCCCCC(CCC)c1ccccc1,C20H34,274.48396,609.396,NIST
4'-n-heptyl-m-tercyclohexyl,'107157-72-2,CCCCCCCC1CCC(C2CCCCC2)CC1C1CCCCC1,C25H46,346.63274,678.533,NIST
1-nitro-4-((Z)-2-phenylethenyl)benzene,'6624-53-9,O=[N+]([O-])c1ccc(/C=C\c2ccccc2)cc1,C14H11NO2,225.24264,639.436,NIST
2-phenylethyl (2E)-3-phenylprop-2-enoate,'103-53-7,O=C(/C=C/c1ccccc1)OCCc1ccccc1,C17H16O2,252.30774,630.181,NIST
allyl-tert-butylperoxide,'39972-78-6,C=CCOOC(C)(C)C,C7H14O2,130.18486,,DIPPR
"1,1,2,2-tetrachlorocyclopropane",'16782-92-6,ClC1(Cl)CC1(Cl)Cl,C3H2Cl4,179.85998,418.831,NIST
"(2R,3S)-2-ethyl-3-methylpentanamide",'189189-76-2,CC[C@H](C)[C@@H](CC)C(=N)O,C8H17NO,143.22668,567.675,NIST
"2-(2,2-dimethylpropoxy)-3-methylbut-2-ene",'56544-21-9,CC(C)=C(C)OCC(C)(C)C,C10H20O,156.2652,424.963,NIST
"2-methyl-1,3-di(propan-2-yl)benzene",'17821-02-2,Cc1c(C(C)C)cccc1C(C)C,C13H20,176.2979,,DIPPR
"2,2,5,5-tetrachloro-7-(chloromethyl)-1-(dichloromethyl)-7-methylbicyclo(2.2.1)heptane",'177472-87-6,C[C@]1(CCl)[C@H]2CC(Cl)(Cl)[C@]1(C(Cl)Cl)CC2(Cl)Cl,C10H11Cl7,379.36534,642.194,NIST
1-(naphthalen-1-yl)hexan-1-one,'2876-61-1,CCCCCC(=O)c1cccc2ccccc12,C16H18O,226.31352,640.908,NIST
"(2,8-dimethylnon-4-en-5-yl)benzene",,CC(C)CC=C(CCC(C)C)c1ccccc1,C17H26,230.38834,564.118,NIST
((2Z)-but-2-en-2-yl)benzene,'767-99-7,C/C=C(/C)c1ccccc1,C10H12,132.20228,,DIPPR
1H-benzimidazole-2-thiol,'583-39-1,Sc1nc2ccccc2[nH]1,C7H6N2S,150.20094,625.148,NIST
"(2Z)-4-ethylhex-2-ene-1,4-diol",'32977-96-1,CCC(O)(/C=C\CO)CC,C8H16O2,144.21144,512.242,NIST
hexanedihydrazide,'1071-93-8,NN=C(O)CCCCC(O)=NN,C6H14N4O2,174.20096,689.551,NIST
"4,4a,9,9a-tetrahydro-1H-fluorene",'52652-40-1,C1=CCC2c3ccccc3CC2C1,C13H14,170.25026,554.429,NIST
methyl 18-methylnonadecanoate,'65301-91-9,COC(=O)CCCCCCCCCCCCCCCCC(C)C,C21H42O2,326.55698,644.326,NIST
"1,2-dichloro-4,5-difluorobenzene",'152422-08-7,Fc1cc(Cl)c(Cl)cc1F,C6H2Cl2F2,182.9828864,437.848,NIST
"N,N-dimethylmethanesulfonamide",'918-05-8,CN(C)S(C)(=O)=O,C3H9NO2S,123.17406,497.997,NIST
(prop-2-en-1-yl)cyclohexane,'2114-42-3,C=CCC1CCCCC1,C9H16,124.22334,414.467,NIST
2-nonadecanethiol,'62155-07-1,CCCCCCCCCCCCCCCCCC(C)S,C19H40S,300.5859,631.849,NIST
"1-chloro-2,2,4-trimethylpentane",2371-06-0400:00:00,CC(C)CC(C)(C)CCl,C8H17Cl,148.67358,430.009,NIST
1-methyl-4-nitrobenzene,'99-99-0,Cc1ccc([N+](=O)[O-])cc1,C7H7NO2,137.13598,,DIPPR
"2,2,3,3,4,4,5,5-octafluoropentyl butanoate",2821-08-0100:00:00,CCCC(=O)OCC(F)(F)C(F)(F)C(F)(F)C(F)F,C9H10F8O2,302.1617256,453.145,NIST
"2,2,6,6-tetramethylheptane-3,5-dione",'1118-71-4,CC(C)(C)C(=O)CC(=O)C(C)(C)C,C11H20O2,184.2753,494.53,NIST
"methyl 3,3-dimethyl-2-methylidenebutanoate",'79593-50-3,C=C(C(=O)OC)C(C)(C)C,C8H14O2,142.19556,420.482,NIST
"5-bromo-1,2-dihydroacenaphthylene",'2051-98-1,Brc1ccc2c3c(cccc13)CC2,C12H9Br,233.10386,591.379,NIST
"trans,trans,trans-2,4,6-octatriene",'15192-80-0,C/C=C/C=C/C=C/C,C8H12,108.18088,401.445,NIST
2-(5-ethenyl-5-methyloxolan-2-yl)propan-2-ol,'60047-17-8,C=CC1(C)CCC(C(C)(C)O)O1,C10H18O2,170.24872,484.67,NIST
"6-methylnonane-1,6-diol",'13175-26-3,CCCC(C)(O)CCCCCO,C10H22O2,174.28048,541.51,NIST
"4-ethenyl-4-methyl-1,3-dioxane",'1193-41-5,C=CC1(C)CCOCO1,C7H12O2,128.16898,423.883,NIST
((benzenesulfinyl)methyl)benzene,'833-82-9,O=S(Cc1ccccc1)c1ccccc1,C13H12OS,216.29878,659.147,NIST
pentadecyl hexanoate,'443689-73-4,CCCCCCCCCCCCCCCOC(=O)CCCCC,C21H42O2,326.55698,641.023,NIST
4-hexyl-3-methylphenol,'3280-62-4,CCCCCCc1ccc(O)cc1C,C13H20O,192.2973,556.69,NIST
4-methyl-2-(2-methylbutan-2-yl)-1-(propan-2-yl)benzene,'854821-50-4,CCC(C)(C)c1cc(C)ccc1C(C)C,C15H24,204.35106,530.131,NIST
1-chloroheptane,'629-06-1,CCCCCCCCl,C7H15Cl,134.647,432.118,NIST
"4-ethylbenzene-1,2-dicarboxylic acid",'921759-09-3,CCc1ccc(C(=O)O)c(C(=O)O)c1,C10H10O4,194.184,622.748,NIST
propan-2-yl propanoate,'637-78-5,CCC(=O)OC(C)C,C6H12O2,116.15828,382.227,NIST
"1,2,4,5-tetramethyl-3-(3-phenylpropyl)benzene",'55682-85-4,Cc1cc(C)c(C)c(CCCc2ccccc2)c1C,C19H24,252.39386,645.304,NIST
4-pentylaniline,'33228-44-3,CCCCCc1ccc(N)cc1,C11H17N,163.25938,531.614,NIST
icos-1-ene,3452-07-0100:00:00,C=CCCCCCCCCCCCCCCCCCC,C20H40,280.5316,619.591,NIST
"2-phenylbutane-1,4-diol",6837-05-0400:00:00,OCCC(CO)c1ccccc1,C10H14O2,166.21696,549.903,NIST
nonane-2-thiol,'13281-11-3,CCCCCCCC(C)S,C9H20S,160.3201,481.316,NIST
trans-octadecafluorodecahydronaphthalene,'60433-12-7,FC1(F)C(F)(F)C(F)(F)[C@]2(F)C(F)(F)C(F)(F)C(F)(F)C(F)(F)[C@@]2(F)C1(F)F,C10F18,462.0782576,414.894,NIST
"1,2-dichloro-1,1,2-trifluoroethane",'354-23-4,FC(Cl)C(F)(F)Cl,C2HCl2F3,152.9305496,303.1,NIST
4-(3-ethyl-2-methylpentan-2-yl)phenol,'861010-67-5,CCC(CC)C(C)(C)c1ccc(O)cc1,C14H22O,206.32388,572.804,NIST
dimethoxymethane,'109-87-5,COCOC,C3H8O2,76.09442,,DIPPR
6-chloro-8-ethyl-5-nitroquinoline,'91063-37-5,CCc1cc(Cl)c([N+](=O)[O-])c2cccnc12,C11H9ClN2O2,236.65436,642.002,NIST
7-butyl-1-hexylnaphthalene,'55000-55-0,CCCCCCc1cccc2ccc(CCCC)cc12,C20H28,268.43632,638.59,NIST
"2-(hydroxy(diphenyl)methyl)-3,3-dimethylbutanoic acid",'27925-32-2,CC(C)(C)C(C(=O)O)C(O)(c1ccccc1)c1ccccc1,C19H22O3,298.37618,672.854,NIST
1-(prop-2-yn-1-yl)-1H-pyrrole,'19016-98-9,C#CCn1cccc1,C7H7N,105.13718,426.624,NIST
"2,4,4-trimethylpent-2-ene",'107-40-4,CC(C)=CC(C)(C)C,C8H16,112.21264,,DIPPR
heptadecan-7-ol,'93658-33-4,CCCCCCCCCCC(O)CCCCCC,C17H36O,256.46714,606.631,NIST
cyclopropyl(trimethyl)silane,'930-40-5,C[Si](C)(C)C1CC1,C6H14Si,114.26086,363.906,NIST
bis(4-chlorophenyl)acetic acid,1983-05-0600:00:00,O=C(O)C(c1ccc(Cl)cc1)c1ccc(Cl)cc1,C14H10Cl2O2,281.134,670.714,NIST
octahydronaphthalene-4a(2H)-peroxol,'4181-83-3,OOC12CCCCC1CCCC2,C10H18O2,170.24872,573.515,NIST
acetomethoxane,'828-00-2,CC(=O)OC1CC(C)OC(C)O1,C8H14O4,174.19436,,DIPPR
1-bromo-5-methylnaphthalene,'20366-59-0,Cc1cccc2c(Br)cccc12,C11H9Br,221.09316,570.186,NIST
3-chlorobenzaldehyde,'587-04-2,O=Cc1cccc(Cl)c1,C7H5ClO,140.567,474.659,NIST
"methyl (9E,12Z,15Z)-octadeca-9,12,15-trienoate",'52717-34-7,CC/C=C\C/C=C\C/C=C/CCCCCCCC(=O)OC,C19H32O2,292.45618,621.067,NIST
2-methoxy-4-(prop-2-en-1-yl)phenol,'97-53-0,C=CCc1ccc(O)c(OC)c1,C10H12O2,164.20108,,DIPPR
"2,4,6-trinitro-N-(prop-2-en-1-yl)aniline",'67263-25-6,C=CCNc1c([N+](=O)[O-])cc([N+](=O)[O-])cc1[N+](=O)[O-],C9H8N4O6,268.18302,688.233,NIST
"5-tert-butyl-1,3-dioxane",'13309-94-9,CC(C)(C)C1COCOC1,C8H16O2,144.21144,451.104,NIST
"1,1'-(ethane-1,2-diyl)di(cyclopent-1-ene)",'66054-19-1,C1=C(CCC2=CCCC2)CCC1,C12H18,162.27132,501.553,NIST
"2,4,5-trifluoroaniline",'367-34-0,Nc1cc(F)c(F)cc1F,C6H4F3N,147.0978696,433.641,NIST
"N,N-diethylhexan-1-amine",'44979-90-0,CCCCCCN(CC)CC,C10H23N,157.29632,452.645,NIST
pentyl (9E)-octadec-9-enoate,'58930-03-3,CCCCCCCC/C=C/CCCCCCCC(=O)OCCCCC,C23H44O2,352.59426,664.38,NIST
"N,9-dimethyl-9H-purin-2-amine",'90523-63-0,CN=c1nc2c(c[nH]1)ncn2C,C7H9N5,163.17986,671.634,NIST
"1,1'-(2-methylprop-1-ene-1,3-diyl)dibenzene",'14213-81-1,CC(=Cc1ccccc1)Cc1ccccc1,C16H16,208.29824,577.184,NIST
"1,5-pentanediol, cyclic sulfate",'29070-49-3,O=S1(=O)OCCCCCO1,C5H10O4S,166.1955,530.645,NIST
3-methyl-1-(2-methylpropoxy)butane,'92097-02-4,CC(C)CCOCC(C)C,C9H20O,144.2545,423.902,NIST
octyl propanoate,'142-60-9,CCCCCCCCOC(=O)CC,C11H22O2,186.29118,498.574,NIST
"1,1,4,7-tetramethyl-2,3-dihydro-1H-indene",'1078-04-2,Cc1ccc(C)c2c1CCC2(C)C,C13H18,174.28202,516.517,NIST
4-iodobenzoyl bromide,'861308-66-9,O=C(Br)c1ccc(I)cc1,C7H4BrIO,310.91453,604.203,NIST
"1-ethylpyrrolidine-2,5-dione",'2314-78-5,CCN1C(=O)CCC1=O,C6H9NO2,127.14116,472.361,NIST
"1-ethyl-2,4-di(pentan-2-yl)benzene",'25168-28-9,CCCC(C)c1ccc(CC)c(C(C)CCC)c1,C18H30,246.4308,568.043,NIST
1-chloro-3-methylbutane,'107-84-6,CC(C)CCCl,C5H11Cl,106.59384,372.135,NIST
"6,10-dimethylundeca-4,5,9-trien-2-one",'16647-05-5,CC(=O)CC=C=C(C)CCC=C(C)C,C13H20O,192.2973,521.422,NIST
"(3aR,6aS)-hexahydro-2(1H)-pentalenone",'19915-11-8,O=C1C[C@H]2CCC[C@H]2C1,C8H12O,124.18028,468.419,NIST
7-methylnonan-1-ol,'33234-93-4,CCC(C)CCCCCCO,C10H22O,158.28108,497.094,NIST
"2,2,3-trimethyl-1,2,3,4-tetrahydronaphthalene",'85268-68-4,CC1Cc2ccccc2CC1(C)C,C13H18,174.28202,507.148,NIST
2-thiapentadecane,'62155-09-3,CCCCCCCCCCCCCSC,C14H30S,230.453,567.752,NIST
"(E)-1-chloro-1,2-difluoroethene",'2837-86-7,F/C=C(\F)Cl,C2HClF2,98.4791464,257.722,NIST
(2-ethylbutyl)cyclohexane,'61828-23-7,CCC(CC)CC1CCCCC1,C12H24,168.31896,487.679,NIST
(S)-2-(4-chloro-2-fluorophenyl)-2-hydroxyacetic acid,'1630519-50-4,O=C(O)[C@@H](O)c1ccc(Cl)cc1F,C8H6ClFO3,204.5828432,576.507,NIST
3-chloro-3-methylbutan-1-ol,'58246-50-7,CC(C)(Cl)CCO,C5H11ClO,122.59324,445.911,NIST
"deca-1,3,5,7,9-pentaene",'2423-91-8,C=CC=CC=CC=CC=C,C10H12,132.20228,449.514,NIST
"2,2,5,5-tetramethylheptane",'61868-47-1,CCC(C)(C)CCC(C)(C)C,C11H24,156.30826,440.267,NIST
(6E)-dodec-6-ene,'7206-17-9,CCCCC/C=C/CCCCC,C12H24,168.31896,486.599,NIST
"1-chloro-2-(2,2,2-trichloro-1-(4-chlorophenyl)ethyl)benzene",'789-02-6,Clc1ccc(C(c2ccccc2Cl)C(Cl)(Cl)Cl)cc1,C14H9Cl5,354.48626,651.215,NIST
"N,1,1-triphenylmethanimine",'574-45-8,c1ccc(N=C(c2ccccc2)c2ccccc2)cc1,C19H15N,257.3291,670.699,NIST
(propadienyloxy)benzene,'1595-40-0,C=C=COc1ccccc1,C9H8O,132.15922,469.545,NIST
"octane-2,5-diol",'4527-78-0,CCCC(O)CCC(C)O,C8H18O2,146.22732,521.729,NIST
dodec-2-yne,'629-49-2,CC#CCCCCCCCCC,C12H22,166.30308,502.257,NIST
1-iodo-3-nitrobenzene,'645-00-1,O=[N+]([O-])c1cccc(I)c1,C6H4INO2,249.00593,552.606,NIST
1-bromo-2-(2-chloroethoxy)ethane,'51070-66-7,ClCCOCCBr,C4H8BrClO,187.46272,469.434,NIST
(2-benzyloctyl)benzene,'177478-75-0,CCCCCCC(Cc1ccccc1)Cc1ccccc1,C21H28,280.44702,593.992,NIST
hex-2-ulofuranose,'470-23-5,OC[C@H]1O[C@](O)(CO)[C@@H](O)[C@@H]1O,C6H12O6,180.15588,641.451,NIST
(3E)-hex-3-en-1-ol,'928-97-2,CC/C=C/CCO,C6H12O,100.15888,425.847,NIST
trifluoro(iodo)methane,'2314-97-8,FC(F)(F)I,CF3I,195.9103796,,DIPPR
ethyl pentadecanoate,'41114-00-5,CCCCCCCCCCCCCCC(=O)OCC,C17H34O2,270.45066,590.396,NIST
"4,4,5,5-tetramethylhex-2-ene",'856349-45-6,CC=CC(C)(C)C(C)(C)C,C10H20,140.2658,424.134,NIST
(4-(3-phenylpropyl)decyl)benzene,'115212-39-0,CCCCCCC(CCCc1ccccc1)CCCc1ccccc1,C25H36,336.55334,679.697,NIST
"cycloicosane-1,11-dione",'38734-07-5,O=C1CCCCCCCCCC(=O)CCCCCCCCC1,C20H36O2,308.49864,675.499,NIST
1-(butane-1-sulfinyl)butane,'2168-93-6,CCCCS(=O)CCCC,C8H18OS,162.29292,563.591,NIST
(1Z)-1-methoxycyclopentadec-1-ene,'78289-15-3,CO/C1=C\CCCCCCCCCCCCC1,C16H30O,238.4088,574.395,NIST
1-ethyl-2-methyl-5-nitro-1H-imidazole,'41147-78-8,CCn1c([N+](=O)[O-])cnc1C,C6H9N3O2,155.15456,608.201,NIST
N-octylurea,2158-10-0300:00:00,CCCCCCCCNC(=N)O,C9H20N2O,172.2679,568.422,NIST
"((1,1'-biphenyl)-4-yl)methanol",'3597-91-9,OCc1ccc(-c2ccccc2)cc1,C13H12O,184.23378,599.111,NIST
(3-propylhexyl)cyclohexane,'859977-53-0,CCCC(CCC)CCC1CCCCC1,C15H30,210.3987,528.164,NIST
methyl 3-(4-nitrophenyl)prop-2-enoate,'1608-36-2,COC(=O)C=Cc1ccc([N+](=O)[O-])cc1,C10H9NO4,207.18276,585.725,NIST
(3S)-3-methylundecane,'55194-28-0,CCCCCCCC[C@@H](C)CC,C12H26,170.33484,478.442,NIST
"1,1'-(hexane-1,6-diylbis(oxy))bis(4-(propan-2-yl)cyclohexane)",'102809-22-3,CC(C)C1CCC(OCCCCCCOC2CCC(C(C)C)CC2)CC1,C24H46O2,366.62084,671.279,NIST
"2,6-dimethylheptanoic acid",7494-12-0400:00:00,CC(C)CCCC(C)C(=O)O,C9H18O2,158.23802,511.494,NIST
2-methylnonan-4-ol,'26533-31-3,CCCCCC(O)CC(C)C,C10H22O,158.28108,478.212,NIST
"1,1'-(cyclobutylmethylene)dibenzene",'861074-33-1,c1ccc(C(c2ccccc2)C2CCC2)cc1,C17H18,222.32482,587.865,NIST
"N^1,N^1-bis(2-aminoethyl)-1,2-ethanediamine",'4097-89-6,NCCN(CCN)CCN,C6H18N4,146.23392,524.149,NIST
"6-amino-1,3,5-triazine-2,4(1H,3H)-dione",'645-93-2,N=c1nc(O)[nH]c(O)n1,C3H4N4O2,128.08946,590.956,NIST
"1,1',2,2,2',2',3,3,3',3',4,4,4',4',5,5,5',5',6,6,6',6'-docosafluoro-1,1'-bi(cyclohexane)",'558-64-5,FC1(F)C(F)(F)C(F)(F)C(F)(C2(F)C(F)(F)C(F)(F)C(F)(F)C(F)(F)C2(F)F)C(F)(F)C1(F)F,C12F22,562.0932704,444.316,NIST
"dodeca-3,9-diyne",'61827-89-2,CCC#CCCCCC#CCC,C12H18,162.27132,511.453,NIST
"1,1-dimethyl-2-(propan-2-yl)cyclopropane",'92260-36-1,CC(C)C1CC1(C)C,C8H16,112.21264,411.964,NIST
1-iodo-3-methylbutane,'541-28-6,CC(C)CCI,C5H11I,198.04531,420.866,NIST
"4-ethyl-4,5-dimethylhepta-1,5-diene",'855892-86-3,C=CCC(C)(CC)C(C)=CC,C11H20,152.2765,471.588,NIST
"1-(difluoromethoxy)-1,1,2-trifluoroethane",'69948-24-9,FCC(F)(F)OC(F)F,C3H3F5O,150.047336,316.2,NIST
"2,3,4,6-tetramethyl-1H-indole",'35490-92-7,Cc1cc(C)c2c(C)c(C)[nH]c2c1,C12H15N,173.2542,587.147,NIST
"2-benzyl-6,6-dimethylbicyclo(3.1.1)hept-2-ene",'54809-23-3,CC1(C)C2CC=C(Cc3ccccc3)C1C2,C16H20,212.33,553.256,NIST
ethyl 3-acetyl-4-oxopentanoate,'18835-02-4,CCOC(=O)CC(C(C)=O)C(C)=O,C9H14O4,186.20506,524.794,NIST
"1-(benzenesulfonyl)-2,4-dimethylbenzene",'4212-74-2,Cc1ccc(S(=O)(=O)c2ccccc2)c(C)c1,C14H14O2S,246.32476,700.831,NIST
3-methoxy-2-methylhex-2-ene,'66017-19-4,CCCC(OC)=C(C)C,C8H16O,128.21204,406.07,NIST
methyl 4-methyloxane-2-carboxylate,'16831-15-5,COC(=O)[C@H]1C[C@H](C)CCO1,C8H14O3,158.19496,475.25,NIST
"N-methyl-1,3-propanediamine",'6291-84-5,CNCCCN,C4H12N2,88.15148,412.118,NIST
cyclohexyl carbonofluoridate,'351-79-1,O=C(F)OC1CCCCC1,C7H11FO2,146.1594432,437.572,NIST
(1-chloro-2-methylpropan-2-yl)benzene,'515-40-2,CC(C)(CCl)c1ccccc1,C10H13Cl,168.66322,500.355,NIST
2-ethylbutanal,'97-96-1,CCC(C=O)CC,C6H12O,100.15888,389.764,NIST
(4S)-4-methyl-2-hexanone,'1731-00-6,CC[C@H](C)CC(C)=O,C7H14O,114.18546,410.131,NIST
"(1,1'-biphenyl)-4-amine",'92-67-1,Nc1ccc(-c2ccccc2)cc1,C12H11N,169.22244,585.249,NIST
"1,1',1''-(ethane-1,1,2-triyl)tribenzene",'1520-42-9,c1ccc(CC(c2ccccc2)c2ccccc2)cc1,C20H18,258.35692,,DIPPR
"4,4-dimethoxybut-1-ene",'72380-56-4,C=CCC(OC)OC,C6H12O2,116.15828,381.317,NIST
5-methyl-2-(propan-2-yl)cyclohexan-1-one,'10458-14-7,CC1CCC(C(C)C)C(=O)C1,C10H18O,154.24932,481.516,NIST
(2E)-1-bromopent-2-ene,'7348-71-2,CC/C=C/CBr,C5H9Br,149.02896,397.385,NIST
"2,6-dimethyloct-1-ene",'6874-29-9,C=C(C)CCCC(C)CC,C10H20,140.2658,431.624,NIST
1-methyl-4-((propan-2-yl)oxy)benzene,'22921-10-4,Cc1ccc(OC(C)C)cc1,C10H14O,150.21756,471.252,NIST
"13,14-didehydromatridin-15-one",'6483-15-4,O=C1C=CC[C@@H]2[C@H]3CCCN4CCC[C@@H](CN12)[C@@H]34,C15H22N2O,246.34798,655.306,NIST
"(4E)-2,5-dimethoxyhexa-1,4-diene",'72826-01-8,C=C(C/C=C(\C)OC)OC,C8H14O2,142.19556,427.84,NIST
3-oxo-19-norpregn-4-en-20-yn-17-yl acetate,'51-98-9,C#C[C@]1(OC(C)=O)CC[C@H]2[C@@H]3CCC4=CC(=O)CC[C@@H]4[C@H]3CC[C@@]21C,C22H28O3,340.45592,677.172,NIST
2-methylhexan-3-one,7379-12-0600:00:00,CCCC(=O)C(C)C,C7H14O,114.18546,407.477,NIST
"2,2,4,6-tetramethyl-2H-pyran",'5526-16-9,CC1=CC(C)(C)OC(C)=C1,C9H14O,138.20686,404.452,NIST
1-bromotetracosane,'6946-24-3,CCCCCCCCCCCCCCCCCCCCCCCCBr,C24H49Br,417.54986,694.35,NIST
"(S)-3-methyl-5-((1S,4aS,8aS)-2,5,5,8a-tetramethyl-1,4,4a,5,6,7,8,8a-octahydronaphthalen-1-yl)pentanoic acid",'468-82-6,CC1=CC[C@H]2C(C)(C)CCC[C@]2(C)[C@H]1CC[C@H](C)CC(=O)O,C20H34O2,306.48276,660.389,NIST
pentyl pyridine-4-carboxylate,'71653-49-1,CCCCCOC(=O)c1ccncc1,C11H15NO2,193.2423,546.215,NIST
"6-(butan-2-yl)-1,1-dimethyl-2,3-dihydro-1H-indene",'66359-16-8,CCC(C)c1ccc2c(c1)C(C)(C)CC2,C15H22,202.33518,547.436,NIST
piperazine,'110-85-0,C1CNCCN1,C4H10N2,86.1356,,DIPPR
"1,4-dichloro-2-fluorobenzene",'348-59-4,Fc1cc(Cl)ccc1Cl,C6H3Cl2F,164.9924232,445.147,NIST
"1,4-dibromobenzene",'106-37-6,Brc1ccc(Br)cc1,C6H4Br2,235.90396,493.622,NIST
"1,2,3-trimethyladamantane",'24139-38-6,CC1C2(C)CC3CC(C2)CC1(C)C3,C13H22,178.31378,495.327,NIST
"(3E)-3-methoxy-2,5-dimethylhex-3-ene",'66017-23-0,CO/C(=C/C(C)C)C(C)C,C9H18O,142.23862,418.859,NIST
"6,6-dimethyl-3-hydroxy-3-hepten-5-one",'109839-36-3,CCC(O)=CC(=O)C(C)(C)C,C9H16O2,156.22214,552.203,NIST
endo-dicyclopentadiene,'1755-01-7,C1=C[C@H]2[C@@H](C1)[C@@H]1C=C[C@H]2C1,C10H12,132.20228,444.112,NIST
N-(3-methylbutyl)aniline,'2051-84-5,CC(C)CCNc1ccccc1,C11H17N,163.25938,529.173,NIST
3-chloro-3-ethyl-3H-diazirene,'29667-77-4,CCC1(Cl)N=N1,C3H5ClN2,104.5382,400.151,NIST
"1,1,1-tribromopentane",'16644-66-9,CCCCC(Br)(Br)Br,C5H9Br3,308.83696,430.984,NIST
"1-chloro-2,3-dimethylbut-2-ene",'37866-06-1,CC(C)=C(C)CCl,C6H11Cl,118.60454,398.56,NIST
"2-methylocta-2,3,4-triene",'821-24-9,CCCC=C=C=C(C)C,C9H14,122.20746,429.662,NIST
methyl heptafluorobutanoate,'356-24-1,COC(=O)C(F)(F)C(F)(F)C(F)(F)F,C5H3F7O2,228.0649424,354.397,NIST
"1,1'-(dichloromethylene)bis(2,4-dichlorobenzene)",'87596-30-3,Clc1ccc(C(Cl)(Cl)c2ccc(Cl)cc2Cl)c(Cl)c1,C13H6Cl6,374.90474,670.93,NIST
"2-methylcyclohepta-1,3,5-triene",'3045-89-4,CC1=CCC=CC=C1,C8H10,106.165,426.955,NIST
"2,6-di-tert-butylpyridine",'585-48-8,CC(C)(C)c1cccc(C(C)(C)C)n1,C13H21N,191.31254,507.142,NIST
"ethyl 2,4-dimethylpentanoate",'172103-12-7,CCOC(=O)C(C)CC(C)C,C9H18O2,158.23802,441.112,NIST
ethyl diethylmalonate,'77-25-8,CCOC(=O)C(CC)(CC)C(=O)OCC,C11H20O4,216.2741,516.762,NIST
"3,5-dimethylhexan-3-ol",'4209-91-0,CCC(C)(O)CC(C)C,C8H18O,130.22792,425.271,NIST
2-methyloctadecan-1-ol,2490-08-0600:00:00,CCCCCCCCCCCCCCCCC(C)CO,C19H40O,284.5203,659.873,NIST
"phenyl(2,4,6-trimethylphenyl)methanone",'954-16-5,Cc1cc(C)c(C(=O)c2ccccc2)c(C)c1,C16H16O,224.29764,607.889,NIST
1-nitrohexane,'646-14-0,CCCCCC[N+](=O)[O-],C6H13NO2,131.17292,466.594,NIST
(DL)-fructose,'30237-26-4,O=C(CO)[C@@H](O)[C@H](O)[C@H](O)CO,C6H12O6,180.15588,649.431,NIST
"1,4-dimethylcyclohexan-1-amine",'102438-67-5,CC1CCC(C)(N)CC1,C8H17N,127.22728,432.354,NIST
(E)-diphenyldiazene,'17082-12-1,c1ccc(/N=N/c2ccccc2)cc1,C12H10N2,182.2212,573.122,NIST
3-fluoro-4-methylaniline,'452-77-7,Cc1ccc(N)cc1F,C7H8FN,125.1435232,471.291,NIST
"2-bromo-1,4-dimethylbenzene",'553-94-6,Cc1ccc(C)c(Br)c1,C8H9Br,185.06106,480.901,NIST
hexan-2-yl nonanoate,'55193-80-1,CCCCCCCCC(=O)OC(C)CCCC,C15H30O2,242.3975,554.981,NIST
(2R)-2-pentanol,'31087-44-2,CCC[C@@H](C)O,C5H12O,88.14818,401.63,NIST
2-ethylpiperidine,'1484-80-6,CCC1CCCCN1,C7H15N,113.2007,424.891,NIST
"5-methyl-3-phenyl-1,2-oxazole",'1008-74-8,Cc1cc(-c2ccccc2)no1,C10H9NO,159.18456,548.153,NIST
"1,1,2-trimethylcyclohexane",'7094-26-0,CC1CCCCC1(C)C,C9H18,126.23922,418.811,NIST
"2,2,4,7,10,12,12-heptamethyltridec-6-ene",'858788-76-8,CC(=CCC(C)CC(C)(C)C)CCC(C)CC(C)(C)C,C20H40,280.5316,593.495,NIST
"2,2-dimethoxypropane",'77-76-9,COC(C)(C)OC,C5H12O2,104.14758,352.565,NIST
"2,5-dimethyl-3-(propan-2-yl)hexan-3-ol",'57233-26-8,CC(C)CC(O)(C(C)C)C(C)C,C11H24O,172.30766,471.122,NIST
"2,4-dimethylpentan-1-ol",'6305-71-1,CC(C)CC(C)CO,C7H16O,116.20134,431.202,NIST
"3a,4,5,6,7,7a-hexahydro-1H-4,7-methanoinden-5-ol",'133-21-1,OC1CC2CC1C1C=CCC21,C10H14O,150.21756,499.166,NIST
4-chlorobutyl acetate,'6962-92-1,CC(=O)OCCCCCl,C6H11ClO2,150.60334,469.198,NIST
"2,4,5-trichlorophenol",'95-95-4,Oc1cc(Cl)c(Cl)cc1Cl,C6H3Cl3O,197.44642,534.78,NIST
"1,2-dibutylhydrazine",'1744-71-4,CCCCNNCCCC,C8H20N2,144.2578,484.023,NIST
decan-2-yl acetate,'1534-32-3,CCCCCCCCC(C)OC(C)=O,C12H24O2,200.31776,506.55,NIST
heptadec-1-ene,'6765-39-5,C=CCCCCCCCCCCCCCCC,C17H34,238.45186,573.62,NIST
"2,5-dihydrothiophene 1,1-dioxide",'77-79-2,O=S1(=O)CC=CC1,C4H6O2S,118.15424,552.213,NIST
o-xylene-d10,'56004-61-6,[2H]c1c([2H])c([2H])c(C([2H])([2H])[2H])c(C([2H])([2H])[2H])c1[2H],C8H10,116.2266178,415.65,NIST
"2,3-dimethyl-5-(prop-1-en-2-yl)cyclohexa-1,3-diene",'103986-54-5,C=C(C)C1C=C(C)C(C)=CC1,C11H16,148.24474,471.434,NIST
"2,5-dichloro-1,4-dioxane",'7429-31-4,Cl[C@@H]1CO[C@@H](Cl)CO1,C4H6Cl2O2,156.99524,465.772,NIST
2-amino-6-methylheptane,'543-82-8,CC(C)CCCC(C)N,C8H19N,129.24316,429.579,NIST
2-methyl-4-propylphenol,'18441-56-0,CCCc1ccc(O)c(C)c1,C10H14O,150.21756,512.858,NIST
1-(thiophen-2-yl)hexan-1-one,'26447-67-6,CCCCCC(=O)c1cccs1,C10H14OS,182.28256,544.78,NIST
octyl tridecanoate,'42231-85-6,CCCCCCCCCCCCC(=O)OCCCCCCCC,C21H42O2,326.55698,641.023,NIST
pent-4-yn-1-ol,5390-04-0500:00:00,C#CCCCO,C5H8O,84.11642,423.65,NIST
"2,2,3,3-tetrafluoropropyl pentanoate",'2708-56-7,CCCCC(=O)OCC(F)(F)C(F)F,C8H12F4O2,216.1732928,441.64,NIST
3-ethyl-2-methylhexan-2-ol,'66794-02-3,CCCC(CC)C(C)(C)O,C9H20O,144.2545,450.389,NIST
"N,N-dimethylethanamine",'598-56-1,CCN(C)C,C4H11N,73.13684,309.598,NIST
1-butyl-3-methylbenzene,'1595-04-6,CCCCc1cccc(C)c1,C11H16,148.24474,470.652,NIST
"4,4'-methylenediphenol",'620-92-8,Oc1ccc(Cc2ccc(O)cc2)cc1,C13H12O2,200.23318,651.326,NIST
3-chlorobutanoyl chloride,1951-11-0700:00:00,CC(Cl)CC(=O)Cl,C4H6Cl2O,140.99584,436.555,NIST
heptacos-1-ene,'15306-27-1,C=CCCCCCCCCCCCCCCCCCCCCCCCCC,C27H54,378.71766,691.043,NIST
"2,4-dinitro-1-(trifluoromethoxy)benzene",'655-07-2,O=[N+]([O-])c1ccc(OC(F)(F)F)c([N+](=O)[O-])c1,C7H3F3N2O5,252.1043296,584.949,NIST
"1,2-dibromopent-2-ene",,CCC=C(Br)CBr,C5H8Br2,227.92502,456.279,NIST
"2-fluoro-1,4-di(propan-2-yl)benzene",'87591-03-5,CC(C)c1ccc(C(C)C)c(F)c1,C12H17F,180.2617832,488.031,NIST
"6,7-bis(4-methylpentyl)-1,2,3,4-tetrahydronaphthalene",'858199-37-8,CC(C)CCCc1cc2c(cc1CCCC(C)C)CCCC2,C22H36,300.52124,665.828,NIST
pent-2-enamide,'15856-96-9,CCC=CC(=N)O,C5H9NO,99.13106,542.478,NIST
"1,1';3',1''-tercyclohexane",'1706-50-9,C1CCC(C2CCCC(C3CCCCC3)C2)CC1,C18H32,248.44668,621.003,NIST
cis-2-isopropylcyclohexanol,'10488-25-2,CC(C)[C@H]1CCCC[C@H]1O,C9H18O,142.23862,477.431,NIST
"2-bromo-1-(dichloro(fluoro)methoxy)-1,1,2-trifluoroethane",'37031-54-2,FC(Br)C(F)(F)OC(F)(Cl)Cl,C3HBrCl2F4O,279.8430528,389.121,NIST
hexyl (9Z)-octadec-9-enoate,'20290-84-0,CCCCCCCC/C=C\CCCCCCCC(=O)OCCCCCC,C24H46O2,366.62084,675.124,NIST
(2Z)-2-(ethylsulfanyl)but-2-ene,'107323-23-9,C/C=C(/C)SCC,C6H12S,116.22448,407.772,NIST
"7-hydroxy-2,2-dimethyl-1-benzofuran-3(2H)-one",'17781-16-7,CC1(C)Oc2c(O)cccc2C1=O,C10H10O3,178.1846,574.734,NIST
ethyl trichloroacetate,'515-84-4,CCOC(=O)C(Cl)(Cl)Cl,C4H5Cl3O2,191.4403,438.009,NIST
"1,1',1''-(3,3-difluoropropane-1,1,1-triyl)tribenzene",'193472-73-0,FC(F)CC(c1ccccc1)(c1ccccc1)c1ccccc1,C21H18F2,308.3644264,672.146,NIST
1-methoxy-3-propoxypropane,'89851-49-0,CCCOCCCOC,C7H16O2,132.20074,418.65,NIST
2-butyl-1-hexyloctahydro-1H-indene,'55044-31-0,CCCCCCC1C(CCCC)CC2CCCCC21,C19H36,264.48914,598.906,NIST
1-(2-(ethenyloxy)ethoxy)propane,'18854-26-7,C=COCCOCCC,C7H14O2,130.18486,416.133,NIST
2-methylpentan-2-yl acetate,'34859-98-8,CCCC(C)(C)OC(C)=O,C8H16O2,144.21144,429.729,NIST
"3,5-dimethylphenol",'108-68-9,Cc1cc(C)cc(O)c1,C8H10O,122.1644,,DIPPR
tert-butyl peroxydecanoate,'16474-36-5,CCCCCCCCCC(=O)OOC(C)(C)C,C14H28O3,244.37032,597.256,NIST
"2,2',5,5'-tetramethyl-1,1'-bipyrrole",'10507-71-8,Cc1ccc(C)n1-n1c(C)ccc1C,C12H16N2,188.26884,610.051,NIST
9-methylheptadecane,'18869-72-2,CCCCCCCCC(C)CCCCCCCC,C18H38,254.49432,591.284,NIST
"3,4,4-trimethylpent-2-ene",'598-96-9,CC=C(C)C(C)(C)C,C8H16,112.21264,384.955,NIST
(3-methylpentan-2-yl)benzene,'66418-14-2,CCC(C)C(C)c1ccccc1,C12H18,162.27132,505.453,NIST
"3,7-dimethyloctan-3-yl acetate",'20780-48-7,CCC(C)(CCCC(C)C)OC(C)=O,C12H24O2,200.31776,487.674,NIST
tetradecanal,'124-25-4,CCCCCCCCCCCCCC=O,C14H28O,212.37152,574.864,NIST
2-chloro-2-methylpropane,'507-20-0,CC(C)(C)Cl,C4H9Cl,92.56726,,DIPPR
"2,5-dimethylhexan-1-ol",'6886-16-4,CC(C)CCC(C)CO,C8H18O,130.22792,452.403,NIST
dipropyl pentylpropanedioate,,CCCCCC(C(=O)OCCC)C(=O)OCCC,C14H26O4,258.35384,607.186,NIST
N-phenylhypofluorous amide,'36274-75-6,FNc1ccccc1,C6H6FN,111.1169432,413.088,NIST
"ethane-1,2-diol",'107-21-1,OCCO,C2H6O2,62.06784,470.594,NIST
"(2R,3R,5R,6R,7R)-2,3,5,6-tetrachloro-7-(chloromethyl)-1,7-bis(dichloromethyl)bicyclo(2.2.1)heptane",'66860-80-8,ClC[C@@]1(C(Cl)Cl)C2[C@@H](Cl)[C@H](Cl)C1(C(Cl)Cl)[C@@H](Cl)[C@@H]2Cl,C10H9Cl9,448.25546,692.662,NIST
"1-ethenyl-2,4,5-trimethylbenzene",'3937-24-4,C=Cc1cc(C)c(C)cc1C,C11H14,146.22886,490.768,NIST
3-fluorobenzoic acid,'455-38-9,O=C(O)c1cccc(F)c1,C7H5FO2,140.1118032,516.596,NIST
butan-1-amine,'109-73-9,CCCCN,C4H11N,73.13684,350.155,NIST
"1-bromo-1,3,5-trimethylcyclohexane",'861538-39-8,CC1CC(C)CC(C)(Br)C1,C9H17Br,205.13528,473.068,NIST
"7,8-dihydroxy-3-(3-(trifluoromethyl)phenyl)-4H-1-benzopyran-4-one",'999000-27-0,O=c1c(-c2cccc(C(F)(F)F)c2)coc2c(O)c(O)ccc12,C16H9F3O4,322.2354696,698.052,NIST
1-(but-1-en-2-yl)-4-methylbenzene,'21758-18-9,C=C(CC)c1ccc(C)cc1,C11H14,146.22886,485.707,NIST
(1E)-cyclodecene,'2198-20-1,C1=C/CCCCCCCC/1,C10H18,138.24992,470.695,NIST
2-(dinitromethylene)-4-methylimidazolidine,'1422373-25-8,CC1CNC(=C([N+](=O)[O-])[N+](=O)[O-])N1,C5H8N4O4,188.14142,565.12,NIST
3-methylbutanoic acid,'503-74-2,CC(C)CC(=O)O,C5H10O2,102.1317,,DIPPR
"(E)-1,2-dichloro-1-fluoroethene",'13245-54-0,F/C(Cl)=C\Cl,C2HCl2F,114.9337432,310.554,NIST
3-(4-methylphenyl)-3-oxopropanoic acid,'13422-78-1,Cc1ccc(C(=O)CC(=O)O)cc1,C10H10O3,178.1846,585.917,NIST
"((ethane-1,2-diyl)bis(oxy)ethane-2,1-diyl) diacetate",'111-21-7,CC(=O)OCCOCCOCCOC(C)=O,C10H18O6,234.24632,549.86,NIST
"3,7-dimethyloct-1-yn-3-ol",'1604-26-8,C#CC(C)(O)CCCC(C)C,C10H18O,154.24932,472.641,NIST
"2,2,3,3-tetrafluoropropyl prop-2-enoate",'7383-71-3,C=CC(=O)OCC(F)(F)C(F)F,C6H6F4O2,186.1042528,402.706,NIST
ethyl 2-fluoro-3-hydroxybut-2-enoate,'75701-50-7,CCOC(=O)C(F)=C(C)O,C6H9FO3,148.1322632,494.301,NIST
"1-methoxy-1,3-cyclohexadiene",'2161-90-2,COC1=CC=CCC1,C7H10O,110.1537,391.933,NIST
octylcyclohexane,'1795-15-9,CCCCCCCCC1CCCCC1,C14H28,196.37212,,DIPPR
4-chlorononane,'28123-69-5,CCCCCC(Cl)CCC,C9H19Cl,162.70016,467.325,NIST
"1,2,3,4,5,6-hexakis(pentafluoroethyl)bicyclo(2.2.0)hexa-2,5-diene",'24533-61-7,FC(F)(F)C(F)(F)C1=C(C(F)(F)C(F)(F)F)C2(C(F)(F)C(F)(F)F)C(C(F)(F)C(F)(F)F)=C(C(F)(F)C(F)(F)F)C12C(F)(F)C(F)(F)F,C18F30,786.144696,511.508,NIST
"4,5,5-trimethylhexan-2-one",'65995-71-3,CC(=O)CC(C)C(C)(C)C,C9H18O,142.23862,445.614,NIST
"1,2-diethoxyethene",'26349-94-0,CCOC=COCC,C6H12O2,116.15828,393.435,NIST
pyrazine-2-carbonitrile,'19847-12-2,N#Cc1cnccn1,C5H3N3,105.09742,478.753,NIST
"4-nitro-N,N-diphenylaniline",'4316-57-8,O=[N+]([O-])c1ccc(N(c2ccccc2)c2ccccc2)cc1,C18H14N2O2,290.31596,689.504,NIST
"2,4,4,6-tetramethylheptane",'61868-57-3,CC(C)CC(C)(C)CC(C)C,C11H24,156.30826,439.822,NIST
4-(hydroxymethyl)phenol,'623-05-2,OCc1ccc(O)cc1,C7H8O2,124.13722,535.578,NIST
"cis,trans,trans-3,9-dimethylbicyclo(4.4.0)decane",'55982-61-1,C[C@@H]1CC[C@H]2CC[C@@H](C)C[C@@H]2C1,C12H22,166.30308,482.654,NIST
nonadecanoic acid,'646-30-0,CCCCCCCCCCCCCCCCCCC(=O)O,C19H38O2,298.50382,,DIPPR
"2-chloro-2-(dichloro(fluoro)methoxy)-1,1,1-trifluoroethane",'37031-48-4,FC(Cl)(Cl)OC(Cl)C(F)(F)F,C3HCl3F4O,235.3920528,366.076,NIST
2-methylbutanal,'96-17-3,CCC(C)C=O,C5H10O,86.1323,,DIPPR
"cyclohexa-1,4-diene",'628-41-1,C1=CCC=CC1,C6H8,80.12772,362.665,NIST
"2,2,3,3,5-pentamethyloct-4-ene",'100540-13-4,CCCC(C)=CC(C)(C)C(C)(C)C,C13H26,182.34554,500.203,NIST
4-chloro-2-fluorobenzoic acid,'446-30-0,O=C(O)c1ccc(Cl)cc1F,C7H4ClFO2,174.5568632,541.667,NIST
"(2,5-dioxooxolan-3-yl)acetic acid",4756-10-0900:00:00,O=C(O)CC1CC(=O)OC1=O,C6H6O5,158.10884,583.494,NIST
3-ethyl-3-methyloctane,'17302-16-8,CCCCCC(C)(CC)CC,C11H24,156.30826,458.847,NIST
(2Z)-3-amino-1-phenylbut-2-en-1-one,'1128-85-4,C/C(N)=C/C(=O)c1ccccc1,C10H11NO,161.20044,550.108,NIST
"4,8-dimethylnonan-1-ol",'33933-80-1,CC(C)CCCC(C)CCCO,C11H24O,172.30766,502.606,NIST
"2,6,9-trimethyl-1,2,3,4,4a,9,10,10a-octahydrophenanthrene",'855700-90-2,Cc1ccc2c(c1)C1CCC(C)CC1CC2C,C17H24,228.37246,599.876,NIST
"2,2,3,3-tetramethylhexane",'13475-81-5,CCCC(C)(C)C(C)(C)C,C10H22,142.28168,,DIPPR
"N,N-dimethyl-1-phenylethan-1-amine",'2449-49-2,CC(c1ccccc1)N(C)C,C10H15N,149.2328,466.985,NIST
"2,5,5-trimethylhept-3-ene",'859975-89-6,CCC(C)(C)C=CC(C)C,C10H20,140.2658,419.133,NIST
(1Z)-1-methoxy-3-methylbut-1-ene,'31915-77-2,CO/C=C\C(C)C,C6H12O,100.15888,364.013,NIST
9-chloroanthracene,'716-53-0,Clc1c2ccccc2cc2ccccc12,C14H9Cl,212.67426,627.482,NIST
"1,1,2,3-tetrachloro-3,3-difluoroprop-1-ene",'431-50-5,FC(F)(Cl)C(Cl)=C(Cl)Cl,C3Cl4F2,215.8409064,401.392,NIST
2-methylpropyl butanoate,'539-90-2,CCCC(=O)OCC(C)C,C8H16O2,144.21144,430.058,NIST
"2,4-dinitrophenol",'51-28-5,O=[N+]([O-])c1ccc(O)c([N+](=O)[O-])c1,C6H4N2O5,184.10636,589.378,NIST
cyclopent-2-ene-1-carbonitrile,'26555-56-6,N#CC1C=CCC1,C6H7N,93.12648,444.198,NIST
dodec-3-ene,'2030-83-3,CCC=CCCCCCCCC,C12H24,168.31896,503.826,NIST
undecan-2-yl nonanoate,'55193-84-5,CCCCCCCCCC(C)OC(=O)CCCCCCCC,C20H40O2,312.5304,622.339,NIST
"2-nitro-1,1'-biphenyl",'86-00-0,O=[N+]([O-])c1ccccc1-c1ccccc1,C12H9NO2,199.20536,594.128,NIST
"6-methylhepta-1,5-diene",'7270-50-0,C=CCCC=C(C)C,C8H14,110.19676,392.227,NIST
"6-(3-cyclohexylpropyl)-1,2,3,4-tetrahydronaphthalene",'860395-53-5,c1cc2c(cc1CCCC1CCCCC1)CCCC2,C19H28,256.42562,643.481,NIST
1-((propan-2-yl)oxy)heptane,'86724-25-6,CCCCCCCOC(C)C,C10H22O,158.28108,448.762,NIST
"N,N-diethylaniline",'91-66-7,CCN(CC)c1ccccc1,C10H15N,149.2328,,DIPPR
2-methylundecan-1-ol,'10522-26-6,CCCCCCCCCC(C)CO,C12H26O,186.33424,,DIPPR
"5-methylheptane-2,4-diol",'187873-12-7,CCC(C)C(O)CC(C)O,C8H18O2,146.22732,505.916,NIST
1-chloro-2-fluoropropane,'430-46-6,CC(F)CCl,C3H6ClF,96.5311432,341.624,NIST
N-dodecylpyridin-2-amine,'93812-57-8,CCCCCCCCCCCCNc1ccccn1,C17H30N2,262.4335,634.099,NIST
"2-methylocta-3,5-diyn-2-ol",'90534-09-1,CCC#CC#CC(C)(C)O,C9H12O,136.19098,497.561,NIST
"cis-2-ethyl-2-methyl-5-(1-methylethyl)-1,3-dioxane",'50535-05-2,CC[C@]1(C)OC[C@H](C(C)C)CO1,C10H20O2,172.2646,470.045,NIST
2-methylbutane-1-thiol,'1878-18-8,CCC(C)CS,C5H12S,104.21378,392.137,NIST
"nona-2,4,6,8-tetraynenitrile",'67483-72-1,C#CC#CC#CC#CC#N,C9HN,123.11094,528.722,NIST
"1-chloro-1,1,3,3,3-pentafluoropropan-2-one",'79-53-8,O=C(C(F)(F)F)C(F)(F)Cl,C3ClF5O,182.476516,280.937,NIST
3-(naphthalen-1-yl)prop-2-ynoic acid,'4843-42-9,O=C(O)C#Cc1cccc2ccccc12,C13H8O2,196.20142,646.917,NIST
1-tert-butyl-4-(2-methylpropyl)benzene,'68018-45-1,CC(C)Cc1ccc(C(C)(C)C)cc1,C14H22,190.32448,512.249,NIST
"5-(2-methylphenyl)-1,2,3,4-thiatriazole",'91982-92-2,Cc1ccccc1-c1nnns1,C8H7N3S,177.22628,615.738,NIST
"1,2-dibromo-1,1-difluoroethane",'75-82-1,FC(F)(Br)CBr,C2H2Br2F2,223.8420864,378.446,NIST
"2,4,6-trimethylnonane",'62184-10-5,CCCC(C)CC(C)CC(C)C,C12H26,170.33484,460.351,NIST
"3-ethoxy-1,1,1,2,3,4,4,5,5,6,6,6-dodecafluoro-2-(trifluoromethyl)hexane",'297730-93-9,CCOC(F)(C(F)(F)C(F)(F)C(F)(F)F)C(F)(C(F)(F)F)C(F)(F)F,C9H5F15O,414.111448,412.231,NIST
1-butyl-2-propylcyclopentane,'939-67-3,CCCC[C@@H]1CCC[C@H]1CCC,C12H24,168.31896,481.679,NIST
acetaldol,'107-89-1,CC(O)CC=O,C4H8O2,88.10512,,DIPPR
"1,3,5-tribromo-2-phenoxybenzene",'155999-95-4,Brc1cc(Br)c(Oc2ccccc2)c(Br)c1,C12H7Br3O,406.89538,659.867,NIST
hex-3-ene (Z+E),'592-47-2,CCC=CCC,C6H12,84.15948,339.804,NIST
4-methylicosane,'25117-28-6,CCCCCCCCCCCCCCCCC(C)CCC,C21H44,296.57406,622.964,NIST
"N-(2,3-dichlorophenyl)benzenesulfonamide",'92589-22-5,O=S(=O)(Nc1cccc(Cl)c1Cl)c1ccccc1,C12H9Cl2NO2S,302.17636,699.586,NIST
trans-1-ethyl-2-methylcyclopentane,'930-90-5,CC[C@@H]1CCC[C@H]1C,C8H16,112.21264,394.355,NIST
1-((1-ethoxypropan-2-yl)oxy)propan-2-ol,'58797-30-1,CCOCC(C)OCC(C)O,C8H18O3,162.22672,479.177,NIST
4-hydroxybenzamide,'619-57-8,NC(=O)c1ccc(O)cc1,C7H7NO2,137.13598,649.08,NIST
"1,4-diethylnaphthalene",'37796-58-0,CCc1ccc(CC)c2ccccc12,C14H16,184.27684,561.545,NIST
3-methylcyclohexan-1-one,'591-24-2,CC1CCCC(=O)C1,C7H12O,112.16958,442.406,NIST
(2E)-3-phenyl-1-(piperidin-1-yl)prop-2-en-1-one,'5422-81-1,O=C(/C=C/c1ccccc1)N1CCCCC1,C14H17NO,215.29088,650.768,NIST
"thiophene-2,5-dicarboxylic acid",'4282-31-9,O=C(O)c1ccc(C(=O)O)s1,C6H4O4S,172.15856,681.835,NIST
propyl octanoate,'624-13-5,CCCCCCCC(=O)OCCC,C11H22O2,186.29118,495.82,NIST
methyl beta-D-glucopyranoside,'709-50-2,CO[C@@H]1O[C@H](CO)[C@@H](O)[C@H](O)[C@H]1O,C7H14O6,194.18246,627.096,NIST
"3,3-dimethyl-6-(prop-1-en-1-yl)cyclohexa-1,4-diene",'1195614-40-4,CC=CC1C=CC(C)(C)C=C1,C11H16,148.24474,452.999,NIST
"(2,3-dimethylphenyl)methanol",'13651-14-4,Cc1cccc(CO)c1C,C9H12O,136.19098,506.448,NIST
undecylcyclohexane,'54105-66-7,CCCCCCCCCCCC1CCCCC1,C17H34,238.45186,570.293,NIST
"1,2,3,4-tetrafluorobenzene",'551-62-2,Fc1ccc(F)c(F)c1F,C6H2F4,150.0736928,367.486,NIST
N-pentylpentan-1-amine,'2050-92-2,CCCCCNCCCCC,C10H23N,157.29632,,DIPPR
3-((prop-2-yn-1-yl)sulfanyl)prop-1-yne,'13702-09-5,C#CCSCC#C,C6H6S,110.17684,425.133,NIST
10-heptylicosane,'103036-93-7,CCCCCCCCCCC(CCCCCCC)CCCCCCCCC,C27H56,380.73354,687.536,NIST
1-butyl-4-(2-methylpropyl)benzene,'62449-91-6,CCCCc1ccc(CC(C)C)cc1,C14H22,190.32448,505.221,NIST
"2-ethyl-4,5-di(propan-2-yl)-1,3-dioxolane",'73435-53-7,CC[C@H]1OC(C(C)C)[C@@H](C(C)C)O1,C11H22O2,186.29118,471.757,NIST
"2-chloro-1,1-diethoxyethane",'621-62-5,CCOC(CCl)OCC,C6H13ClO2,152.61922,430.537,NIST
"2-bromo-1-chloro-1,1-difluoropropane",'421-43-2,CC(Br)C(F)(F)Cl,C3H4BrClF2,193.4176664,364.073,NIST
tert-butyl octadecanoate,'31158-92-6,CCCCCCCCCCCCCCCCCC(=O)OC(C)(C)C,C22H44O2,340.58356,647.473,NIST
"furan-2,5-dione",'108-31-6,O=C1C=CC(=O)O1,C4H2O3,98.05688,,DIPPR
"1,2,4-trichlorobutane",'1790-22-3,ClCCC(Cl)CCl,C4H7Cl3,161.45738,469.119,NIST
thiophene-2-carbaldehyde,1998-03-0300:00:00,O=Cc1cccs1,C5H4OS,112.14966,465.836,NIST
"1,3-dimethyl-2,3-dihydro-1H-indene",'4175-53-5,CC1CC(C)c2ccccc21,C11H14,146.22886,476.583,NIST
"ethyl 4,4-dinitropentanoate",6921-11-0500:00:00,CCOC(=O)CCC(C)([N+](=O)[O-])[N+](=O)[O-],C7H12N2O6,220.17998,574.205,NIST
"2,3,5-trimethylhexa-2,4-diene",'1726-48-3,CC(C)=CC(C)=C(C)C,C9H16,124.22334,416.637,NIST
"2,4-dimethyl-1,3-thiazole",'541-58-2,Cc1csc(C)n1,C5H7NS,113.18078,418.751,NIST
"N,N-dimethyl-p-phenylenediamine",'99-98-9,CN(C)c1ccc(N)cc1,C8H12N2,136.19428,539.592,NIST
(2E)-3-phenylprop-2-enoic acid,'140-10-3,O=C(O)/C=C/c1ccccc1,C9H8O2,148.15862,577.503,NIST
1-(cyclohexyl(methyl)amino)propan-2-one,'14192-29-1,CC(=O)CN(C)C1CCCCC1,C10H19NO,169.26396,505.912,NIST
12-iodododecanoic acid,'71736-19-1,O=C(O)CCCCCCCCCCCI,C12H23IO2,326.21429,616.089,NIST
"4,6-dimethylpyrano(3,2-b)pyran-2,8-dione",'33759-64-7,Cc1cc(=O)c2oc(=O)cc(C)c2o1,C10H8O4,192.16812,590.953,NIST
dibromo(diiodo)methane,'14059-90-6,BrC(Br)(I)I,CBr2I2,425.62764,528.258,NIST
2-cyanophenol,'611-20-1,N#Cc1ccccc1O,C7H5NO,119.1207,532.369,NIST
1-((1-((1-butoxypropan-2-yl)oxy)propan-2-yl)oxy)propan-2-ol,'57499-93-1,CCCCOCC(C)OCC(C)OCC(C)O,C13H28O4,248.35902,565.181,NIST
"5,7-diethyldodecane",'85946-03-8,CCCCCC(CC)CC(CC)CCCC,C16H34,226.44116,537.758,NIST
7-hexyltridec-6-ene,'66359-59-9,CCCCCC=C(CCCCCC)CCCCCC,C19H38,266.50502,607.77,NIST
3-butyl-3-propylnonanenitrile,'6637-49-6,CCCCCCC(CC#N)(CCC)CCCC,C16H31N,237.42404,595.173,NIST
"2,2-dimethylpentan-3-yl acetate",'39511-81-4,CCC(OC(C)=O)C(C)(C)C,C9H18O2,158.23802,429.637,NIST
"2,2-dimethyloctane",'15869-87-1,CCCCCCC(C)(C)C,C10H22,142.28168,427.494,NIST
"1,2,3,4,5-pentamethylbenzene",'700-12-9,Cc1cc(C)c(C)c(C)c1C,C11H16,148.24474,,DIPPR
"(1E)-1-(1,1-dimethoxyethoxy)prop-1-ene",'66178-21-0,C/C=C/OC(C)(OC)OC,C7H14O3,146.18426,419.76,NIST
2-(trifluoromethyl)benzoic acid,'433-97-6,O=C(O)c1ccccc1C(F)(F)F,C8H5F3O2,190.1193096,520.034,NIST
2-((2-ethylhexyl)sulfanyl)ethan-1-ol,'99867-99-9,CCCCC(CC)CSCCO,C10H22OS,190.34608,541.779,NIST
bicyclo(2.1.0)pentane-1-carbonitrile,'31357-71-8,N#CC12CCC1C2,C6H7N,93.12648,445.573,NIST
"(2R,3S)-2,3-dibromobutane",'5780-13-2,C[C@H](Br)[C@@H](C)Br,C4H8Br2,215.91432,430.261,NIST
3-methoxyprop-1-ene,'627-40-7,C=CCOC,C4H8O,72.10572,319.588,NIST
"2-methyl-3,5-dinitroaniline",'35572-78-2,Cc1c(N)cc([N+](=O)[O-])cc1[N+](=O)[O-],C7H7N3O4,197.14818,650.856,NIST
"trans-5-ethyl-2-methyl-1,3-dioxane",'25924-91-8,CC[C@H]1CO[C@H](C)OC1,C7H14O2,130.18486,422.075,NIST
(3Z)-3-methylhex-3-ene,'4914-89-0,CC/C=C(/C)CC,C7H14,98.18606,368.496,NIST
"1,2-dimethyl-3-propylbenzene",'17059-44-8,CCCc1cccc(C)c1C,C11H16,148.24474,489.111,NIST
tetradec-1-yne,'765-10-6,C#CCCCCCCCCCCCC,C14H26,194.35624,525.639,NIST
"1,1'-(buta-1,3-diene-1,4-diyl)dibenzene",'886-65-7,C(C=Cc1ccccc1)=Cc1ccccc1,C16H14,206.28236,580.02,NIST
"N,N,N',N'-tetramethyl-1,3-butanediamine",'97-84-7,CC(CCN(C)C)N(C)C,C8H20N2,144.2578,459.256,NIST
(2-bromopropyl)benzene,'2114-39-8,CC(Br)Cc1ccccc1,C9H11Br,199.08764,501.755,NIST
2-thianonadecane,'62155-11-7,CCCCCCCCCCCCCCCCCSC,C18H38S,286.55932,636.657,NIST
1-ethynyl-4-methylbenzene,'766-97-2,C#Cc1ccc(C)cc1,C9H8,116.15982,475.118,NIST
(2-methylprop-2-en-1-yl)benzene,'3290-53-7,C=C(C)Cc1ccccc1,C10H12,132.20228,448.249,NIST
chloroacetyl chloride,1979-04-0900:00:00,O=C(Cl)CCl,C2H2Cl2O,112.94268,379.104,NIST
"1,1,1,2,3,3-hexafluoro-3-(2,2,2-trifluoroethoxy)propane",'993-95-3,FC(C(F)(F)F)C(F)(F)OCC(F)(F)F,C5H3F9O,250.0623488,345.279,NIST
"(1,2,2,2-tetrachloroethyl)benzene",'4714-28-7,ClC(c1ccccc1)C(Cl)(Cl)Cl,C8H6Cl4,243.94524,542.893,NIST
bis(fluorocarbonyl)peroxide,'692-74-0,O=C(F)OOC(=O)F,C2F2O4,126.0158064,406.437,NIST
"2,6-di-tert-butylnaphthalene",'3905-64-4,CC(C)(C)c1ccc2cc(C(C)(C)C)ccc2c1,C18H24,240.38316,603.185,NIST
"4-heptyl-1,2-dimethylbenzene",'92724-73-7,CCCCCCCc1ccc(C)c(C)c1,C15H24,204.35106,536.489,NIST
"1,1,1-trichloro-4-methylpent-3-en-2-ol",'6111-14-4,CC(C)=CC(O)C(Cl)(Cl)Cl,C6H9Cl3O,203.49406,495.808,NIST
1-methyl-3-nitrosobenzene,'620-26-8,Cc1cccc(N=O)c1,C7H7NO,121.13658,556.695,NIST
"3,4-dimethyloct-5-yne-3,4-diol",'92490-84-1,CCC#C[C@](C)(O)[C@@](C)(O)CC,C10H18O2,170.24872,506.913,NIST
2-methylundecane,'7045-71-8,CCCCCCCCCC(C)C,C12H26,170.33484,,DIPPR
1-methyl-2-(prop-1-en-2-yl)cyclohexane,'15193-25-6,C=C(C)C1CCCCC1C,C10H18,138.24992,442.554,NIST
1-nitrodecane,'4609-87-4,CCCCCCCCCC[N+](=O)[O-],C10H21NO2,187.27924,571.856,NIST
"2,5-dimethoxyhexa-2,4-diene",'72826-04-1,COC(C)=CC=C(C)OC,C8H14O2,142.19556,420.733,NIST
heptylcyclohexane,'5617-41-4,CCCCCCCC1CCCCC1,C13H26,182.34554,517.887,NIST
"hexa-2,4-dien-1-yl acetate",'1516-17-2,CC=CC=CCOC(C)=O,C8H12O2,140.17968,457.112,NIST
"N,N-diethyl-1,3-propanediamine",'104-78-9,CCN(CC)CCCN,C7H18N2,130.23122,440.171,NIST
"5-tert-butyl-2-ethyl-1,3-dioxane",'20534-54-7,CC[C@H]1OC[C@@H](C(C)(C)C)CO1,C10H20O2,172.2646,473.423,NIST
"1,2,3,4,5,6-hexahydrophenanthrene",'62690-93-1,C1=Cc2ccc3c(c2CC1)CCCC3,C14H16,184.27684,569.233,NIST
"tricyclo(10.2.2.2(5,8))octadeca-5,7,12,14,15,17-hexaene",'2913-24-8,c1cc2ccc1CCCc1ccc(cc1)CCC2,C18H20,236.3514,610.922,NIST
hexadecamethylheptasiloxane,'541-01-5,C[Si](C)(C)O[Si](C)(C)O[Si](C)(C)O[Si](C)(C)O[Si](C)(C)O[Si](C)(C)O[Si](C)(C)C,C16H48O6Si7,533.14722,,DIPPR
6-methyl-6-propyltridecan-4-ol,'857404-80-9,CCCCCCCC(C)(CCC)CC(O)CCC,C17H36O,256.46714,613.546,NIST
3-(decan-4-yl)phenol,'120323-80-0,CCCCCCC(CCC)c1cccc(O)c1,C16H26O,234.37704,597.359,NIST
3-ethylheptane,'15869-80-4,CCCCC(CC)CC,C9H20,128.2551,,DIPPR
"2,4,6-trimethylheptan-2-ol",'66256-47-1,CC(C)CC(C)CC(C)(C)O,C10H22O,158.28108,459.754,NIST
1-bromo-2-methylbut-2-ene,'41178-84-1,CC=C(C)CBr,C5H9Br,149.02896,393.296,NIST
2-fluoroethan-1-ol,'371-62-0,OCCF,C2H5FO,64.0589032,357.981,NIST
"1,4,6-trimethylnaphthalene",'2131-42-2,Cc1ccc2c(C)ccc(C)c2c1,C13H14,170.25026,553.19,NIST
heptane-2-thiol,'628-00-2,CCCCCC(C)S,C7H16S,132.26694,436.718,NIST
1-methylpiperidin-2-one,'931-20-4,CN1CCCCC1=O,C6H11NO,113.15764,496.406,NIST
2-thiaoctane,'20291-60-5,CCCCCCSC,C7H16S,132.26694,438.796,NIST
1-azido-4-nitrobenzene,'1516-60-5,[N-]=[N+]=Nc1ccc([N+](=O)[O-])cc1,C6H4N4O2,164.12156,544.396,NIST
(2E)-3-(4-chlorophenyl)-N-ethylprop-2-enamide,'23784-62-5,CCN=C(O)/C=C/c1ccc(Cl)cc1,C11H12ClNO,209.67208,662.486,NIST
1-(pentyloxy)pentane,'693-65-2,CCCCCOCCCCC,C10H22O,158.28108,459.945,NIST
"3,8-dimethylquinoline",'20668-29-5,Cc1cnc2c(C)cccc2c1,C11H11N,157.21174,549.498,NIST
6-(((propan-2-yl)oxy)methyl)tridecane,'854259-33-9,CCCCCCCC(CCCCC)COC(C)C,C17H36O,256.46714,561.609,NIST
"propane-1,2-diyl dinonanoate",'41395-83-9,CCCCCCCCC(=O)OCC(C)OC(=O)CCCCCCCC,C21H40O4,356.5399,654.598,NIST
"cyclooctane-1,2-diol",'42565-22-0,O[C@@H]1CCCCCC[C@H]1O,C8H16O2,144.21144,539.842,NIST
octadec-9-yne,'35365-59-4,CCCCCCCCC#CCCCCCCCC,C18H34,250.46256,591.648,NIST
"2,19-dimethylicosane",'1720-14-5,CC(C)CCCCCCCCCCCCCCCCC(C)C,C22H46,310.60064,642.318,NIST
"(deca-1,2-dien-1-yl)benzene",'27694-88-8,CCCCCCCC=C=Cc1ccccc1,C16H22,214.34588,585.201,NIST
pyrazine,'290-37-9,c1cnccn1,C4H4N2,80.08796,,DIPPR
dipentyl but-2-ynedioate,'61644-48-2,CCCCCOC(=O)C#CC(=O)OCCCCC,C14H22O4,254.32208,585.095,NIST
"2,6-dimethoxypyridine",'6231-18-1,COc1cccc(OC)n1,C7H9NO2,139.15186,467.379,NIST
"2,3,4-trimethylhexa-1,3-diene",'685127-75-7,C=C(C)C(C)=C(C)CC,C9H16,124.22334,408.092,NIST
"N,N-dimethyldecanamide",'14433-76-2,CCCCCCCCCC(=O)N(C)C,C12H25NO,199.333,530.031,NIST
"2-(2,4,4-trimethylpentan-2-yl)phenol",'3884-95-5,CC(C)(C)CC(C)(C)c1ccccc1O,C14H22O,206.32388,565.747,NIST
octanenitrile,'124-12-9,CCCCCCCC#N,C8H15N,125.2114,477.503,NIST
trans-tetrahydro-2-methyl-6-(methylthio)-2H-pyran,'17230-20-5,CS[C@H]1CCC[C@H](C)O1,C7H14OS,146.25046,480.399,NIST
(1E)-3-methyl-1-(((1E)-prop-1-en-1-yl)oxy)but-1-ene,'61463-32-9,C/C=C/O/C=C/C(C)C,C8H14O,126.19616,408.994,NIST
2-methyl-1-(1-(2-methylpropoxy)ethoxy)propane,'5669-09-0,CC(C)COC(C)OCC(C)C,C10H22O2,174.28048,443.266,NIST
butyl benzoate,'136-60-7,CCCCOC(=O)c1ccccc1,C11H14O2,178.22766,,DIPPR
(3-methylpent-1-en-3-yl)benzene,'51752-50-2,C=CC(C)(CC)c1ccccc1,C12H16,160.25544,497.786,NIST
"6-(4-methylpentyl)-1,2,3,4-tetrahydronaphthalene",'66325-15-3,CC(C)CCCc1ccc2c(c1)CCCC2,C16H24,216.36176,577.461,NIST
7-butyltetradecan-7-ol,'858483-39-3,CCCCCCCC(O)(CCCC)CCCCCC,C18H38O,270.49372,614.513,NIST
"(1Z,6Z)-cyclodeca-1,6-diene",'7049-13-0,C1=C\CCC/C=C\CCC/1,C10H16,136.23404,467.098,NIST
4-cyano-2-fluorophenyl 4-butylbenzoate,'86831-21-2,CCCCc1ccc(C(=O)Oc2ccc(C#N)cc2F)cc1,C18H16FNO2,297.3235432,681.192,NIST
"(2Z)-3,7-dimethylocta-2,6-dien-1-ol",'106-25-2,CC(C)=CCC/C(C)=C\CO,C10H18O,154.24932,493.332,NIST
ethyl methyl(nitroso)carbamate,'615-53-2,CCOC(=O)N(C)N=O,C4H8N2O3,132.11792,526.818,NIST
"(buta-1,3-diyn-1-yl)cyclopropane",'1307901-42-3,C#CC#CC1CC1,C7H6,90.12254,420.886,NIST
"2,2,4,4,6,8,10-heptamethyl-6,8,10-tris(3,3,3-trifluoropropyl)-1,3,5,7,9,2,4,6,8,10-pentoxapentasilecane",'22474-57-3,C[Si]1(C)O[Si](C)(C)O[Si](C)(CCC(F)(F)F)O[Si](C)(CCC(F)(F)F)O[Si](C)(CCC(F)(F)F)O1,C16H33F9O5Si5,616.8433488,564.03,NIST
"trans-5-tert-butyl-2-isopropyl-1,3-dioxane",'145727-63-5,CC(C)C1OCC(C(C)(C)C)CO1,C11H22O2,186.29118,483.049,NIST
"dimethyl naphthalene-1,6-dicarboxylate",'16144-94-8,COC(=O)c1ccc2c(C(=O)OC)cccc2c1,C14H12O4,244.24268,642.696,NIST
"1,4-dioxane-2,6-dione",'4480-83-5,O=C1COCC(=O)O1,C4H4O4,116.07216,513.844,NIST
"2,2-dimethyltetradecan-1-ol",'5286-18-0,CCCCCCCCCCCCC(C)(C)CO,C16H34O,242.44056,566.183,NIST
"1,4-dioxaspiro(4.5)decane",'177-10-6,C1CCC2(CC1)OCCO2,C8H14O2,142.19556,450.298,NIST
1-ethoxyoctadecane,'62435-06-7,CCCCCCCCCCCCCCCCCCOCC,C20H42O,298.54688,644.288,NIST
2-methylnonyl acetate,,CCCCCCCC(C)COC(C)=O,C12H24O2,200.31776,512.168,NIST
4-methylpent-3-en-2-one,'141-79-7,CC(=O)C=C(C)C,C6H10O,98.143,,DIPPR
"1,3-diethylcyclopentane",'19398-75-5,CCC1CCC(CC)C1,C9H18,126.23922,414.166,NIST
1-propoxybutan-1-ol,'99420-89-0,CCCOC(O)CCC,C7H16O2,132.20074,459.289,NIST
"2,2,3-trimethyl-3-(propan-2-yl)hexane",'62199-79-5,CCCC(C)(C(C)C)C(C)(C)C,C12H26,170.33484,482.481,NIST
"hexane-2,4-diol",'19780-90-6,CCC(O)CC(C)O,C6H14O2,118.17416,479.657,NIST
"2,4,5-trimethylphenol",'496-78-6,Cc1cc(C)c(O)cc1C,C9H12O,136.19098,505.539,NIST
hexadecamethylcyclooctasiloxane,'556-68-3,C[Si]1(C)O[Si](C)(C)O[Si](C)(C)O[Si](C)(C)O[Si](C)(C)O[Si](C)(C)O[Si](C)(C)O[Si](C)(C)O1,C16H48O8Si8,593.23152,576.254,NIST
18-methylnonadecyl acetate,'56435-16-6,CC(=O)OCCCCCCCCCCCCCCCCCC(C)C,C22H44O2,340.58356,650.127,NIST
cyclononane,'293-55-0,C1CCCCCCCC1,C9H18,126.23922,451.819,NIST
4-heptyl-3-methylphenol,'5075-79-6,CCCCCCCc1ccc(O)cc1C,C14H22O,206.32388,566.709,NIST
"(1R,2R,4S)-2,4-diisopropenyl-1-methyl-1-vinylcyclohexane",'33880-83-0,C=C[C@@]1(C)CC[C@H](C(=C)C)C[C@@H]1C(=C)C,C15H24,204.35106,502.626,NIST
"1,2-dibromo-3,3-dimethylpentane",'705289-64-1,CCC(C)(C)C(Br)CBr,C7H14Br2,257.99406,481.242,NIST
"1,4-dimethylcyclohex-1-ene",'2808-79-9,CC1=CCC(C)CC1,C8H14,110.19676,400.644,NIST
2-(piperazin-1-yl)ethan-1-ol,'103-76-4,OCCN1CCNCC1,C6H14N2O,130.18816,,DIPPR
2-methyl-5-nitrophenol,'5428-54-6,Cc1ccc([N+](=O)[O-])cc1O,C7H7NO3,153.13538,564.172,NIST
"2-bromo-1-(difluoromethoxy)-1,1,2-trifluoroethane",'24342-28-7,FC(F)OC(F)(F)C(F)Br,C3H2BrF5O,228.943396,346.081,NIST
"1,1-dichloro-2-(difluoromethoxy)-1,2,2-trifluoroethane",'32778-14-6,FC(F)OC(F)(F)C(F)(Cl)Cl,C3HCl2F5O,218.937456,337.084,NIST
"1,1,1-trifluoro-2-iodoethane",'353-83-3,FC(F)(F)CI,C2H2F3I,209.9369596,332.045,NIST
N-phenylnaphthalen-2-amine,'135-88-6,c1ccc(Nc2ccc3ccccc3c2)cc1,C16H13N,219.28112,688.864,NIST
pentadecylcyclopentane,4669-01-0600:00:00,CCCCCCCCCCCCCCCC1CCCC1,C20H40,280.5316,593.955,NIST
trans-1-tert-butyl-4-methylcyclohexane,'4001-94-9,CC(C)(C)[C@H]1CC[C@H](C)CC1,C11H22,154.29238,459.648,NIST
butylcyclopentane,'2040-95-1,CCCCC1CCCC1,C9H18,126.23922,,DIPPR
1-methyl-7-(4-methylphenyl)naphthalene,'10460-59-0,Cc1ccc(-c2ccc3cccc(C)c3c2)cc1,C18H16,232.31964,666.103,NIST
4-methyl-1-(propan-2-yl)bicyclo(3.1.0)hexan-3-one,'546-80-5,CC(C)[C@]12CC(=O)[C@H](C)[C@H]1C2,C10H16O,152.23344,493.665,NIST
"(2E)-3-(2H-1,3-benzodioxol-5-yl)-N-(3-methylbutyl)prop-2-enamide",'23795-28-0,CC(C)CCN=C(O)/C=C/c1ccc2c(c1)OCO2,C15H19NO3,261.31626,692.339,NIST
"1,1,1-trifluoro-4-hydroxy-4-(thiophen-2-yl)but-3-en-2-one",'15788-02-0,O=C(C=C(O)c1cccs1)C(F)(F)F,C8H5F3O2S,222.1843096,598.011,NIST
nenitzescu's hydrocarbon,'21604-76-2,C1=CC2C=CC1C1C=CC21,C10H10,130.1864,454.411,NIST
9-methyl-3-(propan-2-yl)bicyclo(3.3.1)nonane,,CC(C)C1CC2CCCC(C1)C2C,C13H24,180.32966,502.094,NIST
3-chloro-4-hydroxypent-3-en-2-one,'1522-21-0,CC(=O)C(Cl)=C(C)O,C5H7ClO2,134.56088,460.307,NIST
"3,3,4-trimethylpent-1-ene",'560-22-5,C=CC(C)(C)C(C)C,C8H16,112.21264,378.378,NIST
nonylcyclooctane,'18208-72-5,CCCCCCCCCC1CCCCCCC1,C17H34,238.45186,574.232,NIST
"1,2-dichloroheptane",'10575-87-8,CCCCCC(Cl)CCl,C7H14Cl2,169.09206,467.345,NIST
N-heptylurea,'42955-46-4,CCCCCCCNC(=N)O,C8H18N2O,158.24132,553.625,NIST
N-(2-methoxyethyl)acetamide,'5417-42-5,COCCN=C(C)O,C5H11NO2,117.14634,524.852,NIST
2-methoxyethan-1-ol,'109-86-4,COCCO,C3H8O2,76.09442,,DIPPR
"1,1-dimethyl-6-(2-methylbutan-2-yl)-2,3-dihydro-1H-indene",'66325-04-0,CCC(C)(C)c1ccc2c(c1)C(C)(C)CC2,C16H24,216.36176,558.867,NIST
"3-ethyl-2,7,7-trimethylocta-3,4-dien-2-ol",'14270-83-8,CCC(=C=CCC(C)(C)C)C(C)(C)O,C13H24O,196.32906,504.369,NIST
1-methyl-4-pentylbenzene,'1595-09-1,CCCCCc1ccc(C)cc1,C12H18,162.27132,497.924,NIST
pentadecafluorooctanoic acid,'335-67-1,O=C(O)C(F)(F)C(F)(F)C(F)(F)C(F)(F)C(F)(F)C(F)(F)C(F)(F)F,C8HF15O2,414.068388,465.429,NIST
(E)-di-tert-butoxydiazene,'82554-97-0,CC(C)(C)O/N=N/OC(C)(C)C,C8H18N2O2,174.24072,498.241,NIST
(((1Z)-prop-1-en-1-yl)oxy)benzene,'4696-23-5,C/C=C\Oc1ccccc1,C9H10O,134.1751,460.733,NIST
"1,3-dichloro-2,4-difluorobenzene",'36556-37-3,Fc1ccc(Cl)c(F)c1Cl,C6H2Cl2F2,182.9828864,436.482,NIST
4-propylheptan-4-ol,'2198-72-3,CCCC(O)(CCC)CCC,C10H22O,158.28108,466.802,NIST
"2-chloro-3,3,3-trifluoroprop-1-ene",'2730-62-3,C=C(Cl)C(F)(F)F,C3H2ClF3,130.4961896,285.535,NIST
"11,11,12,12,13,13,14,14,15,15,16,16,17,17,18,18,18-heptadecafluorooctadecan-1-ol",'129794-53-2,OCCCCCCCCCCC(F)(F)C(F)(F)C(F)(F)C(F)(F)C(F)(F)C(F)(F)C(F)(F)C(F)(F)F,C18H21F17O,576.3315944,596.398,NIST
"2,2-dimethyl-1,3-dinitro-propane",'762-98-1,CC(C)(C[N+](=O)[O-])C[N+](=O)[O-],C5H10N2O4,162.1439,533.585,NIST
N-methyltetradecan-1-amine,'29369-63-9,CCCCCCCCCCCCCCNC,C15H33N,227.42922,565.36,NIST
nonadec-1-yne,'26186-01-6,C#CCCCCCCCCCCCCCCCCC,C19H36,264.48914,605.437,NIST
1-ethyl-4-(propan-2-yl)benzene,'4218-48-8,CCc1ccc(C(C)C)cc1,C11H16,148.24474,469.823,NIST
2-nitrobenzoic acid,'552-16-9,O=C(O)c1ccccc1[N+](=O)[O-],C7H5NO4,167.1189,594.913,NIST
22-bromodocos-9-ene,'111924-39-1,CCCCCCCCC=CCCCCCCCCCCCCBr,C22H43Br,387.48082,693.637,NIST
3-ethyl-4-methylpentan-2-ol,'66576-23-6,CCC(C(C)C)C(C)O,C8H18O,130.22792,441.283,NIST
"4-ethyl-2,3-dimethylquinoline",'855760-29-1,CCc1c(C)c(C)nc2ccccc12,C13H15N,185.2649,575.868,NIST
"dimethyl 2,2'-(2-methylcyclohexane-1,1-diyl)diacetate",'1195340-45-4,COC(=O)CC1(CC(=O)OC)CCCCC1C,C13H22O4,242.31138,565.107,NIST
1-((1-ethoxyheptyl)oxy)heptan-1-ol,,CCCCCCC(O)OC(CCCCCC)OCC,C16H34O3,274.43936,590.07,NIST
"(1alpha,3alpha,5beta)-3,5-dimethylcyclohexanol",'767-14-6,C[C@H]1CC(O)C[C@H](C)C1,C8H16O,128.21204,466.448,NIST
"(Z)-1,2-dimethoxyethene",'7062-96-6,CO/C=C\OC,C4H8O2,88.10512,352.346,NIST
"(4aR,8aS,9aS,10aS)-10-ethyltetradecahydroacridine",'27348-19-2,CCN1[C@@H]2CCCC[C@H]2C[C@@H]2CCCC[C@@H]21,C15H27N,221.38158,559.908,NIST
"4-(1-(2-chloroethoxy)ethyl)-N,N-dimethylaniline",'94670-06-1,CC(OCCCl)c1ccc(N(C)C)cc1,C12H18ClNO,227.73042,569.662,NIST
"2,3,4,6-tetramethylbenzoic acid",'2408-38-0,Cc1cc(C)c(C(=O)O)c(C)c1C,C11H14O2,178.22766,579.287,NIST
"1,3-dichloro-2-nitrobenzene",'601-88-7,O=[N+]([O-])c1c(Cl)cccc1Cl,C6H3Cl2NO2,191.99952,546.077,NIST
2-methylbenzoyl bromide,'20045-96-9,Cc1ccccc1C(=O)Br,C8H7BrO,199.04458,514.069,NIST
2-methylbutane-2-thiol,'1679-09-0,CCC(C)(C)S,C5H12S,104.21378,372.293,NIST
1-ethoxydecan-1-ol,,CCCCCCCCCC(O)OCC,C12H26O2,202.33364,540.281,NIST
"1,2-dibromo-1,1,2,2-tetrafluoroethane",'124-73-2,FC(F)(Br)C(F)(F)Br,C2Br2F4,259.8230128,,DIPPR
isocyanatoethane,'109-90-0,CCN=C=O,C3H5NO,71.0779,329.023,NIST
trans-1-tert-butyl-4-ethylcyclohexane,'1129-23-3,CC[C@H]1CC[C@H](C(C)(C)C)CC1,C12H24,168.31896,484.891,NIST
"6-chloro-N^2-ethyl-1,3,5-triazine-2,4-diamine",'1007-28-9,CCN=c1[nH]c(Cl)nc(=N)[nH]1,C5H8ClN5,173.60352,597.014,NIST
"6-pentyl-1,2,3,4-tetrahydronaphthalene",'66359-09-9,CCCCCc1ccc2c(c1)CCCC2,C15H22,202.33518,566.574,NIST
"2,4-dimethylpentan-2-yl 3,3-dimethylbutanoate",'245658-41-7,CC(C)CC(C)(C)OC(=O)CC(C)(C)C,C13H26O2,214.34434,492.474,NIST
diethyl dimethylpropanedioate,'1619-62-1,CCOC(=O)C(C)(C)C(=O)OCC,C9H16O4,188.22094,482.875,NIST
4-((2-((E)-(4-oxopentan-2-ylidene)amino)ethyl)imino)pentan-2-one,'6310-76-5,CC(=O)CC(C)=NCCN=C(C)CC(C)=O,C12H20N2O2,224.2994,602.241,NIST
"1,4-bis((butan-2-yl)oxy)butane",'859811-57-7,CCC(C)OCCCCOC(C)CC,C12H26O2,202.33364,491.87,NIST
hexadecanamide,'629-54-9,CCCCCCCCCCCCCCCC(=N)O,C16H33NO,255.43932,645.203,NIST
1-(1-(1-ethoxybutoxy)butoxy)butan-1-ol,,CCCC(O)OC(CCC)OC(CCC)OCC,C14H30O4,262.3856,570.222,NIST
(3-methylpentan-2-yl)cyclohexane,'61142-37-8,CCC(C)C(C)C1CCCCC1,C12H24,168.31896,479.656,NIST
"1,3,3-trimethyl-2-oxabicyclo(2.2.2)octane",'470-82-6,CC1(C)O[C@]2(C)CC[C@H]1CC2,C10H18O,154.24932,449.814,NIST
"(1S,3S)-1,2,3-trimethylcyclopentane",'15890-40-1,CC1[C@@H](C)CC[C@@H]1C,C8H16,112.21264,,DIPPR
(1Z)-1-((2-(((1Z)-prop-1-en-1-yl)oxy)propan-2-yl)oxy)prop-1-ene,'62322-38-7,C/C=C\OC(C)(C)O/C=C\C,C9H16O2,156.22214,434.302,NIST
4-methylpentan-1-amine,'5344-20-7,CC(C)CCCN,C6H15N,101.19,396.797,NIST
2-methyl-3-nitropentane,'66553-38-6,CCC(C(C)C)[N+](=O)[O-],C6H13NO2,131.17292,442.629,NIST
"7-methyl-1-(propan-2-yl)-1,2,3,4,4a,9,10,10a-octahydrophenanthrene",,Cc1ccc2c(c1)CCC1C2CCCC1C(C)C,C18H26,242.39904,622.054,NIST
"(E)-2,3-dimethyl-1,3-pentadiene",'1625-49-6,C=C(C)/C(C)=C/C,C7H12,96.17018,383.343,NIST
methanedithioperoxol,'6251-26-9,CSS,CH4S2,80.17246,353.979,NIST
1-ethynylcyclohexan-1-ol,'78-27-3,C#CC1(O)CCCCC1,C8H12O,124.18028,459.898,NIST
"2,2'-(methylazanediyl)di(ethan-1-ol)",'105-59-9,CN(CCO)CCO,C5H13NO2,119.16222,,DIPPR
1-fluoro-3-(propan-2-yl)benzene,'2193-38-6,CC(C)c1cccc(F)c1,C9H11F,138.1820432,435.372,NIST
2-methyl-1-(propan-2-yl)naphthalene,'32114-79-7,Cc1ccc2ccccc2c1C(C)C,C14H16,184.27684,538.237,NIST
2-acetyl-5-nitrothiophene,'39565-00-9,CC(=O)c1ccc([N+](=O)[O-])s1,C6H5NO3S,171.1738,511.424,NIST
5-methyl-1H-tetrazol-1-amine,'56601-89-9,Cc1nnnn1N,C2H5N5,99.0946,606.827,NIST
"4-(2,4,4-trimethylpentan-2-yl)cyclohex-1-ene",'854719-54-3,CC(C)(C)CC(C)(C)C1CC=CCC1,C14H26,194.35624,511.63,NIST
cis-3-isopropylcyclohexanol,'10488-12-7,CC(C)[C@@H]1CCC[C@H](O)C1,C9H18O,142.23862,477.296,NIST
"cis-2-ethyl-2,4-dimethyl-1,3-dioxane",'28619-89-8,CC[C@]1(C)OCC[C@H](C)O1,C8H16O2,144.21144,435.985,NIST
"3,7,11-trimethyldodeca-2,6,10-trien-1-ol",'4602-84-0,CC(C)=CCCC(C)=CCCC(C)=CCO,C15H26O,222.36634,566.471,NIST
trans-ethyl 2-phenylcyclopropane-1-carboxylate,'946-39-4,CCOC(=O)[C@@H]1C[C@H]1c1ccccc1,C12H14O2,190.23836,521.026,NIST
phenylcycloheptane,'4401-18-7,c1ccc(C2CCCCCC2)cc1,C13H18,174.28202,530.412,NIST
"2,2-dichloro-4,4-dimethylhexane",'859974-11-1,CCC(C)(C)CC(C)(Cl)Cl,C8H16Cl2,183.11864,469.672,NIST
difluoromethane,1975-10-0500:00:00,FCF,CH2F2,52.0233864,221.499,NIST
1-(propylsulfanyl)pentane,'42841-80-5,CCCCCSCCC,C8H18S,146.29352,458.447,NIST
4-propylheptane,'3178-29-8,CCCC(CCC)CCC,C10H22,142.28168,434.961,NIST
"6-chloro-4,6-dimethylhept-2-ene",'90676-08-7,CC=CC(C)CC(C)(C)Cl,C9H17Cl,160.68428,448.675,NIST
"4-methyl-1,6-heptadien-4-ol",'25201-40-5,C=CCC(C)(O)CC=C,C8H14O,126.19616,452.0,NIST
((2-methylprop-2-en-1-yl)oxy)benzene,'5820-22-4,C=C(C)COc1ccccc1,C10H12O,148.20168,488.816,NIST
pentylpropanedioic acid,'616-88-6,CCCCCC(C(=O)O)C(=O)O,C8H14O4,174.19436,573.05,NIST
"4-nitro(1,1'-biphenyl)-2-amine",'91973-55-6,Nc1cc([N+](=O)[O-])ccc1-c1ccccc1,C12H10N2O2,214.22,661.983,NIST
"2,4,4,5-tetramethylhex-2-ene",'65132-96-9,CC(C)=CC(C)(C)C(C)C,C10H20,140.2658,427.08,NIST
"1,1,1,2,2,3,3,4-octafluorobutane",'662-35-1,FCC(F)(F)C(F)(F)C(F)(F)F,C4H2F8,202.0459056,300.618,NIST
"trans,trans-2,5-dimethylbicyclo(4.4.0)decane",'56270-31-6,C[C@@H]1CC[C@@H](C)[C@@H]2CCCC[C@H]21,C12H22,166.30308,493.207,NIST
"1-ethoxy-1,1,2,2-tetrafluoroethane",'512-51-6,CCOC(F)(F)C(F)F,C4H6F4O,146.0834528,329.848,NIST
trans-2-tert-butoxytetrahydro-6-methyl-2H-pyran,'17230-14-7,C[C@H]1CCC[C@H](OC(C)(C)C)O1,C10H20O2,172.2646,463.513,NIST
2-(4-methylcyclohex-3-en-1-yl)propan-2-yl acetate,'8007-35-0,CC(=O)OC(C)(C)C1CC=C(C)CC1,C12H20O2,196.286,507.679,NIST
2-(pentyloxy)octane,'51182-97-9,CCCCCCC(C)OCCCCC,C13H28O,200.36082,508.272,NIST
"1,1'-(2-ethylpentane-1,1-diyl)dibenzene",'102007-85-2,CCCC(CC)C(c1ccccc1)c1ccccc1,C19H24,252.39386,611.771,NIST
"2-pentylnonane-1,3-diol",'55109-63-2,CCCCCCC(O)C(CO)CCCCC,C14H30O2,230.3868,610.826,NIST
3-methylbut-3-en-1-yl acetate,5205-07-0200:00:00,C=C(C)CCOC(C)=O,C7H12O2,128.16898,418.09,NIST
6-(propan-2-yl)undecan-6-ol,'855750-46-8,CCCCCC(O)(CCCCC)C(C)C,C14H30O,214.3874,536.405,NIST
heptan-2-yl dodecanoate,'55194-06-4,CCCCCCCCCCCC(=O)OC(C)CCCCC,C19H38O2,298.50382,610.065,NIST
"(2E)-N,N-diethyl-3-(4-methoxyphenyl)prop-2-enamide",'23784-83-0,CCN(CC)C(=O)/C=C/c1ccc(OC)cc1,C14H19NO2,233.30616,664.019,NIST
"(2,2-dimethylbutyl)benzene",'28080-86-6,CCC(C)(C)Cc1ccccc1,C12H18,162.27132,486.673,NIST
"diethyl 2,3-dihydroxybutanedioate",'87-91-2,CCOC(=O)[C@@H](O)[C@H](O)C(=O)OCC,C8H14O6,206.19316,558.905,NIST
1-(dodecan-2-yl)-4-ethylbenzene,'115416-73-4,CCCCCCCCCCC(C)c1ccc(CC)cc1,C20H34,274.48396,606.229,NIST
"1-ethyl-1,2,2-trimethylcyclopropane",'25590-29-8,CCC1(C)CC1(C)C,C8H16,112.21264,359.771,NIST
"1,1-dimethyl-7-(propan-2-yl)-1,2,3,4,5,6-hexahydronaphthalene",'50682-82-1,CC(C)C1=CC2=C(CCCC2(C)C)CC1,C15H24,204.35106,502.095,NIST
"1-fluoro-3,5-di(propan-2-yl)benzene",'87591-04-6,CC(C)c1cc(F)cc(C(C)C)c1,C12H17F,180.2617832,485.401,NIST
"3-chloro-5,5-dimethylhepta-1,3-diene",'102872-75-3,C=CC(Cl)=CC(C)(C)CC,C9H15Cl,158.6684,443.593,NIST
bromo(iodo)methane,'557-68-6,BrCI,CH2BrI,220.83505,397.679,NIST
4-methylhexyl acetate,'91367-59-8,CCC(C)CCCOC(C)=O,C9H18O2,158.23802,464.328,NIST
tetradecan-1-amine,'2016-42-4,CCCCCCCCCCCCCCN,C14H31N,213.40264,,DIPPR
"(3R,4R)-2,2,3,4,5,5-hexamethylhexane",'55258-15-6,C[C@H]([C@@H](C)C(C)(C)C)C(C)(C)C,C12H26,170.33484,468.197,NIST
"bis(5-methylhexyl)benzene-1,2-dicarboxylate",'71888-89-6,CC(C)CCCCOC(=O)c1ccccc1C(=O)OCCCCC(C)C,C22H34O4,362.50296,652.219,NIST
"2-methyl-1,3-di(propan-2-yl)-1H-indole",'93549-90-7,Cc1c(C(C)C)c2ccccc2n1C(C)C,C15H21N,215.33394,605.496,NIST
tribromo(iodo)methane,'14349-80-5,BrC(Br)(Br)I,CBr3I,378.62717,498.101,NIST
4-(4-butylpiperidin-1-yl)benzonitrile,'137274-48-7,CCCCC1CCN(c2ccc(C#N)cc2)CC1,C16H22N2,242.35928,638.285,NIST
1-dodecyl-4-octylbenzene,'2655-94-9,CCCCCCCCCCCCc1ccc(CCCCCCCC)cc1,C26H46,358.64344,654.775,NIST
"6-nonyl-7-propyl-1,2,3,4-tetrahydronaphthalene",'858459-70-8,CCCCCCCCCc1cc2c(cc1CCC)CCCC2,C22H36,300.52124,676.081,NIST
"2,4-dibromo-2-methylpentane",'28457-08-1,CC(Br)CC(C)(C)Br,C6H12Br2,243.96748,461.369,NIST
"cis-1,2-diethylcyclopropane",'71032-67-2,CC[C@@H]1C[C@@H]1CC,C7H14,98.18606,366.623,NIST
2-phenylethan-1-amine,'64-04-0,NCCc1ccccc1,C8H11N,121.17964,475.256,NIST
"1-ethylcyclohexa-1,3-diene",'19381-80-7,CCC1=CC=CCC1,C8H12,108.18088,393.709,NIST
"3-ethyl-2,2,3-trimethylhexane",'61868-72-2,CCCC(C)(CC)C(C)(C)C,C11H24,156.30826,450.928,NIST
5-thianonadecane,'66292-33-9,CCCCCCCCCCCCCCSCCCC,C18H38S,286.55932,635.863,NIST
4-methylmorpholine,'109-02-4,CN1CCOCC1,C5H11NO,101.14694,388.656,NIST
2-benzylbenzoic acid,'612-35-1,O=C(O)c1ccccc1Cc1ccccc1,C14H12O2,212.24388,636.664,NIST
3-chloro-2-methylbutanal,'121618-28-8,CC(Cl)C(C)C=O,C5H9ClO,120.57736,485.322,NIST
"1,2,3,4-tetraiodobuta-1,3-diene",'859940-15-1,IC=C(I)C(I)=CI,C4H2I4,557.67656,645.878,NIST
2-bromooctane,'557-35-7,CCCCCCC(C)Br,C8H17Br,193.12458,453.148,NIST
"2-hexadecyl-2,3-dihydro-1H-indene",'56248-65-8,CCCCCCCCCCCCCCCCC1Cc2ccccc2C1,C25H42,342.60098,674.316,NIST
(5S)-5-methyl-1-heptanol,'57803-73-3,CC[C@H](C)CCCCO,C8H18O,130.22792,466.375,NIST
4-chlorobut-2-enamide,'81647-68-9,N=C(O)C=CCCl,C4H6ClNO,119.54954,576.22,NIST
nonan-2-ol,'628-99-9,CCCCCCCC(C)O,C9H20O,144.2545,,DIPPR
2-hexadecylthiophene,'83027-72-9,CCCCCCCCCCCCCCCCc1cccs1,C20H36S,308.56484,661.48,NIST
"3,6,9,12-tetraoxaoctadecan-1-ol",'39619-69-7,CCCCCCOCCOCCOCCOCCO,C14H30O5,278.385,614.459,NIST
benzyl 3-phenylprop-2-enoate,'103-41-3,O=C(C=Cc1ccccc1)OCc1ccccc1,C16H14O2,238.28116,622.029,NIST
propane-1-thiol,'107-03-9,CCCS,C3H8S,76.16062,,DIPPR
1-(decylsulfanyl)decane,'693-83-4,CCCCCCCCCCSCCCCCCCCCC,C20H42S,314.61248,666.248,NIST
"4-hydroxy-3,5-diiodobenzonitrile",'1689-83-4,N#Cc1cc(I)c(O)c(I)c1,C7H3I2NO,370.91376,690.08,NIST
thiane,'1613-51-0,C1CCSCC1,C5H10S,102.1979,414.882,NIST
2-(3-bromophenyl)-2-hydroxyacetic acid,'49839-81-8,O=C(O)C(O)c1cccc(Br)c1,C8H7BrO3,231.04338,593.338,NIST
"2,4-dimethyl-2-(2-methylpropyl)-1,3-dioxane",'28619-93-4,CC(C)C[C@@]1(C)OCC[C@@H](C)O1,C10H20O2,172.2646,467.226,NIST
tridecylbenzene,'123-02-4,CCCCCCCCCCCCCc1ccccc1,C19H32,260.45738,,DIPPR
4-(prop-1-en-1-yl)oct-1-ene,'98893-95-9,C=CCC(C=CC)CCCC,C11H20,152.2765,451.644,NIST
"1,1,1-trichlorooctane",'4905-79-7,CCCCCCCC(Cl)(Cl)Cl,C8H15Cl3,217.5637,471.208,NIST
cis-1-butyl-2-propylcyclopentane,'939-66-2,CCCC[C@@H]1CCC[C@@H]1CCC,C12H24,168.31896,481.679,NIST
6-methyloctan-4-ol,'66793-82-6,CCCC(O)CC(C)CC,C9H20O,144.2545,467.194,NIST
2-methylbenzo(f)quinoline,'39258-30-5,Cc1cnc2ccc3ccccc3c2c1,C14H11N,193.24384,625.724,NIST
"(1E)-1-methoxybuta-1,3-diene",'10034-09-0,C=C/C=C/OC,C5H8O,84.11642,362.408,NIST
(3-ethylpent-1-en-3-yl)benzene,'19781-34-1,C=CC(CC)(CC)c1ccccc1,C13H18,174.28202,503.144,NIST
1-ethylidene-2-methylcyclopentane,'98428-04-7,CC=C1CCCC1C,C8H14,110.19676,392.299,NIST
"N^1-benzyl-N^2,N^2-dimethyl-N^1-(2-pyridinyl)-1,2-ethanediamine",'91-81-6,CN(C)CCN(Cc1ccccc1)c1ccccn1,C16H21N3,255.35804,622.489,NIST
"N,N-dioctylhexanamide",'55334-54-8,CCCCCCCCN(CCCCCCCC)C(=O)CCCCC,C22H45NO,339.5988,651.642,NIST
butyl 4-hydroxybenzoate,'94-26-8,CCCCOC(=O)c1ccc(O)cc1,C11H14O3,194.22706,570.993,NIST
diheptyl ethanedioate,'20442-03-9,CCCCCCCOC(=O)C(=O)OCCCCCCC,C16H30O4,286.407,604.241,NIST
tridecanal,'10486-19-8,CCCCCCCCCCCCC=O,C13H26O,198.34494,,DIPPR
"1,1,2,2,3,3,3-heptafluoro-N,N-bis(heptafluoropropyl)propan-1-amine",'338-83-0,FC(F)(F)C(F)(F)C(F)(F)N(C(F)(F)C(F)(F)C(F)(F)F)C(F)(F)C(F)(F)C(F)(F)F,C9F21N,521.0694672,402.829,NIST
(2Z)-hex-2-ene,'7688-21-3,C/C=C\CCC,C6H12,84.15948,,DIPPR
N-methyl-N-(prop-2-en-1-yl)aniline,'41652-73-7,C=CCN(C)c1ccccc1,C10H13N,147.21692,502.111,NIST
5-methylheptan-2-one,'18217-12-4,CCC(C)CCC(C)=O,C8H16O,128.21204,435.176,NIST
2-bromoethyl acetate,'927-68-4,CC(=O)OCCBr,C4H7BrO2,167.00118,431.732,NIST
1-isocyanatopentane,'3954-13-0,CCCCCN=C=O,C6H11NO,113.15764,426.033,NIST
dichloro(ethyl)silane,'1789-58-8,CC[SiH](Cl)Cl,C2H6Cl2Si,129.06054,348.739,NIST
4-cyano-2-fluorophenyl 4-ethoxybenzoate,'94611-26-4,CCOc1ccc(C(=O)Oc2ccc(C#N)cc2F)cc1,C16H12FNO3,285.2697832,671.219,NIST
"butane-2,3-dione",'431-03-8,CC(=O)C(C)=O,C4H6O2,86.08924,,DIPPR
"1,1,1-trimethoxyethane",'1445-45-0,COC(C)(OC)OC,C5H12O3,120.14698,381.993,NIST
"2,2,9,9-tetramethyl-1,3,8,10-tetraoxacyclotetradecane",'56444-61-2,CC1(C)OCCCCOC(C)(C)OCCCCO1,C14H28O4,260.36972,563.242,NIST
(2-methylpent-1-en-1-yl)benzene,'123762-55-0,CCCC(C)=Cc1ccccc1,C12H16,160.25544,506.199,NIST
dipropan-2-yl ethanedioate,'615-81-6,CC(C)OC(=O)C(=O)OC(C)C,C8H14O4,174.19436,464.218,NIST
"N,N-diheptylheptan-1-amine",'2411-36-1,CCCCCCCN(CCCCCCC)CCCCCCC,C21H45N,311.5887,632.92,NIST
1-((2-(ethenyloxy)ethyl)sulfanyl)butane,'6607-49-4,C=COCCSCCCC,C8H16OS,160.27704,475.465,NIST
"8-ethyl-1,2,3,4,5,6-hexahydrophenanthrene",'872825-11-1,CCC1=CCCc2c1ccc1c2CCCC1,C16H20,212.33,603.909,NIST
"1,1'-(ethane-1,2-diyl)bis(2-methyl-5-(propan-2-yl)cyclohexane)",'854221-63-9,CC(C)C1CCC(C)C(CCC2CC(C(C)C)CCC2C)C1,C22H42,306.56888,632.595,NIST
"1,3,4,5-tetrahydroxycyclohexane-1-carboxylic acid",'77-95-2,O=C(O)[C@]1(O)C[C@@H](O)[C@@H](O)[C@H](O)C1,C7H12O6,192.16658,669.146,NIST
"1,2,4-trimethylcyclopent-1-ene",'99363-12-9,CC1=C(C)CC(C)C1,C8H14,110.19676,391.931,NIST
tridecan-4-one,'26215-90-7,CCCCCCCCCC(=O)CCC,C13H26O,198.34494,538.994,NIST
butyl 9-hydroxy-9H-fluorene-9-carboxylate,2314-09-0200:00:00,CCCCOC(=O)C1(O)c2ccccc2-c2ccccc21,C18H18O3,282.33372,684.486,NIST
1-methyl-2-propylcyclohexane,'4291-79-6,CCCC1CCCCC1C,C10H20,140.2658,452.129,NIST
4-methyl-cyclohexane-methanol,'34885-03-5,CC1CCC(CO)CC1,C8H16O,128.21204,,DIPPR
5-nitrofuran-2-carboxamide,'701-51-9,NC(=O)c1ccc([N+](=O)[O-])o1,C5H4N2O4,156.09626,628.366,NIST
1-methoxy-4-((Z)-2-phenylethenyl)benzene,'1657-53-0,COc1ccc(/C=C\c2ccccc2)cc1,C15H14O,210.27106,603.969,NIST
"1,1,6,6-tetramethyl-3-(propan-2-yl)spiro(3.3)heptane",,CC(C)C1CC(C)(C)C12CC(C)(C)C2,C14H26,194.35624,484.98,NIST
3-(decan-5-yl)phenol,'120323-79-7,CCCCCC(CCCC)c1cccc(O)c1,C16H26O,234.37704,597.359,NIST
"2,2-dimethyloct-3-ene",'86869-76-3,CCCCC=CC(C)(C)C,C10H20,140.2658,436.52,NIST
3-ethyldodecane,'57297-82-2,CCCCCCCCCC(CC)CC,C14H30,198.388,,DIPPR
"1-iodo-3,5-dimethylbenzene",'22445-41-6,Cc1cc(C)cc(I)c1,C8H9I,232.06153,501.359,NIST
3-ethylaniline,'587-02-0,CCc1cccc(N)c1,C8H11N,121.17964,543.274,NIST
"1,1,2-trimethylcyclopropane",'4127-45-1,CC1CC1(C)C,C6H12,84.15948,325.863,NIST
cis-bicyclo(5.1.0)octane,'16526-90-2,C1CC[C@@H]2C[C@@H]2CC1,C8H14,110.19676,408.291,NIST
"4'-octyl(1,1'-biphenyl)-4-carbonitrile",'52709-84-9,CCCCCCCCc1ccc(-c2ccc(C#N)cc2)cc1,C21H25N,291.4299,694.207,NIST
"bis(3-methylbutyl)benzene-1,3-dicarboxylate",'1528-63-8,CC(C)CCOC(=O)c1cccc(C(=O)OCCC(C)C)c1,C18H26O4,306.39664,647.373,NIST
3-methoxyaniline,'536-90-3,COc1cccc(N)c1,C7H9NO,123.15246,501.099,NIST
"1,1'-(propane-1,1-diyl)dicyclohexane",'54934-91-7,CCC(C1CCCCC1)C1CCCCC1,C15H28,208.38282,555.848,NIST
2-thiaheneicosane,'62155-12-8,CCCCCCCCCCCCCCCCCCCSC,C20H42S,314.61248,667.055,NIST
2-(decan-4-yl)phenol,'17404-50-1,CCCCCCC(CCC)c1ccccc1O,C16H26O,234.37704,597.359,NIST
(1Z)-1-methylcyclopentadec-1-ene,'86162-11-0,C/C1=C/CCCCCCCCCCCCC1,C16H30,222.4094,561.422,NIST
2-methylpentyl 2-methylpentanoate,'90397-38-9,CCCC(C)COC(=O)C(C)CCC,C12H24O2,200.31776,497.512,NIST
"2-fluorobuta-1,3-diene",'381-61-3,C=CC(=C)F,C4H5F,72.0809032,264.879,NIST
"1,2-dinitrocyclohexane-1,2-diol",'32342-28-2,O=[N+]([O-])[C@]1(O)CCCC[C@]1(O)[N+](=O)[O-],C6H10N2O6,206.1534,520.896,NIST
"(2Z)-pent-2-ene-1,4-diol",'6117-82-4,CC(O)/C=C\CO,C5H10O2,102.1317,498.497,NIST
"3-bromo-1,1-dichloropropane",'36668-45-8,ClC(Cl)CCBr,C3H5BrCl2,191.8818,430.851,NIST
"2-(3,5-di(propan-2-yl)phenyl)-3,3-dimethylbicyclo(4.2.0)octa-1(8),4,6-trien-2-ol",'33574-16-2,CC(C)c1cc(C(C)C)cc(C2(O)C3=C(C=C3)C=CC2(C)C)c1,C22H28O,308.45712,625.821,NIST
benzyl but-2-enoate,'65416-24-2,CC=CC(=O)OCc1ccccc1,C11H12O2,176.21178,523.519,NIST
"2-(4-bromophenyl)-4,6-dimethyl-1,3-dioxane",'27098-18-6,C[C@@H]1C[C@H](C)O[C@H](c2ccc(Br)cc2)O1,C12H15BrO2,271.1503,567.783,NIST
4-nitrobenzoyl chloride,'122-04-3,O=C(Cl)c1ccc([N+](=O)[O-])cc1,C7H4ClNO3,185.56456,562.899,NIST
"4,5-dimethylhex-1-ene",'16106-59-5,C=CCC(C)C(C)C,C8H16,112.21264,381.426,NIST
1-chloro-3-ethylbenzene,'620-16-6,CCc1cccc(Cl)c1,C8H9Cl,140.61006,454.994,NIST
2-phenylethyl butanoate,'103-52-6,CCCC(=O)OCCc1ccccc1,C12H16O2,192.25424,527.864,NIST
"2,3,4,5,2'',3'',4'',5''-octahydro-bifuryl-(3,3'')",'106538-38-9,C1CC(C2CCOC2)CO1,C8H14O2,142.19556,,DIPPR
1-methyl-3-(propan-2-yl)-1H-indole,'93549-88-3,CC(C)c1cn(C)c2ccccc12,C12H15N,173.2542,573.278,NIST
"N,N-diethylpentan-1-amine",'2162-91-6,CCCCCN(CC)CC,C9H21N,143.26974,456.051,NIST
10-octylicosane,'116151-75-8,CCCCCCCCCCC(CCCCCCCC)CCCCCCCCC,C28H58,394.76012,697.32,NIST
2-methoxy-2-methylbutane,'994-05-8,CCC(C)(C)OC,C6H14O,102.17476,,DIPPR
(6Z)-dodec-6-ene,'7206-29-3,CCCCC/C=C\CCCCC,C12H24,168.31896,483.447,NIST
"1,2-dimethylcyclobutene",'1501-58-2,CC1=C(C)CC1,C6H10,82.1436,365.96,NIST
"1,6-dimethyl-4-(prop-1-en-2-yl)-1,2,3,4,4a,5,8,8a-octahydronaphthalene",'35938-48-8,C=C(C)C1CCC(C)C2CC=C(C)CC12,C15H24,204.35106,526.512,NIST
cyclopropyl(phenyl)methanone,3481-02-0500:00:00,O=C(c1ccccc1)C1CC1,C10H10O,146.1858,514.419,NIST
"butyl 3,3-dimethylbutanoate",'85204-26-8,CCCCOC(=O)CC(C)(C)C,C10H20O2,172.2646,461.073,NIST
bromoethane,'74-96-4,CCBr,C2H5Br,108.9651,311.442,NIST
3-butyl-2-methylphenol,'137659-57-5,CCCCc1cccc(O)c1C,C11H16O,164.24414,522.234,NIST
N-(4-methoxy-3-nitrophenyl)acetamide,'50651-39-3,COc1ccc(N=C(C)O)cc1[N+](=O)[O-],C9H10N2O4,210.1867,692.512,NIST
"(2E)-2-methoxy-4,4-dimethylpent-2-ene",'66017-29-6,CO/C(C)=C/C(C)(C)C,C8H16O,128.21204,397.649,NIST
ethyl 2-oxopropanoate,'617-35-6,CCOC(=O)C(C)=O,C5H8O3,116.11522,428.636,NIST
1-phenyloct-2-yn-1-ol,'62059-58-9,CCCCCC#CC(O)c1ccccc1,C14H18O,202.29212,575.138,NIST
4-methylidenehex-1-ene,'761-75-1,C=CCC(=C)CC,C7H12,96.17018,363.319,NIST
"1,4-dimethoxybenzene",'150-78-7,COc1ccc(OC)cc1,C8H10O2,138.1638,485.195,NIST
3-methylidenecycloprop-1-ene,4095-06-0100:00:00,C=C1C=C1,C4H4,52.07456,292.78,NIST
3-methylcyclohex-1-ene,'591-48-0,CC1C=CCCC1,C7H12,96.17018,376.069,NIST
"2,4,6,6,8,8-hexamethylnona-1,3-diene",'101082-65-9,C=C(C)C=C(C)CC(C)(C)CC(C)(C)C,C15H28,208.38282,528.323,NIST
octamethyltrisiloxane,'107-51-7,C[Si](C)(C)O[Si](C)(C)O[Si](C)(C)C,C8H24O2Si3,236.53146,,DIPPR
2-methylcyclopent-3-en-1-one,'116044-14-5,CC1C=CCC1=O,C6H8O,96.12712,451.286,NIST
"(R-(R*,S*))-N-methylephedrine",'552-79-4,C[C@H]([C@@H](O)c1ccccc1)N(C)C,C11H17NO,179.25878,562.66,NIST
2-(methylamino)-1-phenylpropan-1-ol,'321-98-2,CN[C@H](C)[C@@H](O)c1ccccc1,C10H15NO,165.2322,547.424,NIST
2-hydroxy-N-phenylbenzamide,'87-17-2,OC(=Nc1ccccc1)c1ccccc1O,C13H11NO2,213.23194,668.581,NIST
2-butyl-1H-indene,'92013-12-2,CCCCC1=Cc2ccccc2C1,C13H16,172.26614,572.949,NIST
"2,2-dichloropropane-1,3-diol",'54240-78-7,OCC(Cl)(Cl)CO,C3H6Cl2O2,144.98454,547.713,NIST
2-methylpentanedioic acid,'617-62-9,CC(CCC(=O)O)C(=O)O,C6H10O4,146.1412,569.388,NIST
1-iododecane,'2050-77-3,CCCCCCCCCCI,C10H21I,268.17821,526.689,NIST
"1,4,6-trichloronaphthalene",'2437-54-9,Clc1ccc2c(Cl)ccc(Cl)c2c1,C10H5Cl3,231.5057,590.285,NIST
ethenyl propyl hexanedioate,'5135-75-1,C=COC(=O)CCCCC(=O)OCCC,C11H18O4,214.25822,527.906,NIST
"3-ethyl-2,4,5-trimethylthiophene",'121436-10-0,CCc1c(C)sc(C)c1C,C9H14S,154.27246,478.819,NIST
1-tert-butyl-3-(propan-2-yl)benzene,'20033-12-9,CC(C)c1cccc(C(C)(C)C)c1,C13H20,176.2979,485.848,NIST
"2,6-dimethyl-4-(2-methylpropyl)heptan-4-ol",'17687-71-7,CC(C)CC(O)(CC(C)C)CC(C)C,C13H28O,200.36082,502.742,NIST
"1,4-dioxane",'123-91-1,C1COCCO1,C4H8O2,88.10512,,DIPPR
"2,4-dimethyloct-2-en-4-ol",'76008-28-1,CCCCC(C)(O)C=C(C)C,C10H20O,156.2652,470.257,NIST
"(1,1,1,3,3,3-hexafluoropropane-2,2-diyl)di(4,1-phenylene) diprop-2-ynoate",'117583-45-6,C#CC(=O)Oc1ccc(C(c2ccc(OC(=O)C#C)cc2)(C(F)(F)F)C(F)(F)F)cc1,C21H10F6O4,440.2921192,658.453,NIST
"(2R,5S)-2,5-dichlorohexane",'41761-11-9,C[C@H](Cl)CC[C@@H](C)Cl,C6H12Cl2,155.06548,445.445,NIST
butanamide,'541-35-5,CCCC(=N)O,C4H9NO,87.12036,508.64,NIST
7-hydroxy-4-methyl-6-nitro-2H-1-benzopyran-2-one,'19037-68-4,Cc1cc(=O)oc2cc(O)c([N+](=O)[O-])cc12,C10H7NO5,221.16628,686.646,NIST
endo-5-methoxycarbonylbicyclo(2.2.1)heptene,'72203-34-0,COC(=O)[C@@H]1C[C@@H]2C=C[C@H]1C2,C9H12O2,152.19038,461.871,NIST
"1,1-dichloro-3,3-dimethylpentane",'6130-99-0,CCC(C)(C)CC(Cl)Cl,C7H14Cl2,169.09206,447.801,NIST
4-bromobutanenitrile,5332-06-0900:00:00,N#CCCCBr,C4H6BrN,148.00114,471.409,NIST
"1,1,4,4-tetramethyl-2-tetrazene",'6130-87-6,CN(C)/N=N/N(C)C,C4H12N4,116.16488,465.181,NIST
2-(cyclopent-2-en-1-yl)ethan-1-ol,'766-02-9,OCCC1C=CCC1,C7H12O,112.16958,462.689,NIST
(E)-1-(4-(hexyloxy)phenyl)-N-phenylmethanimine,'5219-49-8,CCCCCCOc1ccc(/C=N/c2ccccc2)cc1,C19H23NO,281.39202,647.31,NIST
"1,1'-(4,4-dimethylpenta-1,2-diene-1,1-diyl)dibenzene",'81740-70-7,CC(C)(C)C=C=C(c1ccccc1)c1ccccc1,C19H20,248.3621,597.14,NIST
2-(hexan-3-yl)phenol,'91763-74-5,CCCC(CC)c1ccccc1O,C12H18O,178.27072,551.772,NIST
propyl (naphthalen-2-yl)acetate,'2876-69-9,CCCOC(=O)Cc1ccc2ccccc2c1,C15H16O2,228.28634,635.024,NIST
"(2Z)-3,7-dimethylocta-2,6-dien-1-yl acetate",'141-12-8,CC(=O)OC/C=C(/C)CCC=C(C)C,C12H20O2,196.286,496.912,NIST
methanethiol,'74-93-1,CS,CH4S,48.10746,,DIPPR
1-(thiophen-2-yl)butan-1-ol,'172508-19-9,CCCC(O)c1cccs1,C8H12OS,156.24528,502.164,NIST
"1,1,1,2,2,3,3,4,4,5,5,6,6,7,7,8,8,9,9,10,10,11,11,12,12-pentacosafluoroicosane",'90499-31-3,CCCCCCCCC(F)(F)C(F)(F)C(F)(F)C(F)(F)C(F)(F)C(F)(F)C(F)(F)C(F)(F)C(F)(F)C(F)(F)C(F)(F)C(F)(F)F,C20H17F25,732.30906,577.127,NIST
"N,N-dipropylacetamide",'1116-24-1,CCCN(CCC)C(C)=O,C8H17NO,143.22668,500.279,NIST
"2,2-dimethyl-3-(2-methylprop-1-en-1-yl)cyclopropane-1-carboxylic acid",'10453-89-1,CC(C)=CC1C(C(=O)O)C1(C)C,C10H16O2,168.23284,526.563,NIST
2-chloropropane,'75-29-6,CC(C)Cl,C3H7Cl,78.54068,308.243,NIST
tert-butyl heptanoate,'41084-78-0,CCCCCCC(=O)OC(C)(C)C,C11H22O2,186.29118,480.382,NIST
"4-tert-butylbenzene-1,2-diol",'98-29-3,CC(C)(C)c1ccc(O)c(O)c1,C10H14O2,166.21696,562.581,NIST
morpholine,'110-91-8,C1COCCN1,C4H9NO,87.12036,,DIPPR
"2,6,7,10,14-pentamethylpentadecane",'183159-48-0,CC(C)CCCC(C)CCC(C)C(C)CCCC(C)C,C20H42,282.54748,589.52,NIST
1-(fluoromethoxy)butane,'592-83-6,CCCCOCF,C5H11FO,106.1386432,340.624,NIST
nitroethane,'79-24-3,CC[N+](=O)[O-],C2H5NO2,75.0666,387.214,NIST
(prop-2-yn-1-yl)benzene,'10147-11-2,C#CCc1ccccc1,C9H8,116.15982,454.401,NIST
1-((pentyloxy)methoxy)pentane,'16849-82-4,CCCCCOCOCCCCC,C11H24O2,188.30706,491.858,NIST
"2,2',5-trichlorobiphenyl (PCB-18)",'37680-65-2,Clc1ccc(Cl)c(-c2ccccc2Cl)c1,C12H7Cl3,257.54298,609.963,NIST
7-methyloctanoic acid,'693-19-6,CC(C)CCCCCC(=O)O,C9H18O2,158.23802,525.554,NIST
(1Z)-1-butylcyclooct-1-ene,,CCCC/C1=C/CCCCCC1,C12H22,166.30308,484.414,NIST
"3,5-diethyl-2,3,5-trimethyloctane",'92867-12-4,CCCC(C)(CC)CC(C)(CC)C(C)C,C15H32,212.41458,532.556,NIST
"3,3-dichloro-1,1,1,2,2-pentafluoropropane",'422-56-0,FC(F)(F)C(F)(F)C(Cl)Cl,C3HCl2F5,202.938056,323.247,NIST
4-fluorobenzonitrile,'1194-02-1,N#Cc1ccc(F)cc1,C7H4FN,121.1117632,463.073,NIST
"trans-1,2-cyclohexanediol, diacetate",'1759-71-3,CC(=O)OC1CCCCC1OC(C)=O,C10H16O4,200.23164,511.489,NIST
"2,3-dimethylbenzoic acid",'603-79-2,Cc1cccc(C(=O)O)c1C,C9H10O2,150.1745,558.062,NIST
"5,5'-methylenebis(1,3-dimethyl-1,3,5-triazinan-2-one)",'126591-36-4,CN1CN(CN2CN(C)C(=O)N(C)C2)CN(C)C1=O,C11H22N6O2,270.33138,637.784,NIST
butan-2-yl acetate,'105-46-4,CCC(C)OC(C)=O,C6H12O2,116.15828,,DIPPR
"3,4-dichlorobenzoic acid",'51-44-5,O=C(O)c1ccc(Cl)c(Cl)c1,C7H4Cl2O2,191.01146,566.654,NIST
"1,4-diphenylbutane-1,4-dione",'495-71-6,O=C(CCC(=O)c1ccccc1)c1ccccc1,C16H14O2,238.28116,647.153,NIST
cyclohexyl(phenyl)methanol,'945-49-3,OC(c1ccccc1)C1CCCCC1,C13H18O,190.28142,583.841,NIST
"2,2-dinitropropyl 4,4-dinitropentanoate",'2555-54-6,CC(CCC(=O)OCC(C)([N+](=O)[O-])[N+](=O)[O-])([N+](=O)[O-])[N+](=O)[O-],C8H12N4O10,324.20168,699.057,NIST
"(1R)-1,7,7-trimethylbicyclo(2.2.1)heptane-2,3-dione",'10334-26-6,CC1(C)[C@H]2CC[C@@]1(C)C(=O)C2=O,C10H14O2,166.21696,513.282,NIST
"N,N-dimethyl-1,3-propanediamine",'109-55-7,CN(C)CCCN,C5H14N2,102.17806,,DIPPR
bromocyclodecane,'2749-64-6,BrC1CCCCCCCCC1,C10H19Br,219.16186,527.372,NIST
ethyl (3Z)-pent-3-enoate,'27829-70-5,C/C=C\CC(=O)OCC,C7H12O2,128.16898,411.632,NIST
"2,6-dimethylhepta-2,4-diene",'4634-87-1,CC(C)=CC=CC(C)C,C9H16,124.22334,411.716,NIST
3-methylbut-1-ene,'563-45-1,C=CC(C)C,C5H10,70.1329,,DIPPR
tridecanedioic acid,'505-52-2,O=C(O)CCCCCCCCCCCC(=O)O,C13H24O4,244.32726,630.027,NIST
1-(cyclohex-3-en-1-yl)prop-2-yn-1-ol,'7560-92-1,C#CC(O)C1CC=CCC1,C9H12O,136.19098,492.958,NIST
3-methylcyclopentan-1-ol,'18729-48-1,CC1CCC(O)C1,C6H12O,100.15888,424.282,NIST
2-amino-6-chlorobenzothiazole,'95-24-9,N=c1[nH]c2ccc(Cl)cc2s1,C7H5ClN2S,184.646,587.29,NIST
2-methoxy-5-(naphthalen-1-yl)benzaldehyde,'1183586-25-5,COc1ccc(-c2cccc3ccccc23)cc1C=O,C18H14O2,262.30256,690.956,NIST
"nona-1,4-diene",'58688-15-6,C=CCC=CCCCC,C9H16,124.22334,416.633,NIST
"2-methyl-5-(6-methylhept-5-en-2-yl)cyclohexa-1,3-diene",'495-60-3,CC(C)=CCC[C@H](C)[C@@H]1C=CC(C)=CC1,C15H24,204.35106,532.053,NIST
"3,3-dimethyldecane",'17302-38-4,CCCCCCCC(C)(C)CC,C12H26,170.33484,472.974,NIST
"4-benzyl-3,3-dimethyl-4-phenyloxetan-2-one",'35947-68-3,CC1(C)C(=O)OC1(Cc1ccccc1)c1ccccc1,C18H18O2,266.33432,656.147,NIST
"2,3,6,7-tetramethyloctane",'52670-34-5,CC(C)C(C)CCC(C)C(C)C,C12H26,170.33484,470.771,NIST
9-methylacridine,'611-64-3,Cc1c2ccccc2nc2ccccc12,C14H11N,193.24384,634.02,NIST
"1,2-dichloro-2-methylpropane",'594-37-6,CC(C)(Cl)CCl,C4H8Cl2,127.01232,380.44,NIST
heptyl heptafluorobutanoate,'866-19-3,CCCCCCCOC(=O)C(F)(F)C(F)(F)C(F)(F)F,C11H15F7O2,312.2244224,423.634,NIST
trans-4-tert-butylcyclohexan-1-ol,'21862-63-5,CC(C)(C)[C@H]1CC[C@H](O)CC1,C10H20O,156.2652,497.025,NIST
(R)-hexan-2-amine,'70095-40-8,CCCC[C@@H](C)N,C6H15N,101.19,389.932,NIST
1-((1-((propan-2-yl)oxy)propan-2-yl)oxy)propan-2-ol,'4039-63-8,CC(O)COC(C)COC(C)C,C9H20O3,176.2533,479.205,NIST
1-(2-hydroxy-5-methylphenyl)ethan-1-one,'1450-72-2,CC(=O)c1cc(C)ccc1O,C9H10O2,150.1745,551.924,NIST
3-methylhexanoic acid,'3780-58-3,CCCC(C)CC(=O)O,C7H14O2,130.18486,489.453,NIST
"1-methylidene-1,2,3,4-tetrahydronaphthalene",'25108-63-8,C=C1CCCc2ccccc21,C11H12,144.21298,511.608,NIST
"2,5-dichloro-4-nitroaniline",'6627-34-5,Nc1cc(Cl)c([N+](=O)[O-])cc1Cl,C6H4Cl2N2O2,207.01416,619.367,NIST
2-fluorobenzamide,'445-28-3,N=C(O)c1ccccc1F,C7H6FNO,139.1270432,552.797,NIST
"1,1'-(hexane-1,6-diylbis(oxy))dicyclohexane",'101885-19-2,C(CCCOC1CCCCC1)CCOC1CCCCC1,C18H34O2,282.46136,639.704,NIST
5-nitroquinoline,'607-34-1,O=[N+]([O-])c1cccc2ncccc12,C9H6N2O2,174.15614,591.104,NIST
1-methylcyclopentan-1-ol,'1462-03-9,CC1(O)CCCC1,C6H12O,100.15888,409.568,NIST
"2,4,6-trimethylpyridine",'108-75-8,Cc1cc(C)nc(C)c1,C8H11N,121.17964,,DIPPR
"3-ethyl-2-methyl-5-(prop-1-en-2-yl)cyclohexa-1,3-diene",,C=C(C)C1C=C(CC)C(C)=CC1,C12H18,162.27132,488.224,NIST
"2-methyldeca-1,3,4-triene",'821-86-3,C=C(C)C=C=CCCCCC,C11H18,150.26062,475.786,NIST
2-nitrooct-2-ene,6065-11-0800:00:00,CCCCCC=C(C)[N+](=O)[O-],C8H15NO2,157.2102,494.317,NIST
butan-2-one,'78-93-3,CCC(C)=O,C4H8O,72.10572,,DIPPR
"2,3,5-trimethylthiophene",'1795-05-7,Cc1cc(C)c(C)s1,C7H10S,126.2193,,DIPPR
"1,4-dimethyl-2-methylidenecyclohexane",'1016165-65-3,C=C1CC(C)CCC1C,C9H16,124.22334,409.386,NIST
thiacycloheptane,'4753-80-4,C1CCCSCC1,C6H12S,116.22448,427.958,NIST
"1,3-dimethoxy-2-methylbenzene",5673-07-0400:00:00,COc1cccc(OC)c1C,C9H12O2,152.19038,495.8,NIST
pentachloroaniline,'527-20-8,Nc1c(Cl)c(Cl)c(Cl)c(Cl)c1Cl,C6H2Cl5N,265.35178,599.862,NIST
"4-ethyl-1,3-oxazolidin-2-one",'16112-60-0,CCC1COC(O)=N1,C5H9NO2,115.13046,535.292,NIST
2-methyl-4-oxopentan-2-yl propanoate,'1081555-12-5,CCC(=O)OC(C)(C)CC(C)=O,C9H16O3,172.22154,478.684,NIST
2-(((butan-2-yl)oxy)carbonyl)benzoic acid,'53623-59-9,CCC(C)OC(=O)c1ccccc1C(=O)O,C12H14O4,222.23716,604.479,NIST
2-methyl-1-phenylpropan-2-amine,'122-09-8,CC(C)(N)Cc1ccccc1,C10H15N,149.2328,483.882,NIST
"3,4-dimethylhex-2-ene",'2213-37-8,CC=C(C)C(C)CC,C8H16,112.21264,388.577,NIST
1-(hexan-2-yl)-2-methylcyclopentane,,CCCCC(C)[C@@H]1CCC[C@H]1C,C12H24,168.31896,478.667,NIST
"2,2,6,6-tetramethylpiperidin-4-one",'826-36-8,CC1(C)CC(=O)CC(C)(C)N1,C9H17NO,155.23738,484.17,NIST
pyridine-2-carboxylic acid,'98-98-6,O=C(O)c1ccccn1,C6H5NO2,123.1094,529.822,NIST
trans-2-decalone,'16021-08-2,O=C1CC[C@H]2CCCC[C@@H]2C1,C10H16O,152.23344,512.074,NIST
1-bromo-3-methylbutane,'107-82-4,CC(C)CCBr,C5H11Br,151.04484,393.6,NIST
"1,1-dichloroprop-1-ene",'563-58-6,CC=C(Cl)Cl,C3H4Cl2,110.96986,349.259,NIST
icosafluorononane,'375-96-2,FC(F)(F)C(F)(F)C(F)(F)C(F)(F)C(F)(F)C(F)(F)C(F)(F)C(F)(F)C(F)(F)F,C9F20,488.064364,396.558,NIST
(3Z)-hex-3-en-1-yl formate,'33467-73-1,CC/C=C\CCOC=O,C7H12O2,128.16898,428.461,NIST
"1-(2,2-difluoroethoxy)-1,1,2,2-tetrafluoroethane",'50807-77-7,FC(F)COC(F)(F)C(F)F,C4H4F6O,182.0643792,351.865,NIST
nonyl hexanoate,'101452-99-7,CCCCCCCCCOC(=O)CCCCC,C15H30O2,242.3975,563.552,NIST
pyridin-3-amine,'462-08-8,Nc1cccnc1,C5H6N2,94.11454,472.393,NIST
"oxolane-2,5-dione",'108-30-5,O=C1CCC(=O)O1,C4H4O3,100.07276,504.524,NIST
3-(tert-butylsulfanyl)prop-1-ene,'37850-75-2,C=CCSC(C)(C)C,C7H14S,130.25106,413.563,NIST
1-bromopentadecane,'629-72-1,CCCCCCCCCCCCCCCBr,C15H31Br,291.31064,585.897,NIST
"1,2-dibromoethene, cis-and trans-mixture",'540-49-8,BrC=CBr,C2H2Br2,185.84528,384.626,NIST
cyclohexyl(hydroxy)acetic acid,'4442-94-8,O=C(O)C(O)C1CCCCC1,C8H14O3,158.19496,571.516,NIST
7-(diethylamino)-4-nitrobenzofurazan,'74392-01-1,CCN(CC)c1ccc([N+](=O)[O-])c2nonc12,C10H12N4O3,236.22728,622.072,NIST
"3-(2-hydroxyethoxy)propane-1,2-diol",'14641-24-8,OCCOCC(O)CO,C5H12O4,136.14638,565.474,NIST
"2,2,3,3,5,5-hexamethylhexane",'60302-24-1,CC(C)(C)CC(C)(C)C(C)(C)C,C12H26,170.33484,462.595,NIST
"4-bromo-4'-ethyl-1,1'-biphenyl",'58743-79-6,CCc1ccc(-c2ccc(Br)cc2)cc1,C14H13Br,261.15702,597.236,NIST
"2,4-dimethyl-3-(propan-2-yl)pentane",'13475-79-1,CC(C)C(C(C)C)C(C)C,C10H22,142.28168,430.179,NIST
cyclohexanecarboxylic anhydride,'22651-87-2,O=C(OC(=O)C1CCCCC1)C1CCCCC1,C14H22O3,238.32268,555.18,NIST
"1-butyl-2,4-dimethylbenzene",'1601-73-6,CCCCc1ccc(C)cc1C,C12H18,162.27132,508.033,NIST
"ethyl 2,2-diethyl-3-oxobutanoate",'1619-57-4,CCOC(=O)C(CC)(CC)C(C)=O,C10H18O3,186.24812,491.16,NIST
"4,4-dimethylcyclohex-1-ene",'14072-86-7,CC1(C)CC=CCC1,C8H14,110.19676,391.241,NIST
methylcyclopropane,'594-11-6,CC1CC1,C4H8,56.10632,,DIPPR
D-xylitol,'87-99-0,OC[C@@H](O)[C@H](O)[C@@H](O)CO,C5H12O5,152.14578,644.477,NIST
2-(2-(2-methylpropoxy)ethoxy)ethan-1-ol,'18912-80-6,CC(C)COCCOCCO,C8H18O3,162.22672,497.693,NIST
"2,7-dihydroxynaphthalene",'582-17-2,Oc1ccc2ccc(O)cc2c1,C10H8O2,160.16932,619.338,NIST
"2,5,5-trimethylhept-2-ene",'35736-90-4,CCC(C)(C)CC=C(C)C,C10H20,140.2658,429.249,NIST
"pentane-1,4-diol",'626-95-9,CC(O)CCCO,C5H12O2,104.14758,,DIPPR
"2,4,6-trimethyltetradecane",'101791-53-1,CCCCCCCCC(C)CC(C)CC(C)C,C17H36,240.46774,535.444,NIST
"trans-5-methoxy-2-(1-methylethyl)-1,3-dioxane",'36094-12-9,CO[C@H]1CO[C@H](C(C)C)OC1,C8H16O3,160.21084,457.249,NIST
(9E)-octadec-9-ene,'7206-25-9,CCCCCCCC/C=C/CCCCCCCC,C18H36,252.47844,597.694,NIST
"1,2,3,5,6,7-hexachloronaphthalene",'103426-97-7,Clc1cc2c(Cl)c(Cl)c(Cl)cc2c(Cl)c1Cl,C10H2Cl6,334.84088,675.007,NIST
4-methylpentan-2-one,'108-10-1,CC(=O)CC(C)C,C6H12O,100.15888,,DIPPR
ethyl cyanate,'627-48-5,CCOC#N,C3H5NO,71.0779,392.413,NIST
1-(diethylamino)propan-2-one,'1620-14-0,CCN(CC)CC(C)=O,C7H15NO,129.2001,437.16,NIST
2-butyl-3-hexyldecahydronaphthalene,'66455-55-8,CCCCCCC1CC2CCCCC2CC1CCCC,C20H38,278.51572,627.841,NIST
"trans-2,2,4,6-tetramethyl-1,3-dioxane",'20268-00-2,C[C@@H]1C[C@@H](C)OC(C)(C)O1,C8H16O2,144.21144,384.622,NIST
"3,3,4-trimethylpentan-2-one",'5340-47-6,CC(=O)C(C)(C)C(C)C,C8H16O,128.21204,426.058,NIST
5-methyldecan-1-ol,'7212-52-4,CCCCC[C@@H](C)CCCCO,C11H24O,172.30766,514.968,NIST
(2Z)-but-2-en-1-ol,'4088-60-2,C/C=C\CO,C4H8O,72.10572,363.622,NIST
"5-ethyl-2,3-dihydrofuran",'38614-09-4,CCC1=CCCO1,C6H10O,98.143,373.675,NIST
(octan-4-yl)benzene,'18335-17-6,CCCCC(CCC)c1ccccc1,C14H22,190.32448,528.138,NIST
"2,2,4,5-tetraethyl-2,3,6,7,8,9-hexahydro-1H-cyclopenta(a)naphthalene",'861353-87-9,CCc1c(CC)c2c(c3c1CCCC3)CC(CC)(CC)C2,C21H32,284.47878,666.328,NIST
3-methyl-1-nitrobut-1-ene,'33972-66-6,CC(C)C=C[N+](=O)[O-],C5H9NO2,115.13046,433.747,NIST
4-ethyl-2-nitroaniline,'3663-35-2,CCc1ccc(N)c([N+](=O)[O-])c1,C8H10N2O2,166.1772,593.298,NIST
octyl undecafluorohexanoate,'812-96-4,CCCCCCCCOC(=O)C(F)(F)C(F)(F)C(F)(F)C(F)(F)C(F)(F)F,C14H17F11O2,426.2660152,507.301,NIST
"3,7-dimethyloctan-1-ol",'106-21-8,CC(C)CCCC(C)CCO,C10H22O,158.28108,498.035,NIST
methyl 2-iodobenzoate,'610-97-9,COC(=O)c1ccccc1I,C8H7IO2,262.04445,543.873,NIST
"3,5,7,8-tetrachloro-2,2,3,4,4,5,6,6,7,8,8-undecafluoro-1-phenyloctan-1-one",'1428-16-6,O=C(c1ccccc1)C(F)(F)C(F)(Cl)C(F)(F)C(F)(Cl)C(F)(F)C(F)(Cl)C(F)(F)Cl,C14H5Cl4F11O,539.9833352,617.936,NIST
5-nitro-1H-indazole,'5401-94-5,O=[N+]([O-])c1ccc2[nH]ncc2c1,C7H5N3O2,163.1335,632.112,NIST
5-butyldodecan-5-ol,'93314-38-6,CCCCCCCC(O)(CCCC)CCCC,C16H34O,242.44056,561.911,NIST
"1,2,3,4-tetrachlorobenzene",'634-66-2,Clc1ccc(Cl)c(Cl)c1Cl,C6H2Cl4,215.89208,525.628,NIST
1-methylcyclohexane-1-carboxylic acid,'1123-25-7,CC1(C(=O)O)CCCCC1,C8H14O2,142.19556,533.69,NIST
"propane-1,2,3-triyl trinitrate",'55-63-0,O=[N+]([O-])OCC(CO[N+](=O)[O-])O[N+](=O)[O-],C3H5N3O9,227.0865,526.359,NIST
"1,5-dibromohexane",'627-96-3,CC(Br)CCCCBr,C6H12Br2,243.96748,478.863,NIST
2-methoxy-4-propylphenol,'2785-87-7,CCCc1ccc(O)c(OC)c1,C10H14O2,166.21696,541.305,NIST
"1,1'-(hexane-1,6-diylbis(oxyethane-1,1-diyl))dicyclohexane",'115097-23-9,CC(OCCCCCCOC(C)C1CCCCC1)C1CCCCC1,C22H42O2,338.56768,673.035,NIST
"2-ethyl-2,4-dimethylpentan-1-ol",'66793-98-4,CCC(C)(CO)CC(C)C,C9H20O,144.2545,461.148,NIST
5-ethylnonan-3-ol,'19780-71-3,CCCCC(CC)CC(O)CC,C11H24O,172.30766,504.961,NIST
"(3Z,5Z)-octa-1,3,5,7-tetraene",'1871-50-7,C=C/C=C\C=C/C=C,C8H10,106.165,399.668,NIST
"3,4-dihydro-2H-pyrrole",'5724-81-2,C1=NCCC1,C4H7N,69.10508,399.628,NIST
3-bromo-1-phenylpropan-1-one,'29636-75-7,O=C(CCBr)c1ccccc1,C9H9BrO,213.07116,530.21,NIST
azocan-2-one,'673-66-5,OC1=NCCCCCC1,C7H13NO,127.18422,566.157,NIST
"4-decyl-1,1'-biphenyl",'93972-02-2,CCCCCCCCCCc1ccc(-c2ccccc2)cc1,C22H30,294.4736,677.313,NIST
"2,2,3,4-tetramethylhex-3-ene",'855920-48-8,CCC(C)=C(C)C(C)(C)C,C10H20,140.2658,430.137,NIST
"ethyl 2,3-dichloropropanoate",'6628-21-3,CCOC(=O)C(Cl)CCl,C5H8Cl2O2,171.02182,456.646,NIST
((2-methyl-3-methylidene-5-(prop-1-en-2-yl)cyclohexyl)methyl)benzene,,C=C(C)C1CC(=C)C(C)C(Cc2ccccc2)C1,C18H24,240.38316,567.787,NIST
1-(pyridin-3-yl)ethan-1-one,'350-03-8,CC(=O)c1cccnc1,C7H7NO,121.13658,497.975,NIST
1-bromo-4-(propan-2-yl)benzene,'586-61-8,CC(C)c1ccc(Br)cc1,C9H11Br,199.08764,491.933,NIST
"5-(methylsulfanyl)-2-(propan-2-yl)-1,3-dioxane",'40245-27-0,CS[C@H]1CO[C@@H](C(C)C)OC1,C8H16O2S,176.27644,498.173,NIST
3-methylnonan-4-one,'35778-39-3,CCCCCC(=O)C(C)CC,C10H20O,156.2652,476.613,NIST
"(2S,5S)-2,5-hexanediol",'34338-96-0,C[C@H](O)CC[C@H](C)O,C6H14O2,118.17416,479.547,NIST
"4-(propan-2-yl)-1,1'-biphenyl",'7116-95-2,CC(C)c1ccc(-c2ccccc2)cc1,C15H16,196.28754,558.411,NIST
"2,2-dimethoxy-1,2-diphenylethan-1-one",'24650-42-8,COC(OC)(C(=O)c1ccccc1)c1ccccc1,C16H16O3,256.29644,628.473,NIST
"1,1'-(hepta-1,6-diene-2,6-diyl)dibenzene",'27905-65-3,C=C(CCCC(=C)c1ccccc1)c1ccccc1,C19H20,248.3621,609.089,NIST
cis-1-fluoro-1-propene,'19184-10-2,C/C=C\F,C3H5F,60.0702032,247.289,NIST
(1Z)-1-chloro-2-ethoxyprop-1-ene,'59892-19-2,CCO/C(C)=C\Cl,C5H9ClO,120.57736,379.714,NIST
3-propylhexan-2-one,'40239-27-8,CCCC(CCC)C(C)=O,C9H18O,142.23862,447.143,NIST
"(1,2-dibromoethyl)benzene",'93-52-7,BrCC(Br)c1ccccc1,C8H8Br2,263.95712,525.662,NIST
nonanenitrile,'2243-27-8,CCCCCCCCC#N,C9H17N,139.23798,496.89,NIST
"3,5-dichloro-N-(2-methylbut-3-yn-2-yl)benzamide",'23950-58-5,C#CC(C)(C)N=C(O)c1cc(Cl)cc(Cl)c1,C12H11Cl2NO,256.12784,664.396,NIST
"3,9-dimethylundecane",'17301-31-4,CCC(C)CCCCCC(C)CC,C13H28,184.36142,487.99,NIST
"3,7,11,15-tetramethylhexadec-1-en-3-ol",'60046-87-9,C=CC(C)(O)CCCC(C)CCCC(C)CCCC(C)C,C20H40O,296.531,618.406,NIST
"1,1'-(ethane-1,1-diyl)bis(3-methylbenzene)",'89881-30-1,Cc1cccc(C(C)c2cccc(C)c2)c1,C16H18,210.31412,570.335,NIST
"2-(dinitromethylene)-4,5-imidazolidinediol",'313527-34-3,O=[N+]([O-])C(=C1NC(O)C(O)N1)[N+](=O)[O-],C4H6N4O6,206.11364,661.537,NIST
2-chloroaniline,'95-51-2,Nc1ccccc1Cl,C6H6ClN,127.57154,,DIPPR
"(1Z)-1-(2,2-dimethyl-1-(((1Z)-prop-1-en-1-yl)oxy)propoxy)prop-1-ene",'62322-36-5,C/C=C\OC(O/C=C\C)C(C)(C)C,C11H20O2,184.2753,466.398,NIST
"1-tert-butyl-3,5-dimethylbenzene",'98-19-1,Cc1cc(C)cc(C(C)(C)C)c1,C12H18,162.27132,,DIPPR
"(1E,4E)-1,5-di(furan-2-yl)penta-1,4-dien-3-one",'886-77-1,O=C(/C=C/c1ccco1)/C=C/c1ccco1,C13H10O3,214.2167,601.293,NIST
(tetradecan-2-yl)benzene,'4534-59-2,CCCCCCCCCCCCC(C)c1ccccc1,C20H34,274.48396,606.099,NIST
4-hydroxybenzaldehyde,'123-08-0,O=Cc1ccc(O)cc1,C7H6O2,122.12134,554.818,NIST
1-iodobut-2-ene,'627-24-7,CC=CCI,C4H7I,182.00285,392.827,NIST
dipropan-2-yl butanedioate,'924-88-9,CC(C)OC(=O)CCC(=O)OC(C)C,C10H18O4,202.24752,497.46,NIST
N-dodecyldodecan-1-amine,'3007-31-6,CCCCCCCCCCCCNCCCCCCCCCCCC,C24H51N,353.66844,687.882,NIST
"N,N-bis(hydroxymethyl)urea",'25155-29-7,N=C(O)N(CO)CO,C3H8N2O3,120.10722,593.834,NIST
"2,3',4,4',5,5'-hexachloro-1,1'-biphenyl",'52663-72-6,Clc1cc(Cl)c(-c2cc(Cl)c(Cl)c(Cl)c2)cc1Cl,C12H4Cl6,360.87816,683.392,NIST
1-chloro-3-fluorobenzene,'625-98-9,Fc1cccc(Cl)c1,C6H4ClF,130.5473632,400.52,NIST
"1-(2-methoxy-4,6-dimethylphenyl)ethan-1-one",'21009-92-7,COc1cc(C)cc(C)c1C(C)=O,C11H14O2,178.22766,550.269,NIST
"bicyclo(4.2.0)octa-2,4-diene",'3725-28-8,C1=CC2CCC2C=C1,C8H10,106.165,395.489,NIST
1-dodecyl-2-methylcyclohexane,'39762-41-9,CCCCCCCCCCCCC1CCCCC1C,C19H38,266.50502,596.777,NIST
"1,4-dioxaspiro(4.4)nonane",'176-32-9,C1CCC2(C1)OCCO2,C7H12O2,128.16898,429.166,NIST
"methyl 3,4,5-trihydroxybenzoate",'99-24-1,COC(=O)c1cc(O)c(O)c(O)c1,C8H8O5,184.14612,606.483,NIST
"3,5-dimethyloct-6-en-2-ol",'57785-04-3,CC=CC(C)CC(C)C(C)O,C10H20O,156.2652,469.415,NIST
1-(4-ethylphenyl)-2-phenylethane,'7439-15-8,CCc1ccc(CCc2ccccc2)cc1,C16H18,210.31412,,DIPPR
"(penta-1,3-dien-1-yl)benzene",'1608-27-1,CC=C/C=C\c1ccccc1,C11H12,144.21298,508.418,NIST
"2-chloro-4,6-dimethylpyrimidine",'4472-44-0,Cc1cc(C)nc(Cl)n1,C6H7ClN2,142.58618,475.762,NIST
9H-xanthene-9-carboxylic acid,1982-07-0500:00:00,O=C(O)C1c2ccccc2Oc2ccccc21,C14H10O3,226.2274,666.785,NIST
pentacosane,'629-99-2,CCCCCCCCCCCCCCCCCCCCCCCCC,C25H52,352.68038,,DIPPR
"N,N-diphenylacetamide",'519-87-9,CC(=O)N(c1ccccc1)c1ccccc1,C14H13NO,211.25912,627.02,NIST
1-chloro-4-ethoxybenzene,'622-61-7,CCOc1ccc(Cl)cc1,C8H9ClO,156.60946,485.089,NIST
"1,3-dimethyl-5-(prop-1-en-2-yl)cyclohexane",'16580-21-5,C=C(C)C1CC(C)CC(C)C1,C11H20,152.2765,459.128,NIST
"1,2,3,4-tetrabromobenzene",'22311-25-7,Brc1ccc(Br)c(Br)c1Br,C6H2Br4,393.69608,603.998,NIST
oxolan-2-one,'96-48-0,O=C1CCCO1,C4H6O2,86.08924,477.783,NIST
(4-butoxy-2-hydroxyphenyl)(4-butoxyphenyl)methanone,'6127-74-8,CCCCOc1ccc(C(=O)c2ccc(OCCCC)cc2O)cc1,C21H26O4,342.42874,695.05,NIST
2-methylpropan-2-amine,'75-64-9,CC(C)(C)N,C4H11N,73.13684,,DIPPR
"1,2,3,5-tetrachloro-4,6-dimethylbenzene",'877-09-8,Cc1c(Cl)c(C)c(Cl)c(Cl)c1Cl,C8H6Cl4,243.94524,552.354,NIST
propan-2-yl hexadecanoate,'142-91-6,CCCCCCCCCCCCCCCC(=O)OC(C)C,C19H38O2,298.50382,,DIPPR
"3,4-diethylhex-3-ene",'868-46-2,CCC(CC)=C(CC)CC,C10H20,140.2658,431.412,NIST
1-benzyl-4-propylbenzene,'62155-41-3,CCCc1ccc(Cc2ccccc2)cc1,C16H18,210.31412,584.305,NIST
"ethyl 2,2,3,3-tetrafluorobutanoate",,CCOC(=O)C(F)(F)C(C)(F)F,C6H8F4O2,188.1201328,370.945,NIST
"1,1-bis(2-methylpropoxy)butane",'13002-16-9,CCCC(OCC(C)C)OCC(C)C,C12H26O2,202.33364,476.154,NIST
pentan-2-yl butanoate,'60415-61-4,CCCC(=O)OC(C)CCC,C9H18O2,158.23802,458.524,NIST
"chloromethyl 2,2-dimethylpropanoate",'18997-19-8,CC(C)(C)C(=O)OCCl,C6H11ClO2,150.60334,422.507,NIST
4-chloropyridine,'626-61-9,Clc1ccncc1,C5H4ClN,113.54496,424.591,NIST
S-(3-oxo-2-phenylbutyl)ethanethioate,'61363-86-8,CC(=O)SCC(C(C)=O)c1ccccc1,C12H14O2S,222.30336,588.206,NIST
"2,3-dihydroxybutanedioic acid",'526-83-0,O=C(O)C(O)C(O)C(=O)O,C4H6O6,150.08684,568.242,NIST
"3-(tetradecyloxy)propane-1,2-diol",'1561-06-4,CCCCCCCCCCCCCCOCC(O)CO,C17H36O3,288.46594,661.786,NIST
1-chloro-2-nitrosobenzene,'932-33-2,O=Nc1ccccc1Cl,C6H4ClNO,141.55506,571.303,NIST
4-aminophenol,'123-30-8,Nc1ccc(O)cc1,C6H7NO,109.12588,556.188,NIST
"1,1'-(butane-1,2-diyl)dicyclohexane",'54890-01-6,CCC(CC1CCCCC1)C1CCCCC1,C16H30,222.4094,556.125,NIST
bromo(diiodo)methane,'557-95-9,BrC(I)I,CHBrI2,346.73158,484.692,NIST
methyl 2-methyltetradecanoate,'55554-09-1,CCCCCCCCCCCCC(C)C(=O)OC,C16H32O2,256.42408,575.293,NIST
3-(2-(ethenyloxy)ethoxy)-2-methylprop-1-ene,'70483-99-7,C=COCCOCC(=C)C,C8H14O2,142.19556,429.771,NIST
spiro(2.4)heptane,'185-49-9,C1CCC2(C1)CC2,C7H12,96.17018,373.224,NIST
"1,7-diethoxy-1,1,3,3,5,5,7,7-octamethyltetrasiloxane",'18077-55-9,CCO[Si](C)(C)O[Si](C)(C)O[Si](C)(C)O[Si](C)(C)OCC,C12H34O5Si4,370.73736,500.63,NIST
"(2E)-3-(3,5-dimethoxyphenyl)prop-2-enoic acid",'16909-11-8,COc1cc(/C=C/C(=O)O)cc(OC)c1,C11H12O4,208.21058,640.369,NIST
tributyl borate,'688-74-4,CCCCOB(OCCCC)OCCCC,C12H27BO3,230.15198,,DIPPR
"3,3-dimethylbutane-1,2-diol",'59562-82-2,CC(C)(C)C(O)CO,C6H14O2,118.17416,483.141,NIST
2-methyl-4-methylideneoct-2-ene,'67350-86-1,C=C(C=C(C)C)CCCC,C10H18,138.24992,425.744,NIST
"2,2,6-trimethyl-5,5-di(propan-2-yl)hept-3-yne",'101433-59-4,CC(C)C(C#CC(C)(C)C)(C(C)C)C(C)C,C16H30,222.4094,489.83,NIST
cyclohexyldimethylamine,'98-94-2,CN(C)C1CCCCC1,C8H17N,127.22728,,DIPPR
"methyl (2,5-dioxooxolan-3-yl)acetate",'88067-07-6,COC(=O)CC1CC(=O)OC1=O,C7H8O5,172.13542,534.282,NIST
3-nitrohex-2-ene,'6065-16-3,CC=C(CCC)[N+](=O)[O-],C6H11NO2,129.15704,455.911,NIST
"1,3-dibromo-1,1-dichloropropane",'53074-35-4,ClC(Cl)(Br)CCBr,C3H4Br2Cl2,270.77786,492.727,NIST
trichloroiodomethane,'594-22-9,ClC(Cl)(Cl)I,CCl3I,245.27417,402.312,NIST
"2-bromo-1-(chloro(difluoro)methoxy)-1,1,2-trifluoroethane",'32978-58-8,FC(Br)C(F)(F)OC(F)(F)Cl,C3HBrClF5O,263.388456,354.079,NIST
10-hexylicosan-10-ol,'103049-03-2,CCCCCCCCCCC(O)(CCCCCC)CCCCCCCCC,C26H54O,382.70636,698.191,NIST
"4-(2-amino-1-hydroxyethyl)benzene-1,2-diol",'138-65-8,NCC(O)c1ccc(O)c(O)c1,C8H11NO3,169.17784,624.961,NIST
"1,1,1,2,4,4-hexafluoro-2-(trifluoromethoxy)butane",'439152-54-2,FC(F)CC(F)(OC(F)(F)F)C(F)(F)F,C5H3F9O,250.0623488,331.773,NIST
2-(methylamino)ethan-1-ol,'109-83-1,CNCCO,C3H9NO,75.10966,,DIPPR
"4,7,7-trimethyltricyclo(2.2.1.02,6)heptane",'39546-15-1,CC12CC3C(C1)C3C2(C)C,C10H16,136.23404,417.787,NIST
butan-2-yl nonanoate,'55195-29-4,CCCCCCCCC(=O)OC(C)CC,C13H26O2,214.34434,522.967,NIST
"2,3,5,5-tetramethylhex-2-ene",'33175-59-6,CC(C)=C(C)CC(C)(C)C,C10H20,140.2658,429.336,NIST
"methyl 3,4-dibromopentanoate",'79912-50-8,COC(=O)CC(Br)C(C)Br,C6H10Br2O2,273.9504,510.808,NIST
1-isocyanatohexane,'2525-62-4,CCCCCCN=C=O,C7H13NO,127.18422,453.915,NIST
"1,3,3-trifluorocycloprop-1-ene",'35305-22-7,FC1=CC1(F)F,C3HF3,94.0352496,233.45,NIST
3-methylquinoline,'612-58-8,Cc1cnc2ccccc2c1,C10H9N,143.18516,524.646,NIST
4-methylnonan-1-ol,'1489-47-0,CCCCCC(C)CCCO,C10H22O,158.28108,496.235,NIST
"2,2-dimethylpropanoyl chloride",'3282-30-2,CC(C)(C)C(=O)Cl,C5H9ClO,120.57736,376.914,NIST
"(1,1'-bi(cyclohexane))-2-ol",'58879-21-3,O[C@H]1CCCC[C@@H]1C1CCCCC1,C12H22O,182.30248,538.854,NIST
3-methylbutyl propanoate,'105-68-0,CCC(=O)OCCC(C)C,C8H16O2,144.21144,433.722,NIST
trans-1-methyl-2-propylcyclohexane,'42806-77-9,CCC[C@@H]1CCCC[C@H]1C,C10H20,140.2658,448.715,NIST
"2-ethyl-1,4-dimethylbenzene",'1758-88-9,CCc1cc(C)ccc1C,C10H14,134.21816,,DIPPR
"1,2-dimethylcyclohex-1-ene",'1674-10-8,CC1=C(C)CCCC1,C8H14,110.19676,409.841,NIST
"1,2-dimethyl-4-(2,4,4-trimethylpentan-2-yl)benzene",'13384-13-9,Cc1ccc(C(C)(C)CC(C)(C)C)cc1C,C16H26,218.37764,551.377,NIST
2-methylidenebutanoic acid,'3586-58-1,C=C(CC)C(=O)O,C5H8O2,100.11582,452.985,NIST
"2,6-dichloroaniline",'608-31-1,Nc1c(Cl)cccc1Cl,C6H5Cl2N,162.0166,522.863,NIST
"4,5-dimethylhex-2-ene",'73548-71-7,CC=CC(C)C(C)C,C8H16,112.21264,382.926,NIST
xenon,'7440-63-3,[Xe],Xe,131.293,,DIPPR
(hexyloxy)benzene,'1132-66-7,CCCCCCOc1ccccc1,C12H18O,178.27072,517.61,NIST
"pentadecane-1,15-diol",'14722-40-8,OCCCCCCCCCCCCCCCO,C15H32O2,244.41338,645.372,NIST
"2,4-dimethylpentan-2-yl 2-methylpropanoate",'245658-38-2,CC(C)CC(C)(C)OC(=O)C(C)C,C11H22O2,186.29118,463.289,NIST
"1-(but-2-en-2-yl)-3,5-dimethylbenzene",,CC=C(C)c1cc(C)cc(C)c1,C12H16,160.25544,519.064,NIST
2-propylhexan-1-amine,'857818-18-9,CCCCC(CN)CCC,C9H21N,143.26974,457.727,NIST
2-(but-1-en-1-yl)-4-methyl-1-(propan-2-yl)benzene,'861573-54-8,CCC=Cc1cc(C)ccc1C(C)C,C14H20,188.3086,543.845,NIST
2-methylnon-3-en-5-one,'3132-14-7,CCCCC(=O)C=CC(C)C,C10H18O,154.24932,486.255,NIST
ethyl phenylcarbamate,'101-99-5,CCOC(O)=Nc1ccccc1,C9H11NO2,165.18914,550.688,NIST
"4,5-dimethylfuran-2-carbaldehyde",'52480-43-0,Cc1cc(C=O)oc1C,C7H8O2,124.13722,480.296,NIST
"tricyclo(9.2.2.14,8)hexadeca-4,6,8(16),11,13,14-hexaene",'5385-36-4,c1cc2cc(c1)CCc1ccc(cc1)CC2,C16H16,208.29824,587.225,NIST
"2,3,6-trifluoroaniline",'67815-56-9,Nc1c(F)ccc(F)c1F,C6H4F3N,147.0978696,434.635,NIST
phenoxyacetic acid,'122-59-8,O=C(O)COc1ccccc1,C8H8O3,152.14732,542.639,NIST
"trans-5-ethoxy-2-(1-methylethyl)-1,3-dioxane",'111682-64-5,CCO[C@H]1CO[C@H](C(C)C)OC1,C9H18O3,174.23742,469.765,NIST
"3,3,4,4,5,5,6,6,7,7,8,8,8-tridecafluorooctyl alaninate",'906421-26-9,CC(N)C(=O)OCCC(F)(F)C(F)(F)C(F)(F)C(F)(F)C(F)(F)C(F)(F)F,C11H10F13NO2,435.1818416,494.328,NIST
"(Z)-1,2-dichloroethene",'156-59-2,Cl/C=C\Cl,C2H2Cl2,96.94328,,DIPPR
methyl alpha-D-mannopyranoside,'617-04-9,CO[C@H]1O[C@H](CO)[C@@H](O)[C@H](O)[C@@H]1O,C7H14O6,194.18246,626.88,NIST
"2,2,3-triethylbutanedioic acid",'2103-18-6,CCC(C(=O)O)C(CC)(CC)C(=O)O,C10H18O4,202.24752,587.052,NIST
2-ethylhex-2-enoic acid,'5309-52-4,CCCC=C(CC)C(=O)O,C8H14O2,142.19556,508.719,NIST
"2,4-dimethyl-1-(2-methylpropyl)benzene",'57834-94-3,Cc1ccc(CC(C)C)c(C)c1,C12H18,162.27132,491.0,NIST
"2,2,3,6-tetramethylheptan-3-ol",'106593-59-3,CC(C)CCC(C)(O)C(C)(C)C,C11H24O,172.30766,474.377,NIST
"bis(2-methylbutyl)benzene-1,3-dicarboxylate",'75151-03-0,CCC(C)COC(=O)c1cccc(C(=O)OCC(C)CC)c1,C18H26O4,306.39664,645.181,NIST
"1,1,1,2,2,3,3,5,5,5-decafluoro-4-methoxy-4-(trifluoromethyl)pentane",'67752-61-8,COC(C(F)(F)F)(C(F)(F)F)C(F)(F)C(F)(F)C(F)(F)F,C7H3F13O,350.0773616,375.364,NIST
"(hepta-1,2-dien-1-yl)benzene",'13633-28-8,CCCCC=C=Cc1ccccc1,C13H16,172.26614,533.18,NIST
"1,3-dimethylcyclohexan-1-ol",'55539-04-3,CC1CCCC(C)(O)C1,C8H16O,128.21204,444.583,NIST
1-bromonaphthalene-2-carboxylic acid,'20717-79-7,O=C(O)c1ccc2ccccc2c1Br,C11H7BrO2,251.07608,700.687,NIST
"trans-2,4-dimethyl-2-(2-methylpropyl)-1,3-dioxane",'28894-66-8,CC(C)C[C@@]1(C)OCC[C@H](C)O1,C10H20O2,172.2646,467.226,NIST
"6-ethyl-2,4-dimethyldecanoic acid",'100962-87-6,CCCCC(CC)CC(C)CC(C)C(=O)O,C14H28O2,228.37092,573.988,NIST
2-(acetyloxy)benzoic acid,'50-78-2,CC(=O)Oc1ccccc1C(=O)O,C9H8O4,180.15742,,DIPPR
5-nitro-2H-tetrazole,'55011-46-6,O=[N+]([O-])c1nn[nH]n1,CHN5O2,115.05094,597.832,NIST
"propane-1,3-diyl diacetate",'628-66-0,CC(=O)OCCCOC(C)=O,C7H12O4,160.16778,456.194,NIST
"2,2,2-trifluoroethyl butanoate",'371-27-7,CCCC(=O)OCC(F)(F)F,C6H9F3O2,170.1296696,385.126,NIST
3-methyldecan-2-one,'1534-13-0,CCCCCCCC(C)C(C)=O,C11H22O,170.29178,503.404,NIST
(4-(3-cyclopentylpropyl)dodecyl)cyclopentane,'7225-68-5,CCCCCCCCC(CCCC1CCCC1)CCCC1CCCC1,C25H48,348.64862,674.24,NIST
"(1Z)-1-ethoxy-3,3-dimethylbut-1-ene",'18951-57-0,CCO/C=C\C(C)(C)C,C8H16O,128.21204,412.357,NIST
docosan-1-ol,'661-19-8,CCCCCCCCCCCCCCCCCCCCCCO,C22H46O,326.60004,,DIPPR
2-(morpholin-4-yl)ethan-1-ol,'622-40-2,OCCN1CCOCC1,C6H13NO2,131.17292,,DIPPR
2-iodopropane,'75-30-9,CC(C)I,C3H7I,169.99215,,DIPPR
"1,1':2',1''-tercyclohexane",'2456-43-1,C1CCC(C2CCCCC2C2CCCCC2)CC1,C18H32,248.44668,609.587,NIST
oct-2-enoic acid,'1470-50-4,CCCCCC=CC(=O)O,C8H14O2,142.19556,518.17,NIST
"N,N,N',N'-tetramethylurea",'632-22-4,CN(C)C(=O)N(C)C,C5H12N2O,116.16158,462.228,NIST
hex-2-ulose,'3615-56-3,O=C(CO)[C@H](O)[C@@H](O)[C@H](O)CO,C6H12O6,180.15588,649.431,NIST
3-fluorobenzonitrile,'403-54-3,N#Cc1cccc(F)c1,C7H4FN,121.1117632,457.799,NIST
"2,5,9-trimethyl-7H-furo(3,2-g)(1)benzopyran-7-one",'3902-71-4,Cc1cc2cc3c(C)cc(=O)oc3c(C)c2o1,C14H12O3,228.24328,678.923,NIST
1-ethoxy-2-methoxyethane,'5137-45-1,CCOCCOC,C5H12O2,104.14758,360.807,NIST
2-methylphenol,'95-48-7,Cc1ccccc1O,C7H8O,108.13782,,DIPPR
"2-bromo-1,3-dimethylbenzene",'576-22-7,Cc1cccc(C)c1Br,C8H9Br,185.06106,479.058,NIST
"1,1,2,2-tetrachloro-1,2-difluoroethane",'76-12-0,FC(Cl)(Cl)C(F)(Cl)Cl,C2Cl4F2,203.8302064,,DIPPR
"3,9-diethylundecan-6-ol",'101082-13-7,CCC(CC)CCC(O)CCC(CC)CC,C15H32O,228.41398,555.254,NIST
tetradecyl prop-2-enoate,'21643-42-5,C=CC(=O)OCCCCCCCCCCCCCC,C17H32O2,268.43478,605.858,NIST
"5-nitro-1,10-phenanthroline",'4199-88-6,O=[N+]([O-])c1cc2cccnc2c2ncccc12,C12H7N3O2,225.20288,684.447,NIST
"2,2'-azanediyldi(ethan-1-ol)",'111-42-2,OCCNCCO,C4H11NO2,105.13564,,DIPPR
"1-(2,5-dimethylphenyl)ethan-1-one",'2142-73-6,CC(=O)c1cc(C)ccc1C,C10H12O,148.20168,500.503,NIST
"9,10-dihydro-9,10-epidioxyanthracene",'220-42-8,c1ccc2c(c1)C1OOC2c2ccccc21,C14H10O2,210.228,596.017,NIST
2-methylbut-3-yn-2-ol,'115-19-5,C#CC(C)(C)O,C5H8O,84.11642,377.193,NIST
2-chlorofuran,'3187-94-8,Clc1ccco1,C4H3ClO,102.51902,351.358,NIST
1-(2-methoxyprop-2-en-1-yl)-3-methylbenzene,'91460-60-5,C=C(Cc1cccc(C)c1)OC,C11H14O,162.22826,507.552,NIST
"3,5-dimethylhexan-1-ol",'13501-73-0,CC(C)CC(C)CCO,C8H18O,130.22792,455.489,NIST
"1,3,5-tri-tert-butylbenzene",'1460-02-2,CC(C)(C)c1cc(C(C)(C)C)cc(C(C)(C)C)c1,C18H30,246.4308,527.288,NIST
"5-nitro-2-benzofuran-1,3-dione",'5466-84-2,O=C1OC(=O)c2cc([N+](=O)[O-])ccc21,C8H3NO5,193.11312,650.635,NIST
"2-methyl-5-nitrobenzene-1,3-dicarboxylic acid",'59229-71-9,Cc1c(C(=O)O)cc([N+](=O)[O-])cc1C(=O)O,C9H7NO6,225.15498,659.626,NIST
"(1R,2S,4R)-1,7,7-trimethylbicyclo(2.2.1)hept-2-yl acetate",'76-49-3,CC(=O)O[C@H]1C[C@@H]2CC[C@]1(C)C2(C)C,C12H20O2,196.286,500.813,NIST
"4H-1,2,4-triazole-3,4,5-triamine",'473-96-1,N=c1[nH][nH]c(=N)n1N,C2H6N6,114.10924,690.824,NIST
"1-tert-butyl-4-methyl-2,6,7-trioxabicyclo(2.2.2)octane",'173729-59-4,CC12COC(C(C)(C)C)(OC1)OC2,C10H18O3,186.24812,476.377,NIST
"2-(propan-2-ylidene)-1,1-dipropylhydrazine",'76754-43-3,CCCN(CCC)N=C(C)C,C9H20N2,156.2685,457.671,NIST
"trans-2-(1,1-dimethylethyl)-5-methoxy-1,3-dithiane",'68449-88-7,CO[C@H]1CS[C@H](C(C)(C)C)SC1,C9H18OS2,206.36862,541.767,NIST
4-chlorobut-2-enenitrile,'27130-43-4,N#CC=CCCl,C4H4ClN,101.53426,447.252,NIST
"1,4-bis(1,1-diethoxyethyl)benzene",'47189-08-2,CCOC(C)(OCC)c1ccc(C(C)(OCC)OCC)cc1,C18H30O4,310.4284,583.834,NIST
dipropan-2-yl propanedioate,'13195-64-7,CC(C)OC(=O)CC(=O)OC(C)C,C9H16O4,188.22094,480.653,NIST
"1,1,3,3,5-pentamethylcyclohexane",'70810-19-4,CC1CC(C)(C)CC(C)(C)C1,C11H22,154.29238,440.04,NIST
bicyclo(2.2.1)hept-5-en-2-one,'16620-79-4,O=C1CC2C=C[C@H]1C2,C7H8O,108.13782,429.055,NIST
2-phenylpropan-1-ol,'1123-85-9,CC(CO)c1ccccc1,C9H12O,136.19098,496.502,NIST
"3-(propan-2-yl)-1,1'-biphenyl",'20282-30-8,CC(C)c1cccc(-c2ccccc2)c1,C15H16,196.28754,566.489,NIST
"2,2,8,8-tetramethyl-1,3,7,9-tetraoxacyclododecane",'53759-20-9,CC1(C)OCCCOC(C)(C)OCCCO1,C12H24O4,232.31656,533.661,NIST
"dimethyl naphthalene-2,6-dicarboxylate",'840-65-3,COC(=O)c1ccc2cc(C(=O)OC)ccc2c1,C14H12O4,244.24268,,DIPPR
"1,3-dichloro-2-methylpropane",'616-19-3,CC(CCl)CCl,C4H8Cl2,127.01232,410.205,NIST
2-cyclohexyl-1-methyl-4-(propan-2-yl)benzene,'500787-79-1,Cc1ccc(C(C)C)cc1C1CCCCC1,C16H24,216.36176,555.956,NIST
"3-(octylsulfanyl)propane-1,2-diol",'54581-75-8,CCCCCCCCSCC(O)CO,C11H24O2S,220.37206,618.206,NIST
"4,5-dimethylnonane",'17302-23-7,CCCCC(C)C(C)CCC,C11H24,156.30826,455.117,NIST
"1,1,9,9-tetramethylcyclohexadecane",'42506-54-7,CC1(C)CCCCCCCC(C)(C)CCCCCCC1,C20H40,280.5316,589.531,NIST
2-methyloctane,'3221-61-2,CCCCCCC(C)C,C9H20,128.2551,,DIPPR
3-ethylhexan-3-ol,'597-76-2,CCCC(O)(CC)CC,C8H18O,130.22792,432.502,NIST
(pentachloroethyl)benzene,'706-93-4,ClC(Cl)(Cl)C(Cl)(Cl)c1ccccc1,C8H5Cl5,278.3903,539.6,NIST
2-ethylbutanoyl bromide,'26464-06-2,CCC(CC)C(=O)Br,C6H11BrO,179.05494,456.628,NIST
8-hexylpentadecane,'13475-75-7,CCCCCCCC(CCCCCC)CCCCCCC,C21H44,296.57406,624.143,NIST
3-nitropent-2-ene,'6065-18-5,CC=C(CC)[N+](=O)[O-],C5H9NO2,115.13046,438.335,NIST
3-methyl-1-(3-methylbutoxy)but-2-ene,'22094-03-7,CC(C)=CCOCCC(C)C,C10H20O,156.2652,452.881,NIST
"1,3,5,7-tetramethyl-2,4,6,8,9,10-hexathiatricyclo(3.3.1.13,7)decane",'6327-74-8,CC12SC3(C)SC(C)(S1)SC(C)(S2)S3,C8H12S6,300.57088,669.79,NIST
(1-methylcyclopropyl)benzene,'2214-14-4,CC1(c2ccccc2)CC1,C10H12,132.20228,448.982,NIST
4-methylpentanenitrile,'542-54-1,CC(C)CCC#N,C6H11N,97.15824,428.056,NIST
nonadecylcyclohexane,'22349-03-7,CCCCCCCCCCCCCCCCCCCC1CCCCC1,C25H50,350.6645,674.785,NIST
ethyl prop-2-ynoate,'623-47-2,C#CC(=O)OCC,C5H6O2,98.09994,392.627,NIST
(nitromethyl)benzene,'622-42-4,O=[N+]([O-])Cc1ccccc1,C7H7NO2,137.13598,510.467,NIST
"3,3'-dichloro(1,1'-biphenyl)-4,4'-diamine",'91-94-1,Nc1ccc(-c2ccc(N)c(Cl)c2)cc1Cl,C12H10Cl2N2,253.1272,701.069,NIST
beta-naphthaldehyde,'66-99-9,O=Cc1ccc2ccccc2c1,C11H8O,156.18062,568.075,NIST
dimethylcarbamyl chloride,'79-44-7,CN(C)C(=O)Cl,C3H6ClNO,107.53884,427.249,NIST
"6-ethyl-1,1,2-trimethyl-2,3-dihydro-1H-indene",'66325-37-9,CCc1ccc2c(c1)C(C)(C)C(C)C2,C14H20,188.3086,529.749,NIST
spiro(4.4)nonane,'175-93-9,C1CCC2(C1)CCCC2,C9H16,124.22334,430.402,NIST
(2E)-octadec-2-ene,'7206-18-0,C/C=C/CCCCCCCCCCCCCCC,C18H36,252.47844,584.09,NIST
3-nitrohexane,'7286-40-0,CCCC(CC)[N+](=O)[O-],C6H13NO2,131.17292,455.969,NIST
"3-tert-butyl-5-chloro-6-methylpyrimidine-2,4(1H,3H)-dione",'5902-51-2,Cc1nc(O)n(C(C)(C)C)c(=O)c1Cl,C9H13ClN2O2,216.66472,607.23,NIST
"1,1'-methylenebis(2-isocyanatobenzene)",2536-05-0200:00:00,O=C=Nc1ccccc1Cc1ccccc1N=C=O,C15H10N2O2,250.2521,670.846,NIST
p-chlorobenzotrifluoride,'98-56-6,FC(F)(F)c1ccc(Cl)cc1,C7H4ClF3,180.5548696,,DIPPR
4-methyl-2-propylpentanal,'91526-42-0,CCCC(C=O)CC(C)C,C9H18O,142.23862,450.75,NIST
"4,4'-bipyridine",'553-26-4,c1cc(-c2ccncc2)ccn1,C10H8N2,156.18392,559.355,NIST
(2-methylhexan-3-yl)benzene,'24000-17-7,CCCC(c1ccccc1)C(C)C,C13H20,176.2979,495.752,NIST
14-methylpentadecanoic acid,4669-02-0700:00:00,CC(C)CCCCCCCCCCCCC(=O)O,C16H32O2,256.42408,603.544,NIST
"3-chloro-2,2,3-trimethylpentane",'918-09-2,CC[C@@](C)(Cl)C(C)(C)C,C8H17Cl,148.67358,439.051,NIST
"5-ethyl-5-methylimidazolidine-2,4-dione",'5394-36-5,CCC1(C)N=C(O)N=C1O,C6H10N2O2,142.1558,600.981,NIST
"2,2,3,5,5-pentamethylhexan-3-ol",'91337-12-1,CC(C)(C)CC(C)(O)C(C)(C)C,C11H24O,172.30766,471.812,NIST
"6,6-dimethyl-2-(3-phenylpropyl)bicyclo(3.1.1)hept-2-ene",'627908-82-1,CC1(C)C2CC=C(CCCc3ccccc3)C1C2,C18H24,240.38316,582.215,NIST
"4,6-dimethylpyrimidine",'1558-17-4,Cc1cc(C)ncn1,C6H8N2,108.14112,432.138,NIST
(benzyloxy)benzene,'946-80-5,c1ccc(COc2ccccc2)cc1,C13H12O,184.23378,558.181,NIST
"hexadeca-2,4-diene",'855903-99-0,CC=CC=CCCCCCCCCCCC,C16H30,222.4094,561.91,NIST
methyl 5-methylheptanoate,'89986-46-9,CCC(C)CCCC(=O)OC,C9H18O2,158.23802,464.328,NIST
"1,1,1,2,2,3,4,4,5,5,5-undecafluoro-3-(trifluoromethyl)pentane",'865-71-4,FC(F)(F)C(F)(F)C(F)(C(F)(F)F)C(F)(F)C(F)(F)F,C6F14,338.0418448,331.351,NIST
tetradecan-6-ol,'6836-39-1,CCCCCCCCC(O)CCCCC,C14H30O,214.3874,560.909,NIST
hexadec-1-ene,'629-73-2,C=CCCCCCCCCCCCCCC,C16H32,224.42528,,DIPPR
"N,N-diethyloctan-1-amine",'4088-37-3,CCCCCCCCN(CC)CC,C12H27N,185.34948,515.02,NIST
"1,4-diethyl-2,5-dimethylbenzene",'39144-22-4,CCc1cc(C)c(CC)cc1C,C12H18,162.27132,508.899,NIST
3-ethyl-4-methylhex-3-ene,'50787-13-8,CCC(C)=C(CC)CC,C9H18,126.23922,424.272,NIST
1-methyl-2-(3-methylbutyl)cyclohexane,'100395-81-1,CC(C)CCC1CCCCC1C,C12H24,168.31896,478.848,NIST
"butyl 2,4,6-trimethylbenzoate",'70116-77-7,CCCCOC(=O)c1c(C)cc(C)cc1C,C14H20O2,220.3074,557.511,NIST
"N,N-dimethylhex-5-en-1-amine",'52254-56-5,C=CCCCCN(C)C,C8H17N,127.22728,409.646,NIST
1-(2-methylpropyl)-1H-indene,'66325-87-9,CC(C)CC1C=Cc2ccccc21,C13H16,172.26614,523.053,NIST
"4-tert-butyl-2,4-dimethylheptane",'875246-97-2,CCCC(C)(CC(C)C)C(C)(C)C,C13H28,184.36142,479.785,NIST
1-bromo-3-chlorobenzene,'108-37-2,Clc1cccc(Br)c1,C6H4BrCl,191.45296,469.005,NIST
"2,2,4,4-tetramethylcyclobutane-1,3-diol",'3010-96-6,CC1(C)C(O)C(C)(C)C1O,C8H16O2,144.21144,,DIPPR
"3-(2-hydroxyethyl)-1,3-oxazolidin-2-one",'3356-88-5,O=C1OCCN1CCO,C5H9NO3,131.12986,605.772,NIST
"2,3-dimethyloxirane",'3266-23-7,CC1OC1C,C4H8O,72.10572,329.125,NIST
(ethylsulfanyl)benzene,'622-38-8,CCSc1ccccc1,C8H10S,138.23,479.797,NIST
hydrogen fluoride,'7664-39-3,F,HF,20.0063432,293.007,NIST
"1,2,4,5-tetrachlorobenzene",'95-94-3,Clc1cc(Cl)c(Cl)cc1Cl,C6H2Cl4,215.89208,520.074,NIST
4-phenyloxane,'20638-52-2,c1ccc(C2CCOCC2)cc1,C11H14O,162.22826,516.149,NIST
"2-methoxy-1,3-dioxolane",'19693-75-5,COC1OCCO1,C4H8O3,104.10452,403.004,NIST
"heptane-1,7-diol",'629-30-1,OCCCCCCCO,C7H16O2,132.20074,541.102,NIST
"1,1'-(3-ethyl-3-methylpent-1-ene-1,2-diyl)dibenzene",,CCC(C)(CC)C(=Cc1ccccc1)c1ccccc1,C20H24,264.40456,631.534,NIST
1-(butan-2-yl)-3-ethenylbenzene,'858805-64-8,C=Cc1cccc(C(C)CC)c1,C12H16,160.25544,499.124,NIST
benzo(f)isoquinoline,'229-67-4,c1ccc2c(c1)ccc1cnccc12,C13H9N,179.21726,625.066,NIST
methyl dodecanoate,'111-82-0,CCCCCCCCCCCC(=O)OC,C13H26O2,214.34434,,DIPPR
"2,2,5-trimethylhexane",'3522-94-9,CC(C)CCC(C)(C)C,C9H20,128.2551,397.173,NIST
"3,5-dinitrophenol",'586-11-8,O=[N+]([O-])c1cc(O)cc([N+](=O)[O-])c1,C6H4N2O5,184.10636,610.212,NIST
"pyridine-2,6-diamine",'141-86-6,N=c1cccc(N)[nH]1,C5H7N3,109.12918,526.864,NIST
3-ethynylnon-1-en-4-ol,'10545-02-5,C#CC(C=C)C(O)CCCCC,C11H18O,166.26002,492.87,NIST
"N,N-dimethyldodecan-1-amine",'112-18-5,CCCCCCCCCCCCN(C)C,C14H31N,213.40264,535.428,NIST
"4-chloro-1,1'-biphenyl",'2051-62-9,Clc1ccc(-c2ccccc2)cc1,C12H9Cl,188.65286,569.668,NIST
"1-(5-phenyl-1,2-oxazol-3-yl)ethan-1-one",'7063-98-1,CC(=O)c1cc(-c2ccccc2)on1,C11H9NO2,187.19466,598.026,NIST
"1,3-dipropylbenzene",'17171-72-1,CCCc1cccc(CCC)c1,C12H18,162.27132,489.66,NIST
1-methyl-2-(prop-1-en-2-yl)cyclopent-1-ene,'871898-70-3,C=C(C)C1=C(C)CCC1,C9H14,122.20746,429.136,NIST
2-hydroxy-2-methylpropanamide,'13027-88-8,CC(C)(O)C(=N)O,C4H9NO2,103.11976,,DIPPR
"2,2,2-trifluoro-1-phenylethan-1-one",'434-45-7,O=C(c1ccccc1)C(F)(F)F,C8H5F3O,174.1199096,426.956,NIST
methyl alpha-D-galactopyranoside,'3396-99-4,CO[C@H]1O[C@H](CO)[C@H](O)[C@H](O)[C@H]1O,C7H14O6,194.18246,627.158,NIST
"5-tert-butyl-2-(dec-1-en-1-yl)-1,3-dimethylbenzene",'859742-95-3,CCCCCCCCC=Cc1c(C)cc(C(C)(C)C)cc1C,C22H36,300.52124,652.052,NIST
1-methyl-4-(propan-2-yl)-7-oxabicyclo(2.2.1)heptane,'470-67-7,CC(C)C12CCC(C)(CC1)O2,C10H18O,154.24932,448.142,NIST
(E)-1-(4-butoxyphenyl)-N-(4-(hexyloxy)phenyl)methanimine,'104945-39-3,CCCCCCOc1ccc(/N=C/c2ccc(OCCCC)cc2)cc1,C23H31NO2,353.49774,702.019,NIST
N-ethyl-N-phenylnitrous amide,'612-64-6,CCN(N=O)c1ccccc1,C8H10N2O,150.1778,538.082,NIST
(2E)-3-chlorobut-2-enoic acid,'6214-28-4,C/C(Cl)=C\C(=O)O,C4H5ClO2,120.5343,479.699,NIST
(1-methoxyethyl)benzene,'4013-34-7,COC(C)c1ccccc1,C9H12O,136.19098,458.672,NIST
methyl 2-methyldecanoate,'29619-64-5,CCCCCCCCC(C)C(=O)OC,C12H24O2,200.31776,513.334,NIST
"1,2,4,5-tetra-tert-butylbenzene",'796-97-4,CC(C)(C)c1cc(C(C)(C)C)c(C(C)(C)C)cc1C(C)(C)C,C22H38,302.53712,594.811,NIST
"1,3,5-trichloro-2,4,6-trifluorobenzene",'319-88-0,Fc1c(Cl)c(F)c(Cl)c(F)c1Cl,C6Cl3F3,235.4184096,471.888,NIST
4-ethyl-2-methylhexan-3-ol,'33943-21-4,CCC(CC)C(O)C(C)C,C9H20O,144.2545,452.679,NIST
(benzylsulfanyl)benzene,'831-91-4,c1ccc(CSc2ccccc2)cc1,C13H12S,200.29938,593.115,NIST
ethyl 1H-pyrrole-2-carboxylate,'2199-43-1,CCOC(=O)c1ccc[nH]1,C7H9NO2,139.15186,505.679,NIST
1-bromo-4-(trifluoromethyl)benzene,'402-43-7,FC(F)(F)c1ccc(Br)cc1,C7H4BrF3,225.0058696,414.915,NIST
3-ethoxyaniline,'621-33-0,CCOc1cccc(N)c1,C8H11NO,137.17904,511.899,NIST
"1,6,7,9a-tetrahydro-4H-quinolizine",'1004-92-8,C1=CC2CC=CCN2CC1,C9H13N,135.20622,473.633,NIST
"3-bromo-1,2-dichlorobut-1-ene",'1573-54-2,CC(Br)C(Cl)=CCl,C4H5BrCl2,203.8925,448.298,NIST
1-heptylcyclopent-1-ene,4292-03-0600:00:00,CCCCCCCC1=CCCC1,C12H22,166.30308,491.98,NIST
"1,3-didecylbenzene",'55191-38-3,CCCCCCCCCCc1cccc(CCCCCCCCCC)c1,C26H46,358.64344,657.721,NIST
"4'-propoxy(1,1'-biphenyl)-4-carbonitrile",'52709-86-1,CCCOc1ccc(-c2ccc(C#N)cc2)cc1,C16H15NO,237.2964,653.283,NIST
"5,5-dimethylcyclohexane-1,3-dione",'126-81-8,CC1(C)CC(=O)CC(=O)C1,C8H12O2,140.17968,541.675,NIST
"2-methylpropane-1,2-diamine",'811-93-8,CC(C)(N)CN,C4H12N2,88.15148,402.664,NIST
"3',4'-dihydro-1'H-spiro(cyclohexane-1,2'-naphthalene)",'856645-48-2,c1ccc2c(c1)CCC1(CCCCC1)C2,C15H20,200.3193,584.079,NIST
4-propyloctane,'17302-13-5,CCCCC(CCC)CCC,C11H24,156.30826,457.242,NIST
"pentadecane-1,5,11,14-tetrol",'13687-00-8,CC(O)CCC(O)CCCCCC(O)CCCCO,C15H32O4,276.41218,699.89,NIST
(3Z)-2-methyloct-3-en-2-ol,'18521-07-8,CCCC/C=C\C(C)(C)O,C9H18O,142.23862,450.687,NIST
11-butyldocosane,'13475-76-8,CCCCCCCCCCCC(CCCC)CCCCCCCCCC,C26H54,366.70696,674.541,NIST
"(3S,6S)-3,6-dimethyl-1,4-dioxane-2,5-dione",'4511-42-6,C[C@@H]1OC(=O)[C@H](C)OC1=O,C6H8O4,144.12532,577.834,NIST
"2,5-dimethylpyrazine",'123-32-0,Cc1cnc(C)cn1,C6H8N2,108.14112,424.974,NIST
8-bromo-2-chloro-6-ethylquinoline,'92243-86-2,CCc1cc(Br)c2nc(Cl)ccc2c1,C11H9BrClN,270.55286,597.051,NIST
(S)-2-aminooctane,'34566-04-6,CCCCCC[C@H](C)N,C8H19N,129.24316,436.79,NIST
"N,N-diethylbutan-1-amine",'4444-68-2,CCCCN(CC)CC,C8H19N,129.24316,409.131,NIST
(R)-4-pentyn-2-ol,'159407-28-0,C#CC[C@@H](C)O,C5H8O,84.11642,398.757,NIST
(butylsulfanyl)benzene,'1126-80-3,CCCCSc1ccccc1,C10H14S,166.28316,525.544,NIST
azetidine,'503-29-7,C1CNC1,C3H7N,57.09438,332.4,NIST
1-methoxyoctane,'929-56-6,CCCCCCCCOC,C9H20O,144.2545,446.259,NIST
2-pentylnonan-1-ol,'5333-48-2,CCCCCCCC(CO)CCCCC,C14H30O,214.3874,556.777,NIST
ethyl 2-propylheptanoate,'104263-72-1,CCCCCC(CCC)C(=O)OCC,C12H24O2,200.31776,506.55,NIST
methyl tricosanoate,'2433-97-8,CCCCCCCCCCCCCCCCCCCCCCC(=O)OC,C24H48O2,368.63672,680.328,NIST
"(1S,2R,3S,4S)-1,2,3,4-tetramethylcyclopentane",'2532-69-6,C[C@@H]1[C@H](C)[C@@H](C)C[C@@H]1C,C9H18,126.23922,413.842,NIST
"(2,3-dimethylpentan-3-yl)benzene",'69719-07-9,CCC(C)(c1ccccc1)C(C)C,C13H20,176.2979,497.823,NIST
"2,3-dihydro-1H-isoindole",'496-12-8,c1ccc2c(c1)CNC2,C8H9N,119.16376,480.736,NIST
"3,4-dimethylthiophene",'632-15-5,Cc1cscc1C,C6H8S,112.19272,,DIPPR
(2-(2-(ethenyloxy)ethoxy)ethoxy)ethene,'764-99-8,C=COCCOCCOC=C,C8H14O3,158.19496,463.688,NIST
2-(methoxymethyl)oxirane,'930-37-0,COCC1CO1,C4H8O2,88.10512,384.56,NIST
1-vinyl-4-fluorobenzene,'405-99-2,C=Cc1ccc(F)cc1,C8H7F,122.1395832,413.607,NIST
"1,3-dimethylcyclobutane",'7411-24-7,CC1CC(C)C1,C6H12,84.15948,330.595,NIST
"4,4'-di(propan-2-yl)-1,1'-biphenyl",'18970-30-4,CC(C)c1ccc(-c2ccc(C(C)C)cc2)cc1,C18H22,238.36728,,DIPPR
trimethoxy(methyl)silane,'1185-55-3,CO[Si](C)(OC)OC,C4H12O3Si,136.22178,376.327,NIST
2-methyloctanoic acid,'3004-93-1,CCCCCCC(C)C(=O)O,C9H18O2,158.23802,,DIPPR
icosan-5-one,'87012-80-4,CCCCCCCCCCCCCCCC(=O)CCCC,C20H40O,296.531,637.409,NIST
"(4aR,4bS,8aR,10aR)-tetradecahydrophenanthrene",'27425-35-0,C1CC[C@@H]2[C@H](C1)CC[C@H]1CCCC[C@@H]12,C14H24,192.34036,544.858,NIST
((1Z)-but-1-en-1-yl)benzene,'1560-09-4,CC/C=C\c1ccccc1,C10H12,132.20228,468.8,NIST
undecan-2-yl butanoate,'55193-05-0,CCCCCCCCCC(C)OC(=O)CCC,C15H30O2,242.3975,554.981,NIST
"(3R,5R)-3,5-dimethylcyclohexanone",'7214-49-5,C[C@H]1CC(=O)C[C@H](C)C1,C8H14O,126.19616,471.075,NIST
"2,6,11,15-tetramethylhexadecane",'504-44-9,CC(C)CCCC(C)CCCCC(C)CCCC(C)C,C20H42,282.54748,594.046,NIST
"4-methylundecane-4,5-diol",'861322-60-3,CCCCCCC(O)C(C)(O)CCC,C12H26O2,202.33364,556.507,NIST
3-(trifluoromethoxy)aniline,'1535-73-5,Nc1cccc(OC(F)(F)F)c1,C7H6F3NO,177.1238496,472.473,NIST
"4-methyl-2,6-di(propan-2-yl)phenol",'20766-99-8,Cc1cc(C(C)C)c(O)c(C(C)C)c1,C13H20O,192.2973,545.555,NIST
propyl 3-hydroxybut-2-enoate,'196399-02-7,CCCOC(=O)C=C(C)O,C7H12O3,144.16838,493.054,NIST
"1,2,4,5-tetramethylcyclohexane",'2090-38-2,CC1CC(C)C(C)CC1C,C10H20,140.2658,440.268,NIST
"N,N-dideuteriomethanamine",'2614-35-9,[2H]N([2H])C,CH5N,33.06942356,268.118,NIST
tetrakis(methylsulfanyl)methane,'6156-25-8,CSC(SC)(SC)SC,C5H12S4,200.40878,556.107,NIST
benzyl phenylacetate,'102-16-9,O=C(Cc1ccccc1)OCc1ccccc1,C15H14O2,226.27046,600.542,NIST
1-methyl-4-(prop-1-en-1-yl)cyclohexane,'90975-90-9,CC=CC1CCC(C)CC1,C10H18,138.24992,447.136,NIST
ethyl methyl disulfide,'20333-39-5,CCSSC,C3H8S2,108.22562,,DIPPR
3-methylcyclohexan-1-ol,'591-23-1,CC1CCCC(O)C1,C7H14O,114.18546,444.693,NIST
"4-bromo-2-nitro-1,1'-biphenyl",'70873-41-5,O=[N+]([O-])c1cc(Br)ccc1-c1ccccc1,C12H8BrNO2,278.10142,639.195,NIST
"2,4-dichloro-1-nitrobenzene",'611-06-3,O=[N+]([O-])c1ccc(Cl)cc1Cl,C6H3Cl2NO2,191.99952,570.432,NIST
(prop-1-en-2-yl)cyclobutane,'3019-22-5,C=C(C)C1CCC1,C7H12,96.17018,379.257,NIST
"3,3-diethylcyclopent-1-ene",'1195612-59-9,CCC1(CC)C=CCC1,C9H16,124.22334,417.666,NIST
propyl undec-10-ynoate,'26509-60-4,C#CCCCCCCCCC(=O)OCCC,C14H24O2,224.33916,555.925,NIST
"penta-1,2-diene",'591-95-7,C=C=CCC,C5H8,68.11702,,DIPPR
3-methylbutan-2-one,'563-80-4,CC(=O)C(C)C,C5H10O,86.1323,,DIPPR
1-(1-propoxyethoxy)ethan-1-ol,,CCCOC(C)OC(C)O,C7H16O3,148.20014,463.443,NIST
(12-propylpentadec-1-en-1-yl)benzene,,CCCC(CCC)CCCCCCCCCC=Cc1ccccc1,C24H40,328.5744,670.418,NIST
"2,3-dihydro-1-benzofuran",'496-16-2,c1ccc2c(c1)CCO2,C8H8O,120.14852,466.278,NIST
ethenyl formate,'692-45-5,C=COC=O,C3H4O2,72.06266,,DIPPR
2-heptylnonan-1-ol,'25355-03-7,CCCCCCCC(CO)CCCCCCC,C16H34O,242.44056,587.94,NIST
(4S)-4-isopropenyl-1-methyl-1-cyclohexene,'5989-54-8,C=C(C)[C@@H]1CC=C(C)CC1,C10H16,136.23404,450.67,NIST
1-(prop-1-en-2-yl)cyclohex-1-ene,'6252-18-2,C=C(C)C1=CCCCC1,C9H14,122.20746,437.478,NIST
3-methylidenepentane,'760-21-4,C=C(CC)CC,C6H12,84.15948,337.811,NIST
"3,5-dimethyl-4-propyl-pyrrole-2-carboxylic acid ethyl ester",'4758-64-9,CCCc1c(C)[nH]c(C(=O)OCC)c1C,C12H19NO2,209.28476,587.175,NIST
"2-methylhexa-3,5-dien-2-ol",'926-38-5,C=CC=CC(C)(C)O,C7H12O,112.16958,439.979,NIST
prop-2-ene-1-thiol,'870-23-5,C=CCS,C3H6S,74.14474,343.637,NIST
"(1,1'-biphenyl)-2,2'-diol",'1806-29-7,Oc1ccccc1-c1ccccc1O,C12H10O2,186.2066,592.786,NIST
5-methyl-2-nitrobenzoic acid,'3113-72-2,Cc1ccc([N+](=O)[O-])c(C(=O)O)c1,C8H7NO4,181.14548,612.646,NIST
"1,1,10,10-tetramethylcyclooctadecane",'23014-56-4,CC1(C)CCCCCCCCC(C)(C)CCCCCCCC1,C22H44,308.58476,615.634,NIST
"3-tert-butyl-2,2-dimethyldecan-3-ol",'93314-37-5,CCCCCCCC(O)(C(C)(C)C)C(C)(C)C,C16H34O,242.44056,553.465,NIST
nonyl 4-aminobenzoate,'37139-21-2,CCCCCCCCCOC(=O)c1ccc(N)cc1,C16H25NO2,263.3752,646.899,NIST
"(2E)-2-(2,2-dimethylpropoxy)but-2-ene",'56544-09-3,C/C=C(\C)OCC(C)(C)C,C9H18O,142.23862,413.131,NIST
1-(cyclohex-1-en-1-yl)propan-1-one,'1655-03-4,CCC(=O)C1=CCCCC1,C9H14O,138.20686,491.16,NIST
3-methyloctanoic acid,6061-10-0500:00:00,CCCCCC(C)CC(=O)O,C9H18O2,158.23802,521.109,NIST
"(3,6-dimethylheptan-3-yl)cyclohexane",'861567-55-7,CCC(C)(CCC(C)C)C1CCCCC1,C15H30,210.3987,528.508,NIST
2-methylpropyl thiocyanate,'591-84-4,CC(C)CSC#N,C5H9NS,115.19666,448.543,NIST
"6-benzyl-1,2,3,4-tetrahydronaphthalene",'35310-85-1,c1ccc(Cc2ccc3c(c2)CCCC3)cc1,C17H18,222.32482,612.234,NIST
"pentane-1,5-diyl diacetate",'6963-44-6,CC(=O)OCCCCCOC(C)=O,C9H16O4,188.22094,517.169,NIST
"1-(4,4-dimethyl-3-methylidenepent-1-yn-1-yl)cyclohex-1-ene",'92298-86-7,C=C(C#CC1=CCCCC1)C(C)(C)C,C14H20,188.3086,516.951,NIST
"1,1,1,2,2,3,3,4,4,5,5,6,6,7,7,8,8,9,9,10,10,11,11,12,12-pentacosafluorooctadecane",'89109-70-6,CCCCCCC(F)(F)C(F)(F)C(F)(F)C(F)(F)C(F)(F)C(F)(F)C(F)(F)C(F)(F)C(F)(F)C(F)(F)C(F)(F)C(F)(F)F,C18H13F25,704.2559,548.89,NIST
N-(2-methylpropyl)butan-1-amine,'20810-06-4,CCCCNCC(C)C,C8H19N,129.24316,421.923,NIST
1-methyl-2-(propan-2-yl)naphthalene,'61994-26-1,Cc1c(C(C)C)ccc2ccccc12,C14H16,184.27684,554.18,NIST
"1,1-dichlorododecane",'62017-17-8,CCCCCCCCCCCC(Cl)Cl,C12H24Cl2,239.22496,539.883,NIST
"((1Z)-3,3-dimethylbut-1-en-1-yl)benzene",3740-05-0400:00:00,CC(C)(C)/C=C\c1ccccc1,C12H16,160.25544,485.131,NIST
3a-ethyl-7-methyl-5-(propan-2-yl)octahydro-1H-indene,,CCC12CCCC1C(C)CC(C(C)C)C2,C15H28,208.38282,512.339,NIST
"5-fluoro-2-(propan-2-yl)-1,3-dioxane",'28808-18-6,CC(C)[C@H]1OC[C@@H](F)CO1,C7H13FO2,148.1753232,426.869,NIST
thiophene-2-carbohydrazide,'2361-27-5,NNC(=O)c1cccs1,C5H6N2OS,142.17894,561.753,NIST
2-methyloct-3-yn-2-ol,'20599-16-0,CCCCC#CC(C)(C)O,C9H16O,140.22274,455.537,NIST
butyl chloroacetate,'590-02-3,CCCCOC(=O)CCl,C6H11ClO2,150.60334,452.411,NIST
"1,2,3-trichloro-2-methylpropane",'1871-58-5,CC(Cl)(CCl)CCl,C4H7Cl3,161.45738,435.398,NIST
(6S)-6-methyl-1-octanol,'110453-78-6,CC[C@H](C)CCCCCO,C9H20O,144.2545,476.832,NIST
benzeneperoxol,'36112-26-2,OOc1ccccc1,C6H6O2,110.11064,477.818,NIST
2-methylnonan-5-ol,'29843-62-7,CCCCC(O)CCC(C)C,C10H22O,158.28108,481.67,NIST
dodec-7-yn-6-one,'28884-88-0,CCCCC#CC(=O)CCCCC,C12H20O,180.2866,529.801,NIST
ethyl 2-cyano-3-methyl-2-(propan-2-yl)butanoate,'62391-95-1,CCOC(=O)C(C#N)(C(C)C)C(C)C,C11H19NO2,197.27406,526.112,NIST
"1,1,1,2,2,3,3,4,5,5,5-undecafluoro-4-(trifluoromethyl)pentane",'355-04-4,FC(F)(F)C(F)(F)C(F)(F)C(F)(C(F)(F)F)C(F)(F)F,C6F14,338.0418448,330.777,NIST
1-(butyldisulfanyl)butane,'629-45-8,CCCCSSCCCC,C8H18S2,178.35852,,DIPPR
propyl naphthalene-2-carboxylate,'3007-90-7,CCCOC(=O)c1ccc2ccccc2c1,C14H14O2,214.25976,637.468,NIST
"5-(propan-2-yl)-1,3-dioxan-2-ol",,CC(C)[C@H]1CO[C@@H](O)OC1,C7H14O3,146.18426,488.366,NIST
3-methyl-1H-pyrazole,'1453-58-3,Cc1cc[nH]n1,C4H6N2,82.10384,468.993,NIST
1-chloro-2-methylcyclopentane,'53501-51-2,CC1CCCC1Cl,C6H11Cl,118.60454,397.937,NIST
"hexane-3,4-diol",'922-17-8,CCC(O)C(O)CC,C6H14O2,118.17416,483.969,NIST
"2-ethyl-1,1'-bi(cyclohexane)",'66826-94-6,CCC1CCCCC1C1CCCCC1,C14H26,194.35624,541.072,NIST
"trans-1,3-dimethylcyclobutane",2398-10-0900:00:00,C[C@H]1C[C@H](C)C1,C6H12,84.15948,330.214,NIST
"2,5-dichlorofuran",'42587-83-7,Clc1ccc(Cl)o1,C4H2Cl2O,136.96408,422.771,NIST
4-fluorobenzoic acid,'456-22-4,O=C(O)c1ccc(F)cc1,C7H5FO2,140.1118032,524.288,NIST
bis(2-ethylhexyl)hydrogen phosphate,'298-07-7,CCCCC(CC)COP(=O)(O)OCC(CC)CCCC,C16H35O4P,322.420462,637.231,NIST
benzyl(dichloro)silane,'18173-99-4,Cl[SiH](Cl)Cc1ccccc1,C7H8Cl2Si,191.12992,467.489,NIST
furan,'110-00-9,c1ccoc1,C4H4O,68.07396,,DIPPR
propan-2-one,'67-64-1,CC(C)=O,C3H6O,58.07914,,DIPPR
"3,4-dibromoheptane",'21266-90-0,CCCC(Br)C(Br)CC,C7H14Br2,257.99406,478.455,NIST
ethyl 3-methylnonanoate,'86051-37-8,CCCCCCC(C)CC(=O)OCC,C12H24O2,200.31776,507.012,NIST
oxetan-3-amine,'21635-88-1,NC1COC1,C3H7NO,73.09378,394.554,NIST
"1,1'-(ethyne-1,2-diyl)dibenzene",'501-65-5,C(#Cc1ccccc1)c1ccccc1,C14H10,178.2292,,DIPPR
diphenylcyanamide,'27779-01-7,N#CN(c1ccccc1)c1ccccc1,C13H10N2,194.2319,627.619,NIST
"2,2,6,6-tetramethyl-4-methylideneheptane",'141-70-8,C=C(CC(C)(C)C)CC(C)(C)C,C12H24,168.31896,455.642,NIST
3-methylbicyclo(3.2.1)octane,'3673-74-3,CC1CC2CCC(C1)C2,C9H16,124.22334,421.613,NIST
5-butyl-2-methylphenol,'94134-86-8,CCCCc1ccc(C)c(O)c1,C11H16O,164.24414,522.819,NIST
"trans-1,2-diethylcyclopropane",'71032-66-1,CC[C@@H]1C[C@H]1CC,C7H14,98.18606,359.623,NIST
"pentane-1,5-dithiol",'928-98-3,SCCCCCS,C5H12S2,136.27878,486.234,NIST
4-(propan-2-yl)octan-4-ol,'875225-57-3,CCCCC(O)(CCC)C(C)C,C11H24O,172.30766,489.325,NIST
"2,2-bis((2-methylpropyl)sulfanyl)propan-1-ol",'13624-12-9,CC(C)CSC(C)(CO)SCC(C)C,C11H24OS2,236.43766,574.22,NIST
"N,N-dimethylpyridin-4-amine",'1122-58-3,CN(C)c1ccncc1,C7H10N2,122.1677,523.551,NIST
"2,2,3,4,4-pentamethylpentane",'16747-45-8,CC(C(C)(C)C)C(C)(C)C,C10H22,142.28168,432.428,NIST
ethyl 4-bromobutanoate,'2969-81-5,CCOC(=O)CCCBr,C6H11BrO2,195.05434,458.123,NIST
2-bromo-1-methoxy-4-(1-methoxyethyl)benzene,'94670-27-6,COc1ccc(C(C)OC)cc1Br,C10H13BrO2,245.11302,551.607,NIST
(prop-1-yn-1-yl)cyclopentane,'5623-79-0,CC#CC1CCCC1,C8H12,108.18088,410.198,NIST
"(1,1-dicyclohexyl-3-methylbutyl)benzene",'102544-03-6,CC(C)CC(c1ccccc1)(C1CCCCC1)C1CCCCC1,C23H36,312.53194,659.352,NIST
"2,6-dichloro-8-ethylquinolin-5-amine",'91192-90-4,CCc1cc(Cl)c(N)c2ccc(Cl)nc12,C11H10Cl2N2,241.1165,648.347,NIST
"2-ethyl-2-phenyl-5-(propan-2-yl)-1,3-dioxane",,CC[C@]1(c2ccccc2)OC[C@@H](C(C)C)CO1,C15H22O2,234.33398,562.561,NIST
2-ethylhexyl acetate,'103-09-3,CCCCC(CC)COC(C)=O,C10H20O2,172.2646,,DIPPR
4-ethoxyphenol,'622-62-8,CCOc1ccc(O)cc1,C8H10O2,138.1638,520.132,NIST
(prop-2-ene-1-sulfinyl)benzene,'19093-37-9,C=CCS(=O)c1ccccc1,C9H10OS,166.2401,603.822,NIST
9H-fluoren-2-amine,'153-78-6,Nc1ccc2c(c1)Cc1ccccc1-2,C13H11N,181.23314,633.782,NIST
iodoethene,'593-66-8,C=CI,C2H3I,153.94969,330.135,NIST
"gona-1,3,5(10),6,8-pentaene",'31301-56-1,c1ccc2c3c(ccc2c1)[C@@H]1CCC[C@H]1CC3,C17H18,222.32482,643.099,NIST
3-chloropropanoic acid,'107-94-8,O=C(O)CCCl,C3H5ClO2,108.5236,469.732,NIST
"3,6-dimethylheptan-1-ol",'1573-33-7,CC(C)CCC(C)CCO,C9H20O,144.2545,475.466,NIST
"1,2,3,5,6,7-hexahydronaphthalene",'53081-69-9,C1=C2CCCC=C2CCC1,C10H14,134.21816,469.368,NIST
"1-(2,6-dimethylphenyl)ethan-1-one",'2142-76-9,CC(=O)c1c(C)cccc1C,C10H12O,148.20168,494.581,NIST
"3,4-dimethylhexan-2-one",'19550-10-8,CCC(C)C(C)C(C)=O,C8H16O,128.21204,430.155,NIST
"N,N'-(1,2-diphenylethane-1,2-diylidene)dihydroxylamine",'23873-81-6,ON=C(C(=NO)c1ccccc1)c1ccccc1,C14H12N2O2,240.25728,687.908,NIST
"2-tert-butyl-1,1'-biphenyl",'65616-85-5,CC(C)(C)c1ccccc1-c1ccccc1,C16H18,210.31412,565.171,NIST
"1,1-dimethyl-4,6-di(propan-2-yl)-2,3-dihydro-1H-indene",'6682-65-1,CC(C)c1cc(C(C)C)c2c(c1)C(C)(C)CC2,C17H26,230.38834,577.652,NIST
"(3R,5R)-1,1,3,5-tetramethylcyclohexane",'50876-31-8,C[C@@H]1C[C@@H](C)CC(C)(C)C1,C10H20,140.2658,429.496,NIST
3-ethyloctan-4-ol,'19781-28-3,CCCCC(O)C(CC)CC,C10H22O,158.28108,484.46,NIST
"(5-methylhexa-1,3-dien-1-yl)benzene",'17697-67-5,CC(C)C=C/C=C/c1ccccc1,C13H16,172.26614,529.137,NIST
methyl bromoacetate,'96-32-2,COC(=O)CBr,C3H5BrO2,152.9746,414.349,NIST
"2,3,3a,4,5,9b-hexahydro-1H-cyclopenta(a)naphthalene",'7647-47-4,c1ccc2c(c1)CCC1CCCC21,C13H16,172.26614,555.428,NIST
1-(diphenylmethyl)-3-iodoazetidine,'125735-40-2,IC1CN(C(c2ccccc2)c2ccccc2)C1,C16H16IN,349.20941,641.921,NIST
"1-bromo-1-chloro-3,3-dimethylbutane",'53268-47-6,CC(C)(C)CC(Cl)Br,C6H12BrCl,199.51648,434.938,NIST
"hexacyclo(4.4.0.0(2,5).0(3,9).0(4,8).0(7,10))decane-1-carboxylic acid",'77861-14-4,O=C(O)C12C3C4C5C6C4C1C6C2C53,C11H10O2,174.1959,574.805,NIST
2-((butan-2-yl)disulfanyl)butane,'5943-30-6,CCC(C)SSC(C)CC,C8H18S2,178.35852,496.483,NIST
"1,2-difluorocyclopropane",'57137-41-4,F[C@@H]1C[C@@H]1F,C3H4F2,78.0606664,279.613,NIST
10-butyl-10-propylicosane,'55282-33-2,CCCCCCCCCCC(CCC)(CCCC)CCCCCCCCC,C27H56,380.73354,689.312,NIST
"(2alpha,3abeta,6abeta)-octahydro-2-methylpentalene",'1551-79-7,C[C@H]1C[C@H]2CCC[C@H]2C1,C9H16,124.22334,420.948,NIST
"1,2,7,8-tetrachloronaphthalene",'149864-82-4,Clc1ccc2ccc(Cl)c(Cl)c2c1Cl,C10H4Cl4,265.95076,612.695,NIST
methyl prop-2-enoate,'96-33-3,C=CC(=O)OC,C4H6O2,86.08924,,DIPPR
"5-(propan-2-yl)-2,3-dihydrofuran",'38614-10-7,CC(C)C1=CCCO1,C7H12O,112.16958,388.162,NIST
1-(difluoromethoxy)-4-((4-pentylphenyl)ethynyl)benzene,'137554-84-8,CCCCCc1ccc(C#Cc2ccc(OC(F)F)cc2)cc1,C20H20F2O,314.3690064,646.06,NIST
(2-methylbut-1-en-1-yl)benzene,'56253-64-6,CCC(C)=Cc1ccccc1,C11H14,146.22886,484.366,NIST
undecafluorohexanoyl chloride,'335-53-5,O=C(Cl)C(F)(F)C(F)(F)C(F)(F)C(F)(F)C(F)(F)F,C6ClF11O,332.4990352,359.023,NIST
"(2,6-dimethyl-4-(2-methylpropyl)heptan-4-yl)cyclohexane",'102181-12-4,CC(C)CC(CC(C)C)(CC(C)C)C1CCCCC1,C19H38,266.50502,577.633,NIST
heptyl hexanoate,'6976-72-3,CCCCCCCOC(=O)CCCCC,C13H26O2,214.34434,534.074,NIST
cyclobutyl acetate,'500033-42-1,CC(=O)OC1CCC1,C6H10O2,114.1424,404.13,NIST
3-hydroxy-3-methylbutan-2-one,'115-22-0,CC(=O)C(C)(C)O,C5H10O2,102.1317,420.386,NIST
"2-methylidene-1,1,3,3-tetrapropylcyclohexane",'859819-39-9,C=C1C(CCC)(CCC)CCCC1(CCC)CCC,C19H36,264.48914,576.623,NIST
(3-methylpent-2-en-1-yl)benzene,'75593-28-1,CCC(C)=CCc1ccccc1,C12H16,160.25544,507.051,NIST
3-methyl-2-(2-methylpropyl)-6-(propan-2-yl)phenol,'858848-21-2,Cc1ccc(C(C)C)c(O)c1CC(C)C,C14H22O,206.32388,560.7,NIST
N'-(4-bromo-3-chlorophenyl)-N-methoxy-N-methylurea,'13360-45-7,CON(C)C(O)=Nc1ccc(Br)c(Cl)c1,C9H10BrClN2O2,293.5449,684.45,NIST
"2,4-trans,4,5-cis-4,5-dimethyl-2-(1-methylethyl)-1,3-dioxolane",'29923-86-2,CC(C)[C@@H]1O[C@@H](C)[C@@H](C)O1,C8H16O2,144.21144,420.309,NIST
2-methylaziridine,'75-55-8,CC1CN1,C3H7N,57.09438,345.62,NIST
(3E)-5-ethylnon-3-en-2-one,'10137-90-3,CCCCC(/C=C/C(C)=O)CC,C11H20O,168.2759,504.491,NIST
dichlorosilane,'4109-96-0,Cl[SiH2]Cl,H2Cl2Si,101.00738,281.089,NIST
"heptane-2,6-dione",'13505-34-5,CC(=O)CCCC(C)=O,C7H12O2,128.16898,462.068,NIST
1-fluoroeicosane,'676-44-8,CCCCCCCCCCCCCCCCCCCCF,C20H41F,300.5379432,631.796,NIST
methyl 2-ethylbutanoate,'816-11-5,CCC(CC)C(=O)OC,C7H14O2,130.18486,407.263,NIST
2(R)-methyl-N-((2R)-2-methylbutyl)-1-butanamine,'627-81-6,CC[C@@H](C)CNC[C@H](C)CC,C10H23N,157.29632,459.648,NIST
(2-methylpentadecan-2-yl)benzene,'29138-94-1,CCCCCCCCCCCCCC(C)(C)c1ccccc1,C22H38,302.53712,637.982,NIST
"2,2,4-trimethyl-1,3-pentanediol diisobutyrate",'6846-50-0,CC(C)C(=O)OCC(C)(C)C(OC(=O)C(C)C)C(C)C,C16H30O4,286.407,,DIPPR
octane-d18,'17252-77-6,[2H]C([2H])([2H])C([2H])([2H])C([2H])([2H])C([2H])([2H])C([2H])([2H])C([2H])([2H])C([2H])([2H])C([2H])([2H])[2H],C8H18,132.339432,396.079,NIST
"((1E)-4-methylpenta-1,3-dien-1-yl)benzene",'39491-73-1,CC(C)=C/C=C/c1ccccc1,C12H14,158.23956,509.35,NIST
"3,5-dimethylbenzothiophene",'1964-45-0,Cc1ccc2scc(C)c2c1,C10H10S,162.2514,532.612,NIST
"2,2-dimethyldecyl acetate",'14250-84-1,CCCCCCCCC(C)(C)COC(C)=O,C14H28O2,228.37092,533.66,NIST
"1,3-dimethyl-5-(propan-2-yl)cyclohexa-1,3-diene",'91250-83-8,CC1=CC(C(C)C)CC(C)=C1,C11H18,150.26062,463.387,NIST
methyl 3-methyloctadecanoate,'45267-60-5,CCCCCCCCCCCCCCCC(C)CC(=O)OC,C20H40O2,312.5304,630.309,NIST
4-methyl-2-methylidene-1-(propan-2-yl)cyclohexane,'69036-37-9,C=C1CC(C)CCC1C(C)C,C11H20,152.2765,448.964,NIST
benzenecarbonyl cyanide,'613-90-1,N#CC(=O)c1ccccc1,C8H5NO,131.1314,523.716,NIST
"2-methyldeca-3,5-diyn-2-ol",'64290-43-3,CCCCC#CC#CC(C)(C)O,C11H16O,164.24414,530.255,NIST
"2-ethenyl-1,3-dimethylbenzene",'2039-90-9,C=Cc1c(C)cccc1C,C10H12,132.20228,458.365,NIST
"5,5-dimethyl-1,3-dioxane",'872-98-0,CC1(C)COCOC1,C6H12O2,116.15828,400.12,NIST
"ethyl N,N-dimethylglycinate",'33229-89-9,CCOC(=O)CN(C)C,C6H13NO2,131.17292,425.104,NIST
2-propylnaphthalene,'2027-19-2,CCCc1ccc2ccccc2c1,C13H14,170.25026,546.771,NIST
"1,2,3,4,5-pentafluoro-6-(trifluoromethyl)benzene",'434-64-0,Fc1c(F)c(F)c(C(F)(F)F)c(F)c1F,C7F8,236.0621256,377.701,NIST
"6-methyloctane-1,6-diol",'13175-25-2,CCC(C)(O)CCCCCO,C9H20O2,160.2539,524.69,NIST
(2-ethylhexyl)benzene,'5617-39-0,CCCCC(CC)Cc1ccccc1,C14H22,190.32448,538.704,NIST
"1,4-dichlorobuta-1,3-diyne",'51104-87-1,ClC#CC#CCl,C4Cl2,118.9488,425.704,NIST
diphenyl ethanedioate,'3155-16-6,O=C(Oc1ccccc1)C(=O)Oc1ccccc1,C14H10O4,242.2268,605.177,NIST
(propan-2-yl)cyclopentane,'3875-51-2,CC(C)C1CCCC1,C8H16,112.21264,,DIPPR
"1-benzyl-3,5-dimethylbenzene",'28122-27-2,Cc1cc(C)cc(Cc2ccccc2)c1,C15H16,196.28754,559.411,NIST
"(benzene-1,3,5-triyl)trimethanol",'4464-18-0,OCc1cc(CO)cc(CO)c1,C9H12O3,168.18978,599.273,NIST
"1,2-dibromo-4,4-dimethyloctane",'768403-69-6,CCCCC(C)(C)CC(Br)CBr,C10H20Br2,300.0738,530.386,NIST
"2,6-dimethylquinoline",'877-43-0,Cc1ccc2nc(C)ccc2c1,C11H11N,157.21174,541.218,NIST
"3-methylhexane-1,6-diol",'4089-71-8,CC(CCO)CCCO,C7H16O2,132.20074,545.42,NIST
"2,4-dimethylpent-2-ene",'625-65-0,CC(C)=CC(C)C,C7H14,98.18606,356.41,NIST
4-chloro-2-methylheptane,'2350-17-6,CCCC(Cl)CC(C)C,C8H17Cl,148.67358,427.593,NIST
2-(ethylsulfanyl)but-1-ene,'114232-60-9,C=C(CC)SCC,C6H12S,116.22448,407.097,NIST
(ethylperoxy)ethane,'628-37-5,CCOOCC,C4H10O2,90.121,319.198,NIST
"2,2-dimethylpentan-3-amine",'73153-81-8,CCC(N)C(C)(C)C,C7H17N,115.21658,401.129,NIST
"1,2-dimethyl-3-nitrobenzene",'83-41-0,Cc1cccc([N+](=O)[O-])c1C,C8H9NO2,151.16256,550.446,NIST
"1,1'-(propane-1,2-diyl)dicyclohexane",'41851-34-7,CC(CC1CCCCC1)C1CCCCC1,C15H28,208.38282,558.125,NIST
5-methyl-5-propyloctan-4-ol,'1823884-89-4,CCCC(O)C(C)(CCC)CCC,C12H26O,186.33424,498.373,NIST
nonadecan-1-ol,'1454-84-8,CCCCCCCCCCCCCCCCCCCO,C19H40O,284.5203,,DIPPR
2-chloro-5-methylphenol,'615-74-7,Cc1ccc(Cl)c(O)c1,C7H7ClO,142.58288,470.652,NIST
"2,5-dimethylfuran-3-carboxylic acid",'636-44-2,Cc1cc(C(=O)O)c(C)o1,C7H8O3,140.13662,520.771,NIST
"3-(tetradecylsulfanyl)propane-1,2-diol",'24724-31-0,CCCCCCCCCCCCCCSCC(O)CO,C17H36O2S,304.53154,688.923,NIST
2-methylhept-6-en-2-ol,'77437-98-0,C=CCCCC(C)(C)O,C8H16O,128.21204,435.329,NIST
1-(pent-2-en-3-yl)naphthalene,'3099-60-3,CC=C(CC)c1cccc2ccccc12,C15H16,196.28754,597.645,NIST
"3,5-dimethylheptan-2-one",'90676-41-8,CCC(C)CC(C)C(C)=O,C9H18O,142.23862,451.12,NIST
dotriacontafluoropentadecane,2264-03-0100:00:00,FC(F)(F)C(F)(F)C(F)(F)C(F)(F)C(F)(F)C(F)(F)C(F)(F)C(F)(F)C(F)(F)C(F)(F)C(F)(F)C(F)(F)C(F)(F)C(F)(F)C(F)(F)F,C15F32,788.1094024,501.799,NIST
tert-butyl methacrylate,'585-07-9,C=C(C)C(=O)OC(C)(C)C,C8H14O2,142.19556,,DIPPR
"3,4-dimethyl-1,2-oxazol-5-amine",'19947-75-2,Cc1noc(N)c1C,C5H8N2O,112.12982,500.004,NIST
"4-phenyl-1,3-dioxane",'772-00-9,c1ccc(C2CCOCO2)cc1,C10H12O2,164.20108,516.705,NIST
"trans-2-(1,1-dimethylethyl)-2-methyl-5-(1-methylethyl)-1,3-dioxane",,CC(C)[C@H]1CO[C@](C)(C(C)(C)C)OC1,C12H24O2,200.31776,490.609,NIST
"3-(2-adamantyl)-2,4-pentanedione",'136933-86-3,CC(=O)C(C(C)=O)C1C2CC3CC(C2)CC1C3,C15H22O2,234.33398,601.577,NIST
(3-ethylpentan-3-yl)benzene,'4170-84-7,CCC(CC)(CC)c1ccccc1,C13H20,176.2979,502.137,NIST
1-butoxypentane,'18636-66-3,CCCCCOCCCC,C9H20O,144.2545,436.139,NIST
hept-2-yne,'1119-65-9,CC#CCCCC,C7H12,96.17018,385.681,NIST
"ethane-1,2-diyl dipropanoate",'123-80-8,CCC(=O)OCCOC(=O)CC,C8H14O4,174.19436,487.484,NIST
"1,1,2,2-tetrafluoroethane",'359-35-3,FC(F)C(F)F,C2H2F4,102.0308928,,DIPPR
1-(2-phenylethyl)cyclopentan-1-ol,'53668-59-0,OC1(CCc2ccccc2)CCCC1,C13H18O,190.28142,550.878,NIST
2-(((2-methylhexan-2-yl)oxy)methyl)oxirane,'42426-07-3,CCCCC(C)(C)OCC1CO1,C10H20O2,172.2646,483.311,NIST
1-ethyl-2-methylcyclohex-1-ene,'19780-54-2,CCC1=C(C)CCCC1,C9H16,124.22334,430.137,NIST
fulvene,'497-20-1,C=C1C=CC=C1,C6H6,78.11184,332.093,NIST
trichloro((trichlorogermyl)methyl)silane,'39533-20-5,Cl[Si](Cl)(Cl)[CH2][Ge]([Cl])([Cl])[Cl],CH2Cl6GeSi,327.47008,481.079,NIST
(1Z)-1-methoxycyclotridec-1-ene,'78289-14-2,CO/C1=C\CCCCCCCCCCC1,C14H26O,210.35564,543.888,NIST
(2.2)paracyclophanediene,'6572-60-7,C1=C\c2ccc(cc2)/C=C\c2ccc/1cc2,C16H12,204.26648,631.805,NIST
"2-cyano-3-oxobutanoic acid, ethyl ester",'634-55-9,CCOC(=O)C(C#N)C(C)=O,C7H9NO3,155.15126,518.094,NIST
"3-(4-methylphenyl)-1,2,5-oxadiazole",'10349-07-2,Cc1ccc(-c2cnon2)cc1,C9H8N2O,160.17262,584.909,NIST
"2,4,6-trimethyloctane",'62016-37-9,CCC(C)CC(C)CC(C)C,C11H24,156.30826,442.208,NIST
5-methylnonan-5-ol,'33933-78-7,CCCCC(C)(O)CCCC,C10H22O,158.28108,469.648,NIST
4-methylpentan-2-amine,'108-09-8,CC(C)CC(C)N,C6H15N,101.19,382.214,NIST
"undecane-1,3-diol",'6071-32-5,CCCCCCCCC(O)CCO,C11H24O2,188.30706,578.144,NIST
2-methylphenyl (2E)-3-phenylprop-2-enoate,'343879-91-4,Cc1ccccc1OC(=O)/C=C/c1ccccc1,C16H14O2,238.28116,619.833,NIST
"cis,cis,cis,trans-2,4,9-trimethylbicyclo(4.4.0)decane",'49765-73-3,C[C@H]1CC[C@@H]2C[C@H](C)C[C@@H](C)[C@H]2C1,C13H24,180.32966,494.487,NIST
"3,5-dimethylnonan-5-ol",'106593-61-7,CCCCC(C)(O)CC(C)CC,C11H24O,172.30766,499.098,NIST
"bicyclo(4.2.0)octa-1,3,5-triene",'694-87-1,c1ccc2c(c1)CC2,C8H8,104.14912,442.909,NIST
"1,1'-biphenyl",'92-52-4,c1ccc(-c2ccccc2)cc1,C12H10,154.2078,528.404,NIST
"4-ethyl-4'-(hex-5-en-1-yl)-1,1'-biphenyl",'116422-68-5,C=CCCCCc1ccc(-c2ccc(CC)cc2)cc1,C20H24,264.40456,633.161,NIST
(2-methylpropyl)cyclopentane,'3788-32-7,CC(C)CC1CCCC1,C9H18,126.23922,,DIPPR
"3-tert-butyl-1,1'-biphenyl",'2113-60-2,CC(C)(C)c1cccc(-c2ccccc2)c1,C16H18,210.31412,574.506,NIST
(2E)-3-(3-methoxyphenyl)prop-2-enoic acid,'17570-26-2,COc1cccc(/C=C/C(=O)O)c1,C10H10O3,178.1846,623.653,NIST
"1,1,1-trifluoropropan-2-ol",'374-01-6,CC(O)C(F)(F)F,C3H5F3O,114.0664096,348.812,NIST
4-hydroxy-4-methyloxan-2-one,'674-26-0,CC1(O)CCOC(=O)C1,C6H10O3,130.1418,494.238,NIST
(1E)-1-(((1E)-prop-1-en-1-yl)oxy)prop-1-ene,'4696-28-0,C/C=C/O/C=C/C,C6H10O,98.143,367.931,NIST
"3,trans-4-dimethylcyclopentene",'53225-40-4,C[C@H]1C=CC[C@@H]1C,C7H12,96.17018,369.892,NIST
5-chloropentyl acetate,'20395-28-2,CC(=O)OCCCCCCl,C7H13ClO2,164.62992,480.094,NIST
(2R)-2-methylpentanal,'53531-14-9,CCC[C@@H](C)C=O,C6H12O,100.15888,392.127,NIST
N-butyltetradecanamide,'41328-72-7,CCCCCCCCCCCCCC(O)=NCCCC,C18H37NO,283.49248,686.311,NIST
1-adamantyl methyl ketone,'1660-04-4,CC(=O)C12C[C@H]3C[C@@H](C1)C[C@@H](C2)C3,C12H18O,178.27072,522.228,NIST
"3-chloro-2,6-dimethoxyphenol",'18113-22-9,COc1ccc(Cl)c(OC)c1O,C8H9ClO3,188.60826,562.203,NIST
"(2-(propan-2-yl)-1,3-dioxan-5-yl)methanol",'28808-24-4,CC(C)[C@H]1OC[C@@H](CO)CO1,C8H16O3,160.21084,501.863,NIST
1-methoxy-4-(1-methoxyethyl)benzene,'77525-91-8,COc1ccc(C(C)OC)cc1,C10H14O2,166.21696,523.523,NIST
methyl 2-methyloctanoate,'2177-86-8,CCCCCCC(C)C(=O)OC,C10H20O2,172.2646,484.348,NIST
8-methylnonan-1-ol,'55505-26-5,CC(C)CCCCCCCO,C10H22O,158.28108,,DIPPR
"(1R)-1,7,7-trimethylbicyclo(2.2.1)heptan-2-one oxime",'2792-42-9,CC1(C)C2CC[C@@]1(C)/C(=N/O)C2,C10H17NO,167.24808,527.056,NIST
"1,2-bis(ethylsulfanyl)ethane",'5395-75-5,CCSCCSCC,C6H14S2,150.30536,481.64,NIST
"2,6-dimethyl-3-octyldecahydronaphthalene",'54964-85-1,CCCCCCCCC1CC2CC(C)CCC2CC1C,C20H38,278.51572,624.733,NIST
"1,1,3-trichloro-2-methylprop-1-ene",'31702-33-7,CC(CCl)=C(Cl)Cl,C4H5Cl3,159.4415,433.16,NIST
nonan-5-yl formate,'1384103-75-6,CCCCC(CCCC)OC=O,C10H20O2,172.2646,480.304,NIST
4-(tridecyloxy)benzoic acid,'15872-45-4,CCCCCCCCCCCCCOc1ccc(C(=O)O)cc1,C20H32O3,320.46628,665.239,NIST
"2,2,4,6,6-pentamethylheptan-3-one",'25368-59-6,CC(CC(C)(C)C)C(=O)C(C)(C)C,C12H24O,184.31836,484.027,NIST
azidocyclopentane,'33670-50-7,[N-]=[N+]=NC1CCCC1,C5H9N3,111.14506,408.747,NIST
ethyl 4-methylbenzoate,1994-08-0600:00:00,CCOC(=O)c1ccc(C)cc1,C10H12O2,164.20108,508.666,NIST
"1,1,7-trichloro-4-(trichloromethyl)hept-1-ene",'90555-82-1,ClCCCC(CC=C(Cl)Cl)C(Cl)(Cl)Cl,C8H10Cl6,318.883,566.327,NIST
"1,2,5,6-tetramethylnaphthalene",'2131-43-3,Cc1ccc2c(C)c(C)ccc2c1C,C14H16,184.27684,564.22,NIST
"4-ethyl-2,3,8-trimethylquinoline",'73474-53-0,CCc1c(C)c(C)nc2c(C)cccc12,C14H17N,199.29148,584.441,NIST
"hexane-2,3-diol",'617-30-1,CCCC(O)C(C)O,C6H14O2,118.17416,478.155,NIST
(cyclopent-1-en-1-yl)cyclohexane,'16189-56-3,C1=C(C2CCCCC2)CCC1,C11H18,150.26062,488.957,NIST
2-(ethylsulfanyl)-1H-benzimidazole,'14610-11-8,CCSc1nc2ccccc2[nH]1,C9H10N2S,178.2541,644.618,NIST
"2,3,3a,4,5,6,7,8,9,9b-decahydro-1H-cyclopenta(a)naphthalene",'113618-68-1,C1CCC2=C(C1)CCC1CCCC21,C13H20,176.2979,509.738,NIST
ethyl 3-methylundecanoate,'86051-39-0,CCCCCCCCC(C)CC(=O)OCC,C14H28O2,228.37092,549.148,NIST
"(2E,5E)-2,5-bis((furan-2-yl)methylidene)cyclopentan-1-one",'1026-78-4,O=C1/C(=C/c2ccco2)CC/C1=C\c1ccco1,C15H12O3,240.25398,595.897,NIST
difluoroacetyl chloride,'381-72-6,O=C(Cl)C(F)F,C2HClF2O,114.4785464,290.91,NIST
"trimethyl naphthalene-1,4,5-tricarboxylate",'36440-25-2,COC(=O)c1ccc(C(=O)OC)c2c(C(=O)OC)cccc12,C16H14O6,302.27876,697.022,NIST
1-fluoro-2-propanone,'430-51-3,CC(=O)CF,C3H5FO,76.0696032,340.536,NIST
octadecaneperoxoic acid,'5796-86-1,CCCCCCCCCCCCCCCCCC(=O)OO,C18H36O3,300.47664,625.284,NIST
"trans-5-ethyl-2,5-dimethyl-1,3-dioxane",'41955-99-1,CC[C@]1(C)CO[C@@H](C)OC1,C8H16O2,144.21144,431.845,NIST
1-(dodecyloxy)dodecane,'4542-57-8,CCCCCCCCCCCCOCCCCCCCCCCCC,C24H50O,354.6532,694.588,NIST
phenylmethanethiol,'100-53-8,SCc1ccccc1,C7H8S,124.20342,472.313,NIST
"dipropyl benzene-1,3-dicarboxylate",3143-06-0400:00:00,CCCOC(=O)c1cccc(C(=O)OCCC)c1,C14H18O4,250.29032,600.662,NIST
2-(2-ethoxyethoxy)ethyl acetate,'112-15-2,CCOCCOCCOC(C)=O,C8H16O4,176.21024,487.844,NIST
"3,6,9,12,15-pentaoxaicosan-1-ol",'86674-96-6,CCCCCOCCOCCOCCOCCOCCO,C15H32O6,308.41098,642.874,NIST
pentanoyl chloride,'638-29-9,CCCCC(=O)Cl,C5H9ClO,120.57736,398.284,NIST
dioxo-lambda4-sulfane,7446-09-0500:00:00,O=S=O,O2S,64.0638,263.132,NIST
methyltri(prop-2-en-1-yl)silane,'1112-91-0,C=CC[Si](C)(CC=C)CC=C,C10H18Si,166.33542,454.066,NIST
methyl 6-methyldecanoate,'51771-68-7,CCCCC(C)CCCCC(=O)OC,C12H24O2,200.31776,513.334,NIST
"nonane-1,6-diol",'4066-78-8,CCCC(O)CCCCCO,C9H20O2,160.2539,546.144,NIST
"2,3,5-trichloropyridine",'16063-70-0,Clc1cnc(Cl)c(Cl)c1,C5H2Cl3N,182.43508,485.06,NIST
(ethenyloxy)benzene,'766-94-9,C=COc1ccccc1,C8H8O,120.14852,463.845,NIST
"1,4-oxathiane",'15980-15-1,C1CSCCO1,C4H8OS,104.17072,420.306,NIST
"1,1'-(propane-2,2-diyl)dicyclohexane",'54934-90-6,CC(C)(C1CCCCC1)C1CCCCC1,C15H28,208.38282,559.381,NIST
11-methylhenicosan-11-ol,'112322-27-7,CCCCCCCCCCC(C)(O)CCCCCCCCCC,C22H46O,326.60004,660.658,NIST
1-methyl-4-(propan-2-yl)cyclohexane,'99-82-1,CC1CCC(C(C)C)CC1,C10H20,140.2658,,DIPPR
3-thiaeicosane,'66359-40-8,CCCCCCCCCCCCCCCCCSCC,C19H40S,300.5859,651.069,NIST
"1,1,2-trimethyl-6-(propan-2-yl)-2,3-dihydro-1H-indene",'66359-12-4,CC(C)c1ccc2c(c1)C(C)(C)C(C)C2,C15H22,202.33518,548.441,NIST
methyl (10Z)-pentadec-10-enoate,'90176-52-6,CCCC/C=C\CCCCCCCCC(=O)OC,C16H30O2,254.4082,595.333,NIST
"1,13-diethoxy-1,1,3,3,5,5,7,7,9,9,11,11,13,13-tetradecamethylheptasiloxane",'18537-40-1,CCO[Si](C)(C)O[Si](C)(C)O[Si](C)(C)O[Si](C)(C)O[Si](C)(C)O[Si](C)(C)O[Si](C)(C)OCC,C18H52O8Si7,593.19918,566.644,NIST
"5-methylcyclopenta-1,3-diene",'96-38-8,CC1C=CC=C1,C6H8,80.12772,349.82,NIST
hex-4-en-3-ol,'4798-58-7,CC=CC(O)CC,C6H12O,100.15888,407.527,NIST
"2,3,4,6-tetrachlorophenol",'58-90-2,Oc1c(Cl)cc(Cl)c(Cl)c1Cl,C6H2Cl4O,231.89148,552.149,NIST
"1,4-dibromocyclohexane",'35076-92-7,BrC1CCC(Br)CC1,C6H10Br2,241.9516,483.116,NIST
"6,8-dimethylquinoline",'2436-93-3,Cc1cc(C)c2ncccc2c1,C11H11N,157.21174,549.498,NIST
"4,5-dimethylpyrrole-3-carboxylic acid ethyl ester",'2199-53-3,CCOC(=O)c1c[nH]c(C)c1C,C9H13NO2,167.20502,539.345,NIST
nonadecan-4-one,'116530-28-0,CCCCCCCCCCCCCCCC(=O)CCC,C19H38O,282.50442,606.951,NIST
(3E)-pent-3-en-1-yne,'2004-69-5,C#C/C=C/C,C5H6,66.10114,324.702,NIST
bicyclo(3.3.1)nonan-2-one,'2568-17-4,O=C1CCC2CCCC1C2,C9H14O,138.20686,485.218,NIST
chloro(ethyl)difluorosilane,'421-23-8,CC[Si](F)(F)Cl,C2H5ClF2Si,130.5964064,300.296,NIST
butan-2-yl pyridine-3-carboxylate,'102014-92-6,CCC(C)OC(=O)c1cccnc1,C10H13NO2,179.21572,533.074,NIST
"2,4-trans,4,5-cis-4,5-diethyl-2-(1,1-dimethylethyl)-1,3-dioxolane",,CC[C@@H]1O[C@@H](C(C)(C)C)O[C@@H]1CC,C11H22O2,186.29118,472.659,NIST
"3-chloro-2,3-dimethyloctane",'856335-59-6,CCCCCC(C)(Cl)C(C)C,C10H21Cl,176.72674,469.309,NIST
"2,4,4-trimethyl-N-propylpentan-2-amine",'101495-75-4,CCCNC(C)(C)CC(C)(C)C,C11H25N,171.3229,457.968,NIST
4-(trifluoromethoxy)benzoic acid,'330-12-1,O=C(O)c1ccc(OC(F)(F)F)cc1,C8H5F3O3,206.1187096,545.835,NIST
"(3aR,7aR)-3a-methyloctahydro-2H-inden-2-one",'20379-99-1,C[C@]12CCCC[C@@H]1CC(=O)C2,C10H16O,152.23344,494.282,NIST
1-methyl-4-(6-methylheptan-2-yl)cyclohexane,'29799-19-7,CC(C)CCCC(C)C1CCC(C)CC1,C15H30,210.3987,530.259,NIST
"3-hydroxy-3,3-diphenylpropanoic acid",'3609-48-1,O=C(O)CC(O)(c1ccccc1)c1ccccc1,C15H14O3,242.26986,639.801,NIST
"3-ethyl-1,1'-biphenyl",'5668-93-9,CCc1cccc(-c2ccccc2)c1,C14H14,182.26096,558.937,NIST
3-methylbut-2-en-2-ol,'34454-78-9,CC(C)=C(C)O,C5H10O,86.1323,424.469,NIST
"2,2,4,10,12,12-hexamethyl-7-(3,5,5-trimethylhexyl)tridecan-7-ol",'857078-64-9,CC(CCC(O)(CCC(C)CC(C)(C)C)CCC(C)CC(C)(C)C)CC(C)(C)C,C28H58O,410.75952,676.265,NIST
"1,2,3-trimethylcyclohex-1-ene",'72312-48-2,CC1=C(C)C(C)CCC1,C9H16,124.22334,425.191,NIST
6-methoxy-6-oxohexanoic acid,'627-91-8,COC(=O)CCCCC(=O)O,C7H12O4,160.16778,526.854,NIST
"trimethyl naphthalene-1,2,7-tricarboxylate",'68267-10-7,COC(=O)c1ccc2ccc(C(=O)OC)c(C(=O)OC)c2c1,C16H14O6,302.27876,695.456,NIST
diisooctyl phthalate,'27554-26-3,CC(C)CCCCCOC(=O)c1ccccc1C(=O)OCCCCCC(C)C,C24H38O4,390.55612,,DIPPR
"2,4,6-trifluoro-1,3,5,2,4,6-triazatriborinane",'13779-24-3,FB1NB(F)NB(F)N1,H3B3F3N3,134.4721296,385.248,NIST
1-bromo-6-chlorohexane,'6294-17-3,ClCCCCCCBr,C6H12BrCl,199.51648,475.18,NIST
"4,8-dimethylnonanal",'77331-37-4,CC(C)CCCC(C)CCC=O,C11H22O,170.29178,489.514,NIST
1-(4-((3-thia-1-azabicyclo(3.3.1)nonan-2-ylidene)amino)phenyl)ethan-1-one,'1778736-36-9,CC(=O)c1ccc(N=C2SCC3CCCN2C3)cc1,C15H18N2OS,274.38122,672.12,NIST
(D)-(+)-ribonic acid gamma-lactone,5336-08-0300:00:00,O=C1O[C@H](CO)[C@@H](O)[C@H]1O,C5H8O5,148.11402,601.791,NIST
"1,1'-(cyclopentylidenemethylene)dibenzene",'7714-72-9,c1ccc(C(=C2CCCC2)c2ccccc2)cc1,C18H18,234.33552,606.168,NIST
"hexane-2,3,4-triol",'93972-93-1,CCC(O)C(O)C(C)O,C6H14O3,134.17356,533.335,NIST
"(4-methylpenta-2,3-dien-2-yl)benzene",'17530-18-6,CC(C)=C=C(C)c1ccccc1,C12H14,158.23956,506.128,NIST
"diethyl 2,2'-(4-methylcyclohexane-1,1-diyl)diacetate",,CCOC(=O)CC1(CC(=O)OCC)CCC(C)CC1,C15H26O4,270.36454,571.177,NIST
"hexa-1,3-diene, cis-and trans-mixture",'592-48-3,C=CC=CCC,C6H10,82.1436,345.327,NIST
1-(2-(2-methoxyethoxy)ethyl)-1H-benzimidazole,'671201-35-7,COCCOCCn1cnc2ccccc21,C12H16N2O2,220.26764,649.25,NIST
(butan-2-yl)cyclohexane,7058-01-0700:00:00,CCC(C)C1CCCCC1,C10H20,140.2658,452.466,NIST
"3,4,5-trihydroxy-6-(hydroxymethyl)oxan-2-one",'90-80-2,O=C1O[C@H](CO)[C@@H](O)[C@H](O)[C@H]1O,C6H10O6,178.14,658.389,NIST
"(2R,3R)-2,3-dimethyl-1,4-butanediol",'66553-14-8,C[C@@H](CO)[C@@H](C)CO,C6H14O2,118.17416,514.679,NIST
1-butoxydodecane,'7289-38-5,CCCCCCCCCCCCOCCCC,C16H34O,242.44056,561.213,NIST
"1,1,1-trifluoropropane",'421-07-8,CCC(F)(F)F,C3H5F3,98.0670096,255.103,NIST
"2,5,8-trimethylnon-4-ene",'102871-41-0,CC(=CCC(C)C)CCC(C)C,C12H24,168.31896,460.242,NIST
5-methyl-2-(2-methylpropyl)phenol,'147452-04-8,Cc1ccc(CC(C)C)c(O)c1,C11H16O,164.24414,538.177,NIST
"2,2-dimethylpropyl 4,4,4-trinitrobutanoate",'34001-52-0,CC(C)(C)COC(=O)CCC([N+](=O)[O-])([N+](=O)[O-])[N+](=O)[O-],C9H15N3O8,293.2307,651.603,NIST
"8-ethyl-7-propyl-1,2,3,4,4a,5,6,8a-octahydronaphthalene",'861093-60-9,CCCC1=C(CC)C2CCCCC2CC1,C15H26,206.36694,536.484,NIST
"(2,2,2-trifluoroethyl)benzene",'21249-93-4,FC(F)(F)Cc1ccccc1,C8H7F3,160.1363896,409.1,NIST
(thiophen-2-yl)acetic acid,'1918-77-0,O=C(O)Cc1cccs1,C6H6O2S,142.17564,523.771,NIST
3-methylbutanamide,'541-46-8,CC(C)CC(=N)O,C5H11NO,101.14694,523.558,NIST
hexadecafluorooxonane,'1978-24-1,FC1(F)OC(F)(F)C(F)(F)C(F)(F)C(F)(F)C(F)(F)C(F)(F)C1(F)F,C8F16O,416.0594512,384.743,NIST
"(1,1'-biphenyl)-4-sulfonamide",'4371-23-7,NS(=O)(=O)c1ccc(-c2ccccc2)cc1,C12H11NO2S,233.28624,665.616,NIST
S-ethyl propyl(prop-2-yn-1-yl)carbamothioate,'59300-32-2,C#CCN(CCC)C(=O)SCC,C9H15NOS,185.2865,568.436,NIST
"1,1'-(5-methylhept-2-ene-3,5-diyl)dibenzene",'106664-97-5,CC=C(CC(C)(CC)c1ccccc1)c1ccccc1,C20H24,264.40456,622.55,NIST
2-(2-butoxyethoxy)ethan-1-ol,'112-34-5,CCCCOCCOCCO,C8H18O3,162.22672,505.808,NIST
(2E)-4-methylpent-2-ene,'674-76-0,C/C=C/C(C)C,C6H12,84.15948,,DIPPR
nonylcyclobutane,'126832-04-0,CCCCCCCCCC1CCC1,C13H26,182.34554,508.111,NIST
4-methylnonane,'17301-94-9,CCCCCC(C)CCC,C10H22,142.28168,438.841,NIST
"(2,4,6-trimethylheptan-2-yl)benzene",4810-06-0400:00:00,CC(C)CC(C)CC(C)(C)c1ccccc1,C16H26,218.37764,545.548,NIST
"N-benzyl-2,2-dimethyl-1-phenylpropan-1-imine",'86885-95-2,CC(C)(C)C(=NCc1ccccc1)c1ccccc1,C18H21N,251.36604,600.918,NIST
1-fluoroprop-1-ene,'406-33-7,CC=CF,C3H5F,60.0702032,247.289,NIST
pentamethylbenzoic acid,'2243-32-5,Cc1c(C)c(C)c(C(=O)O)c(C)c1C,C12H16O2,192.25424,591.919,NIST
"4-methoxy-2,6-diphenylpyridine",'19792-55-3,COc1cc(-c2ccccc2)nc(-c2ccccc2)c1,C18H15NO,261.3178,683.471,NIST
"methyl (11Z,14Z,17Z)-icosa-11,14,17-trienoate",'62472-96-2,CC/C=C\C/C=C\C/C=C\CCCCCCCCCC(=O)OC,C21H36O2,320.50934,657.899,NIST
(dichloro(fluoro)methyl)benzene,'498-67-9,FC(Cl)(Cl)c1ccccc1,C7H5Cl2F,179.0190032,448.562,NIST
"N,N-dimethylpropanamide",'758-96-3,CCC(=O)N(C)C,C5H11NO,101.14694,449.129,NIST
6-methyl-2-(2-methylpropyl)heptan-1-ol,'105902-92-9,CC(C)CCCC(CO)CC(C)C,C12H26O,186.33424,513.416,NIST
methyl naphthalene-2-carboxylate,'2459-25-8,COC(=O)c1ccc2ccccc2c1,C12H10O2,186.2066,576.526,NIST
(but-3-en-2-yl)benzene,'36617-88-6,C=C[C@@H](C)c1ccccc1,C10H12,132.20228,439.039,NIST
3-methoxy-2-(methoxymethyl)-2-methylpropan-1-ol,'20637-34-7,COCC(C)(CO)COC,C7H16O3,148.20014,485.379,NIST
6-nitroquinolin-5-amine,'35975-00-9,Nc1c([N+](=O)[O-])ccc2ncccc12,C9H7N3O2,189.17078,657.898,NIST
"2-methyl-1,1'-bi(cyclohexane)",'66324-47-8,CC1CCCCC1C1CCCCC1,C13H24,180.32966,525.333,NIST
"deca-1,3,5,7,9-pentayne",'32597-32-3,C#CC#CC#CC#CC#C,C10H2,122.12288,496.799,NIST
3-methylbutan-1-ol,'123-51-3,CC(C)CCO,C5H12O,88.14818,404.014,NIST
"(1,2,4)triazolo(1,5-a)pyrimidine",'275-02-5,c1cnc2ncnn2c1,C5H4N4,120.11206,580.963,NIST
"1,1'-(pentane-1,2-diyl)dicyclohexane",'855361-04-5,CCCC(CC1CCCCC1)C1CCCCC1,C17H32,236.43598,571.048,NIST
1-(tert-butylperoxy)-3-ethoxypropan-2-ol,'38578-21-1,CCOCC(O)COOC(C)(C)C,C9H20O4,192.2527,488.993,NIST
(1E)-1-bromoprop-1-ene,'590-15-8,C/C=C/Br,C3H5Br,120.9758,334.305,NIST
2-methylcyclohexan-1-one,'583-60-8,CC1CCCCC1=O,C7H12O,112.16958,437.541,NIST
2-methyl-3-(propan-2-yl)hexane,'62016-13-1,CCCC(C(C)C)C(C)C,C10H22,142.28168,430.365,NIST
"3,4-dimethoxybenzoic acid",1993-07-0200:00:00,COc1ccc(C(=O)O)cc1OC,C9H10O4,182.1733,599.383,NIST
"2,6-dinitro-N,N-dipropylaniline",'10156-47-5,CCCN(CCC)c1c([N+](=O)[O-])cccc1[N+](=O)[O-],C12H17N3O4,267.28108,637.879,NIST
"1,5-dimethylcyclopent-1-ene",'16491-15-9,CC1=CCCC1C,C7H12,96.17018,367.072,NIST
"3,3,4-trimethylpentan-2-ol",'19411-41-7,CC(C)C(C)(C)C(C)O,C8H18O,130.22792,437.889,NIST
"2-methyl-1,4-dihydronaphthalene",'2717-43-3,CC1=CCc2ccccc2C1,C11H12,144.21298,480.62,NIST
"1,5,5-trimethylcyclohex-1-ene",'503-46-8,CC1=CCCC(C)(C)C1,C9H16,124.22334,410.381,NIST
ethyl 7-methyloctanoate,'29490-61-7,CCOC(=O)CCCCCC(C)C,C11H22O2,186.29118,493.447,NIST
3-methylheptanenitrile,'75854-65-8,CCCC[C@H](C)CC#N,C8H15N,125.2114,474.625,NIST
N-cyclohexylpyridin-2-amine,'15513-16-3,c1ccc(NC2CCCCC2)nc1,C11H16N2,176.25814,558.0,NIST
"heptane-1,5-diol",'60096-09-5,CCC(O)CCCCO,C7H16O2,132.20074,539.433,NIST
"2-chlorobuta-1,3-diene",'126-99-8,C=CC(=C)Cl,C4H5Cl,88.5355,332.17,NIST
1-(4-butylphenyl)ethan-1-ol,'125639-56-7,CCCCc1ccc(C(C)O)cc1,C12H18O,178.27072,531.825,NIST
"1-butyl-3-ethylcyclohexa-1,3-diene",'6961-96-2,CCCCC1=CC(CC)=CCC1,C12H20,164.2872,496.093,NIST
henicos-1-ene,'1599-68-4,C=CCCCCCCCCCCCCCCCCCCC,C21H42,294.55818,638.042,NIST
2-(2-(octyloxy)ethoxy)ethan-1-ol,'19327-37-8,CCCCCCCCOCCOCCO,C12H26O3,218.33304,565.876,NIST
"1,1'-(ethane-1,2-diyl)didecahydronaphthalene",'54934-69-9,C1CCC2C(C1)CCCC2CCC1CCCC2CCCCC21,C22H38,302.53712,681.332,NIST
(pent-2-en-2-yl)cyclopropane,'75067-64-0,CCC=C(C)C1CC1,C8H14,110.19676,402.427,NIST
2-methylbutan-2-yl 2-methylpropanoate,'194784-93-5,CCC(C)(C)OC(=O)C(C)C,C9H18O2,158.23802,444.014,NIST
2-methoxy-2-methylpentane,'38772-53-1,CCCC(C)(C)OC,C7H16O,116.20134,387.413,NIST
(13Z)-docos-13-enoic acid,'112-86-7,CCCCCCCC/C=C\CCCCCCCCCCCC(=O)O,C22H42O2,338.56768,,DIPPR
"1-n-hexyl-1,2,3,4-tetrahydronaphthalene",'66325-11-9,CCCCCCC1CCCc2ccccc21,C16H24,216.36176,594.021,NIST
2-tert-butyl-4-methylphenol,'2409-55-4,Cc1ccc(O)c(C(C)(C)C)c1,C11H16O,164.24414,512.733,NIST
5-methyl-2-(prop-1-en-2-yl)cyclohexan-1-ol,'50373-36-9,C=C(C)[C@@H]1CC[C@@H](C)C[C@H]1O,C10H18O,154.24932,485.158,NIST
4-ethyloctan-1-ol,'38514-07-7,CCCCC(CC)CCCO,C10H22O,158.28108,499.832,NIST
S-(3-oxo-1-phenylbutan-2-yl)ethanethioate,'61363-88-0,CC(=O)SC(Cc1ccccc1)C(C)=O,C12H14O2S,222.30336,578.642,NIST
"1,5,5-trimethylcyclopent-1-ene",'62184-83-2,CC1=CCCC1(C)C,C8H14,110.19676,382.949,NIST
5-(4-butylcyclohexyl)-2-(4-(trifluoromethoxy)phenyl)pyrimidine,'137554-97-3,CCCC[C@H]1CC[C@H](c2cnc(-c3ccc(OC(F)(F)F)cc3)nc2)CC1,C21H25F3N2O,378.4312096,679.637,NIST
"(4S,5R)-3,4-dimethyl-5-phenyl-1,3-oxazolidine",'123618-06-4,C[C@H]1[C@@H](c2ccccc2)OCN1C,C11H15NO,177.2429,538.313,NIST
"2,5-diphenyl-1,3,4-oxadiazole",'725-12-2,c1ccc(-c2nnc(-c3ccccc3)o2)cc1,C14H10N2O,222.242,652.391,NIST
hexan-1-ol,'111-27-3,CCCCCCO,C6H14O,102.17476,,DIPPR
4-tert-butylcyclohexan-1-ol,'98-52-2,CC(C)(C)C1CCC(O)CC1,C10H20O,156.2652,483.892,NIST
9H-xanthen-9-one,'90-47-1,O=c1c2ccccc2oc2ccccc12,C13H8O2,196.20142,608.21,NIST
"1,2-dichloro-1,2-difluoroethane",'431-06-1,FC(Cl)C(F)Cl,C2H2Cl2F2,134.9400864,340.328,NIST
1-fluoro-4-(trichloromethyl)benzene,'402-42-6,Fc1ccc(C(Cl)(Cl)Cl)cc1,C7H4Cl3F,213.4640632,462.599,NIST
"2-methyl-2-nitro-5-(propan-2-yl)-1,3-dioxane",,CC(C)[C@H]1CO[C@@](C)([N+](=O)[O-])OC1,C8H15NO4,189.209,518.165,NIST
(1S)-1-phenylethanamine,'2627-86-3,C[C@H](N)c1ccccc1,C8H11N,121.17964,464.398,NIST
8-propylpentadec-7-ene,,CCCCCCC=C(CCC)CCCCCCC,C18H36,252.47844,585.825,NIST
methyl hydroxyacetate,'96-35-5,COC(=O)CO,C3H6O3,90.07794,,DIPPR
"2,2-dimethyloctan-4-ol",'66719-52-6,CCCCC(O)CC(C)(C)C,C10H22O,158.28108,440.85,NIST
"2,3,4,5-tetrafluoroaniline",'5580-80-3,Nc1cc(F)c(F)c(F)c1F,C6H3F4N,165.0883328,442.353,NIST
4-propylnonan-4-ol,'5340-77-2,CCCCCC(O)(CCC)CCC,C12H26O,186.33424,510.418,NIST
"1,1,1-trichlorodecane",'62108-56-9,CCCCCCCCCC(Cl)(Cl)Cl,C10H19Cl3,245.61686,520.46,NIST
"4'-bromo-2-methyl-1,1'-biphenyl",'106475-19-8,Cc1ccccc1-c1ccc(Br)cc1,C13H11Br,247.13044,577.684,NIST
nonadecanenitrile,'28623-46-3,CCCCCCCCCCCCCCCCCCC#N,C19H37N,279.50378,644.4,NIST
"1-cyclopentyl-1,1'-bi(cyclohexane)",'26447-22-3,C1CCC(C2(C3CCCC3)CCCCC2)CC1,C17H30,234.4201,583.963,NIST
"pentane-1,2-diol",'5343-92-0,CCCC(O)CO,C5H12O2,104.14758,481.845,NIST
4-nitrophenyl heptafluorobutanoate,'1799-92-4,O=C(Oc1ccc([N+](=O)[O-])cc1)C(F)(F)C(F)(F)C(F)(F)F,C10H4F7NO4,335.1318824,533.788,NIST
"1,2,4,6-tetramethylnaphthalene",'66577-21-7,Cc1ccc2c(C)c(C)cc(C)c2c1,C14H16,184.27684,584.3,NIST
"1,1,4,5,8-pentamethyl-1,2,3,4-tetrahydronaphthalene",'873390-65-9,Cc1ccc(C)c2c1C(C)CCC2(C)C,C15H22,202.33518,560.279,NIST
dimethylamine-N-d,'917-72-6,[2H]N(C)C,C2H7N,46.08984178,280.734,NIST
"2,3-dimethylnonadecane",'75163-99-4,CCCCCCCCCCCCCCCCC(C)C(C)C,C21H44,296.57406,626.332,NIST
"1,1'-(butane-2,3-diyl)bis(4-methylbenzene)",'5649-79-6,Cc1ccc(C(C)C(C)c2ccc(C)cc2)cc1,C18H22,238.36728,595.29,NIST
pentyl octanoate,'638-25-5,CCCCCCCC(=O)OCCCCC,C13H26O2,214.34434,531.643,NIST
"1,2,4-trimethyl-4-(propan-2-yl)cyclohex-1-ene",'73156-90-8,CC1=C(C)CC(C)(C(C)C)CC1,C12H22,166.30308,463.198,NIST
"2,6-dichlorocyclohexa-2,5-diene-1,4-dione",'697-91-6,O=C1C=C(Cl)C(=O)C(Cl)=C1,C6H2Cl2O2,176.98488,545.596,NIST
"1,1'-(ethane-1,2-diyl)bis(2,4,6-trimethylcyclohexane)",'94873-88-8,CC1CC(C)C(CCC2C(C)CC(C)CC2C)C(C)C1,C20H38,278.51572,597.425,NIST
"2,5-bis(trifluoromethoxy)aniline",'1839-91-4,Nc1cc(OC(F)(F)F)ccc1OC(F)(F)F,C8H5F6NO2,261.1212192,457.844,NIST
"2,3-dimethylundecane",'17312-77-5,CCCCCCCCC(C)C(C)C,C13H28,184.36142,,DIPPR
propan-2-yl carbonofluoridate,'500023-95-0,CC(C)OC(=O)F,C4H7FO2,106.0955832,354.623,NIST
2-propyltridecyl acetate,,CCCCCCCCCCCC(CCC)COC(C)=O,C18H36O2,284.47724,596.944,NIST
"2,2,3-trimethylpentan-1-ol",'57409-53-7,CCC(C)C(C)(C)CO,C8H18O,130.22792,447.261,NIST
N-ethylcyclohexanamine,'5459-93-8,CCNC1CCCCC1,C8H17N,127.22728,430.637,NIST
(2-benzylheptyl)benzene,,CCCCCC(Cc1ccccc1)Cc1ccccc1,C20H26,266.42044,620.71,NIST
1-(ethenyloxy)-6-methylheptane,'10573-35-0,C=COCCCCCC(C)C,C10H20O,156.2652,448.843,NIST
1-aminonaphthalen-2-ol,'2834-92-6,Nc1c(O)ccc2ccccc12,C10H9NO,159.18456,628.547,NIST
"(3,4-dimethylhexan-3-yl)benzene",'855907-32-3,CCC(C)C(C)(CC)c1ccccc1,C14H22,190.32448,507.165,NIST
5-propyltridecan-4-ol,'699012-92-5,CCCCCCCCC(CCC)C(O)CCC,C16H34O,242.44056,568.904,NIST
methyl 3-methoxypropanoate,3852-09-0300:00:00,COCCC(=O)OC,C5H10O3,118.1311,414.501,NIST
pyridine-3-carboxamide,'98-92-0,N=C(O)c1cccnc1,C6H6N2O,122.12464,616.511,NIST
"(1alpha,4alpha,5beta)-5-ethenylbicyclo(2.2.2)oct-2-ene",'21145-78-8,C=C[C@H]1C[C@H]2C=C[C@@H]1CC2,C10H14,134.21816,454.243,NIST
"(1alpha,2beta,3alpha,4alpha,5beta)-1,2,3,4,5-pentamethylcyclohexane",'80365-19-1,CC1[C@H](C)[C@@H](C)C[C@H](C)[C@H]1C,C11H22,154.29238,435.634,NIST
"2,3,4-trimethylpentan-1-ol",'6570-88-3,CC(C)C(C)C(C)CO,C8H18O,130.22792,456.398,NIST
trans-1-ethoxycarbonyl-4-methylcyclohexane,'41692-50-6,CCOC(=O)[C@H]1CC[C@H](C)CC1,C10H18O2,170.24872,474.04,NIST
"2,2,6,6-tetramethylpiperidine",'768-66-1,CC1(C)CCCC(C)(C)N1,C9H19N,141.25386,427.146,NIST
5-methylnonan-4-ol,'66719-44-6,CCCCC(C)C(O)CCC,C10H22O,158.28108,480.181,NIST
"(3R,6R)-3-isopropenyl-6-methyl-1-cyclohexene",'5113-87-1,C=C(C)[C@H]1C=C[C@H](C)CC1,C10H16,136.23404,431.526,NIST
"2,2-dimethyl-3-methylidenebicyclo(2.2.1)heptane",'79-92-5,C=C1C2CCC(C2)C1(C)C,C10H16,136.23404,,DIPPR
1-iodoicosane,'34994-81-5,CCCCCCCCCCCCCCCCCCCCI,C20H41I,408.44401,681.958,NIST
"dimethyl (2E,4E)-hexa-2,4-dienedioate",'1119-43-3,COC(=O)/C=C/C=C/C(=O)OC,C8H10O4,170.1626,503.042,NIST
(4-fluorophenyl)(2-hydroxy-4-methoxyphenyl)methanone,'3602-47-9,COc1ccc(C(=O)c2ccc(F)cc2)c(O)c1,C14H11FO3,246.2337432,655.813,NIST
"3,5-dibromotoluene",'1611-92-3,Cc1cc(Br)cc(Br)c1,C7H6Br2,249.93054,524.888,NIST
3-methylthiophene-2-carboxylic acid,'23806-24-8,Cc1ccsc1C(=O)O,C6H6O2S,142.17564,551.18,NIST
N-fluoro-N-(pentafluoroethyl)hypofluorous amide,'354-80-3,FN(F)C(F)(F)C(F)(F)F,C2F7N,171.0169224,235.18,NIST
"3,3,4,4,5,5,6,6,6-nonafluorohex-1-ene",'19430-93-4,C=CC(F)(F)C(F)(F)C(F)(F)C(F)(F)F,C6H3F9,246.0736488,326.32,NIST
"6-methylhepta-2,4-diene",'83608-76-8,CC=CC=CC(C)C,C8H14,110.19676,395.294,NIST
(3Z)-2-methylhex-3-ene,'15840-60-5,CC/C=C\C(C)C,C7H14,98.18606,359.026,NIST
1-(3-methylphenyl)ethan-1-one,'585-74-0,CC(=O)c1cccc(C)c1,C9H10O,134.1751,497.646,NIST
1-phenoxy-2-propanol,'770-35-4,CC(O)COc1ccccc1,C9H12O2,152.19038,512.715,NIST
benzene-d6,'1076-43-3,[2H]c1c([2H])c([2H])c([2H])c([2H])c1[2H],C6H6,84.14881067,351.364,NIST
3-(methylamino)propanenitrile,'693-05-0,CNCCC#N,C4H8N2,84.11972,444.142,NIST
1-((1-((1-propoxypropan-2-yl)oxy)propan-2-yl)oxy)propan-2-ol,'58797-35-6,CCCOCC(C)OCC(C)OCC(C)O,C12H26O4,234.33244,550.414,NIST
"1-(4'-bromo(1,1'-biphenyl)-4-yl)ethan-1-one",5731-01-0100:00:00,CC(=O)c1ccc(-c2ccc(Br)cc2)cc1,C14H11BrO,275.14054,637.145,NIST
dichloro(fluoro)methane,'75-43-4,FC(Cl)Cl,CHCl2F,102.9230432,,DIPPR
diethyl propanedioate,'105-53-3,CCOC(=O)CC(=O)OCC,C7H12O4,160.16778,,DIPPR
2-butylundecanoic acid,'66241-54-1,CCCCCCCCCC(CCCC)C(=O)O,C15H30O2,242.3975,593.203,NIST
"7-chloro-2,6-dimethylquinoline",'103858-63-5,Cc1ccc2cc(C)c(Cl)cc2n1,C11H10ClN,191.6568,568.704,NIST
"2,2,3,3,3-pentafluoropropan-1-ol",'422-05-9,OCC(F)(F)C(F)(F)F,C3H3F5O,150.047336,358.584,NIST
"cis-2-methyl-5-(1-methylethyl)-2-phenyl-1,3-dioxane",'50535-15-4,CC(C)[C@H]1CO[C@@](C)(c2ccccc2)OC1,C14H20O2,220.3074,547.226,NIST
"2-tert-butyl-4-methyl-1,3-dioxane",'34067-14-6,C[C@@H]1CCO[C@H](C(C)(C)C)O1,C9H18O2,158.23802,448.703,NIST
"2-phenyl-4H-3,1-benzoxazin-4-one",'1022-46-4,O=c1oc(-c2ccccc2)nc2ccccc12,C14H9NO2,223.22676,667.481,NIST
"2,6-dimethyl-4-(prop-2-en-1-yl)phenol",'13037-83-7,C=CCc1cc(C)c(O)c(C)c1,C11H14O,162.22826,547.532,NIST
2-methyltetradec-1-ene,'52254-38-3,C=C(C)CCCCCCCCCCCC,C15H30,210.3987,529.798,NIST
(pentadecan-8-yl)benzene,'4534-60-5,CCCCCCCC(CCCCCCC)c1ccccc1,C21H36,288.51054,631.599,NIST
"1,7-dimethylspiro(4.5)decane",,C[C@@H]1CCC[C@@]2(CCC[C@@H]2C)C1,C12H22,166.30308,479.747,NIST
3-(ethylsulfanyl)prop-1-ene,'5296-62-8,C=CCSCC,C5H10S,102.1979,385.563,NIST
3-propoxypropan-1-ol,'4161-22-2,CCCOCCCO,C6H14O2,118.17416,454.442,NIST
"1,2,5-trimethylpyrrolidine",'54884-61-6,CC1CCC(C)N1C,C7H15N,113.2007,396.562,NIST
"1,1'-(nonane-1,1-diyl)dibenzene",'1726-13-2,CCCCCCCCC(c1ccccc1)c1ccccc1,C21H28,280.44702,657.715,NIST
2-methylpropyl acetate,'110-19-0,CC(=O)OCC(C)C,C6H12O2,116.15828,389.919,NIST
(2E)-3-(2-hydroxyphenyl)prop-2-enoic acid,'614-60-8,O=C(O)/C=C/c1ccccc1O,C9H8O3,164.15802,629.153,NIST
1-chlorotridecane,'822-13-9,CCCCCCCCCCCCCCl,C13H27Cl,218.80648,547.173,NIST
(3-methylcyclopentyl)benzene,'5078-75-1,CC1CCC(c2ccccc2)C1,C12H16,160.25544,496.983,NIST
1-fluorotridecane,'1536-21-6,CCCCCCCCCCCCCF,C13H27F,202.3518832,516.372,NIST
4-cyanobutyl acetate,'89775-53-1,CC(=O)OCCCCC#N,C7H11NO2,141.16774,504.739,NIST
1-ethylpiperidin-4-one,'3612-18-8,CCN1CCC(=O)CC1,C7H13NO,127.18422,463.428,NIST
"1,3-dibromo-2-(bromomethyl)-2-methylpropane",'60111-68-4,CC(CBr)(CBr)CBr,C5H9Br3,308.83696,527.653,NIST
"1,1-bis(2-chloroethoxy)ethane",'14689-97-5,CC(OCCCl)OCCCl,C6H12Cl2O2,187.06428,487.716,NIST
hexan-2-amine,'5329-79-3,CCCCC(C)N,C6H15N,101.19,389.127,NIST
1-chloro-4-(4-chlorobutoxy)butane,'6334-96-9,ClCCCCOCCCCCl,C8H16Cl2O,199.11804,520.996,NIST
1-bromodiamantane,'30545-17-6,BrC12CC3CC4C5CC(CC41)CC2C5C3,C14H19Br,267.20466,577.713,NIST
1-decyl-2-methyl-1H-imidazole,'42032-30-4,CCCCCCCCCCn1ccnc1C,C14H26N2,222.36964,630.345,NIST
propyl pyridine-2-carboxylate,'98996-05-5,CCCOC(=O)c1ccccn1,C9H11NO2,165.18914,524.496,NIST
"2,2-dimethylhex-3-ene",'3123-93-1,CCC=CC(C)(C)C,C8H16,112.21264,372.959,NIST
"1,2,3-tripropylbenzene",,CCCc1cccc(CCC)c1CCC,C15H24,204.35106,544.717,NIST
"4,4,5,5-tetramethylocta-1,7-diene",'698392-69-7,C=CCC(C)(C)C(C)(C)CC=C,C12H22,166.30308,475.004,NIST
"1,1'-(2,3-dimethylbutane-2,3-diyl)dicyclohexane",'5171-88-0,CC(C)(C1CCCCC1)C(C)(C)C1CCCCC1,C18H34,250.46256,592.087,NIST
"3-methyl-1,1':4',1''-terphenyl",'1459-05-8,Cc1cccc(-c2ccc(-c3ccccc3)cc2)c1,C19H16,244.33034,669.433,NIST
(7E)-octadec-7-ene,'7206-23-7,CCCCCC/C=C/CCCCCCCCCC,C18H36,252.47844,582.688,NIST
dibutyl ethanedioate,'2050-60-4,CCCCOC(=O)C(=O)OCCCC,C10H18O4,202.24752,516.621,NIST
"2-methyl-1,3-dinitrobenzene",'606-20-2,Cc1c([N+](=O)[O-])cccc1[N+](=O)[O-],C7H6N2O4,182.13354,,DIPPR
undecanedioic acid,'1852-04-6,O=C(O)CCCCCCCCCC(=O)O,C11H20O4,216.2741,658.52,NIST
"undecane-1,5-diol",'13686-98-1,CCCCCCC(O)CCCCO,C11H24O2,188.30706,578.143,NIST
"2,6-dimethylpiperazine",'108-49-6,CC1CNCC(C)N1,C6H14N2,114.18876,445.242,NIST
"2,3-dimethyl-2-nitrobutane",'34075-28-0,CC(C)C(C)(C)[N+](=O)[O-],C6H13NO2,131.17292,446.642,NIST
n-butylbenzene hydroperoxide,'99172-63-1,OOCCCCc1ccccc1,C10H14O2,166.21696,,DIPPR
"2,6-dimethyldecane",'13150-81-7,CCCCC(C)CCCC(C)C,C12H26,170.33484,468.085,NIST
"(undeca-1,2-dien-1-yl)benzene",'27694-89-9,CCCCCCCCC=C=Cc1ccccc1,C17H24,228.37246,612.471,NIST
"1,1'-(hex-1-ene-1,4-diyl)dibenzene",'823192-31-0,CCC(CC=Cc1ccccc1)c1ccccc1,C18H20,236.3514,612.257,NIST
2-(dinitromethylidene)imidazolidine,'137143-82-9,O=[N+]([O-])C(=C1NCCN1)[N+](=O)[O-],C4H6N4O4,174.11484,559.204,NIST
4-acetylbenzoic acid,'586-89-0,CC(=O)c1ccc(C(=O)O)cc1,C9H8O3,164.15802,576.803,NIST
"1,1-dimethoxyethene",'922-69-0,C=C(OC)OC,C4H8O2,88.10512,363.992,NIST
N-cyclohexyl-N-(pent-4-en-2-yn-1-yl)cyclohexanamine,'854390-90-2,C=CC#CCN(C1CCCCC1)C1CCCCC1,C17H27N,245.40298,613.198,NIST
bis(3-methylbutyl)but-2-ynedioate,'80238-87-5,CC(C)CCOC(=O)C#CC(=O)OCCC(C)C,C14H22O4,254.32208,567.34,NIST
"2,3-dibromobut-1-ene",'52111-97-4,C=C(Br)C(C)Br,C4H6Br2,213.89844,442.786,NIST
prop-2-en-1-yl hexadecanoate,'43211-62-7,C=CCOC(=O)CCCCCCCCCCCCCCC,C19H36O2,296.48794,616.73,NIST
trans-1-ethyl-4-methylcyclohexane,'6236-88-0,CC[C@H]1CC[C@H](C)CC1,C9H18,126.23922,420.133,NIST
"4-ethyl-1,1'-biphenyl",'5707-44-8,CCc1ccc(-c2ccccc2)cc1,C14H14,182.26096,560.572,NIST
"(2,2-dimethoxycyclopropyl)benzene",'18523-34-7,COC1(OC)CC1c1ccccc1,C11H14O2,178.22766,505.594,NIST
dichloroacetaldehyde,1979-02-0700:00:00,O=CC(Cl)Cl,C2H2Cl2O,112.94268,371.57,NIST
"1,4-dihexylbenzene",'22588-73-4,CCCCCCc1ccc(CCCCCC)cc1,C18H30,246.4308,593.667,NIST
2-(hexan-2-yl)naphthalene,3137-10-0800:00:00,CCCCC(C)c1ccc2ccccc2c1,C16H20,212.33,593.855,NIST
3-methyl-N-phenylaniline,'1205-64-7,Cc1cccc(Nc2ccccc2)c1,C13H13N,183.24902,612.041,NIST
(3Z)-hex-3-en-1-yl butanoate,'16491-36-4,CC/C=C\CCOC(=O)CCC,C10H18O2,170.24872,479.588,NIST
"2,2,5,6-tetraethyl-2,3-dihydro-1H-indene",'66564-04-3,CCc1cc2c(cc1CC)CC(CC)(CC)C2,C17H26,230.38834,585.794,NIST
"4,5-dimethylphenanthrene",'3674-69-9,Cc1cccc2ccc3cccc(C)c3c12,C16H14,206.28236,632.635,NIST
"1,1,4,4,10,10,13,13-octamethylcyclooctadecane",'23014-57-5,CC1(C)CCCCCC(C)(C)CCC(C)(C)CCCCCC(C)(C)CC1,C26H52,364.69108,632.923,NIST
(chloromethyl)tri(prop-2-en-1-yl)silane,'115946-71-9,C=CC[Si](CCl)(CC=C)CC=C,C10H17ClSi,200.78048,501.608,NIST
pyridin-2-ol,'72762-00-6,Oc1ccccn1,C5H5NO,95.0993,450.986,NIST
"3,5,5-trimethylcyclohex-2-en-1-one",'78-59-1,CC1=CC(=O)CC(C)(C)C1,C9H14O,138.20686,,DIPPR
methyl 9-hydroxynonanoate,'34957-73-8,COC(=O)CCCCCCCCO,C10H20O3,188.264,551.811,NIST
methyl 10-hydroxydecanoate,'2640-94-0,COC(=O)CCCCCCCCCO,C11H22O3,202.29058,564.179,NIST
trichloromethane,'67-66-3,ClC(Cl)Cl,CHCl3,119.37764,,DIPPR
dipropan-2-yl methylphosphonate,'1445-75-6,CC(C)OP(C)(=O)OC(C)C,C7H17O3P,180.181842,469.625,NIST
hexamethyldisilane,'1450-14-2,C[Si](C)(C)[Si](C)(C)C,C6H18Si2,146.37812,385.787,NIST
"bis(3,3,3-trifluoropropyl)-ether",'674-65-7,FC(F)(F)CCOCCC(F)(F)F,C6H8F6O,210.1175392,367.795,NIST
6-methoxyquinoline,'5263-87-6,COc1ccc2ncccc2c1,C10H9NO,159.18456,549.321,NIST
(5R)-5-isopropenyl-1-methyl-1-cyclohexene,'1461-27-4,C=C(C)[C@@H]1CCC=C(C)C1,C10H16,136.23404,449.593,NIST
butane-2-thiol,'513-53-1,CCC(C)S,C4H10S,90.1872,,DIPPR
"2,6-dimethylheptane-2,4-diol",'73264-93-4,CC(C)CC(O)CC(C)(C)O,C9H20O2,160.2539,497.821,NIST
"2,3-dihydroxypropyl benzoate",'3376-59-8,O=C(OCC(O)CO)c1ccccc1,C10H12O4,196.19988,607.74,NIST
5-methylheptan-2-ol,'54630-50-1,CCC(C)CCC(C)O,C8H18O,130.22792,444.88,NIST
"cyclopentane-1,3-dione",'3859-41-4,O=C1CCC(=O)C1,C5H6O2,98.09994,447.046,NIST
ethyl 5-methyldecanoate,'75854-71-6,CCCCCC(C)CCCC(=O)OCC,C13H26O2,214.34434,522.37,NIST
"(penta-2,3-dien-1-yl)benzene",'13633-08-4,CC=C=CCc1ccccc1,C11H12,144.21298,495.917,NIST
bis(4-chlorophenyl)methanone,'90-98-2,O=C(c1ccc(Cl)cc1)c1ccc(Cl)cc1,C13H8Cl2O,251.10802,627.997,NIST
dibutyl sulfate,'625-22-9,CCCCOS(=O)(=O)OCCCC,C8H18O4S,210.29112,,DIPPR
butyl thiophene-2-carboxylate,'56053-84-0,CCCCOC(=O)c1cccs1,C9H12O2S,184.25538,523.485,NIST
tetracosan-1-ol,'506-51-4,CCCCCCCCCCCCCCCCCCCCCCCCO,C24H50O,354.6532,696.262,NIST
"5-methyl-2,3-dihydrofuran",'1487-15-6,CC1=CCCO1,C5H8O,84.11642,354.623,NIST
"2-(difluoromethoxy)-1,1-difluoroethane",'32778-16-8,FC(F)COC(F)F,C3H4F4O,132.0568728,328.436,NIST
"3,4,4,5,5,6,6,7,7,8,8,9,9,10,10,10-hexadecafluorodec-2-enoic acid",'161094-76-4,O=C(O)C=C(F)C(F)(F)C(F)(F)C(F)(F)C(F)(F)C(F)(F)C(F)(F)C(F)(F)F,C10H2F16O2,458.0961312,500.426,NIST
"1,3-dichloro-2-methoxybenzene",'1984-65-2,COc1c(Cl)cccc1Cl,C7H6Cl2O,177.02794,511.693,NIST
"N,N-diethyl-2,4,6-trinitroaniline",'13029-07-7,CCN(CC)c1c([N+](=O)[O-])cc([N+](=O)[O-])cc1[N+](=O)[O-],C10H12N4O6,284.22548,665.891,NIST
"1,1-dibromoethene",'593-92-0,C=C(Br)Br,C2H2Br2,185.84528,384.01,NIST
"methyl (2E)-2,3-dimethoxybut-2-enoate",'82481-27-4,COC(=O)/C(OC)=C(/C)OC,C7H12O4,160.16778,461.945,NIST
hexan-2-yl butanoate,'6963-52-6,CCCCC(C)OC(=O)CCC,C10H20O2,172.2646,469.939,NIST
"1-bromo-2,3-dichlorobuta-1,3-diene",'1573-75-7,C=C(Cl)C(Cl)=CBr,C4H3BrCl2,201.87662,449.769,NIST
(9E)-octadec-9-enoic acid,'112-79-8,CCCCCCCC/C=C/CCCCCCCC(=O)O,C18H34O2,282.46136,643.736,NIST
1-(propan-2-yl)-4-(prop-1-en-2-yl)benzene,'2388-14-9,C=C(C)c1ccc(C(C)C)cc1,C12H16,160.25544,494.801,NIST
"2,3-dibromo-3-ethylpentane",'799775-60-3,CCC(Br)(CC)C(C)Br,C7H14Br2,257.99406,482.399,NIST
"1,1'-peroxybis(2-methylbenzene)",'35112-60-8,Cc1ccccc1OOc1ccccc1C,C14H14O2,214.25976,559.218,NIST
1-ethyl-1-methylcyclohexane,'4926-90-3,CCC1(C)CCCCC1,C9H18,126.23922,425.085,NIST
"1,1-bis(((1Z)-prop-1-en-1-yl)oxy)cyclopentane",'62322-37-6,C/C=C\OC1(O/C=C\C)CCCC1,C11H18O2,182.25942,483.294,NIST
pyridin-4-amine,'504-24-5,N=c1cc[nH]cc1,C5H6N2,94.11454,472.393,NIST
dimethyl (2Z)-2-methylbut-2-enedioate,'617-54-9,COC(=O)/C=C(/C)C(=O)OC,C7H10O4,158.1519,480.697,NIST
3-ethyltridecane,'13286-73-2,CCCCCCCCCCC(CC)CC,C15H32,212.41458,538.498,NIST
4-methylcyclohexane-1-thiol,'60260-87-9,CC1CCC(S)CC1,C7H14S,130.25106,442.141,NIST
N-benzyl-4-methylaniline,'5405-15-2,Cc1ccc(NCc2ccccc2)cc1,C14H15N,197.2756,592.186,NIST
"2,2-dimethyl-3-propylidenebicyclo(2.2.1)heptane",'52557-90-1,CCC=C1C2CCC(C2)C1(C)C,C12H20,164.2872,468.324,NIST
(1E)-1-ethoxy-3-methylpent-1-ene,'154429-76-2,CCO/C=C/C(C)CC,C8H16O,128.21204,407.994,NIST
"5,9-dimethyldecan-5-ol",,CCCCC(C)(O)CCCC(C)C,C12H26O,186.33424,507.474,NIST
2-methyl-9H-carbazole,'3652-91-3,Cc1ccc2c(c1)[nH]c1ccccc12,C13H11N,181.23314,627.786,NIST
"3,8-dimethyl-5-(propan-2-yl)-1,2,3,4,4a,5,6,8a-octahydronaphthalene",'1192476-54-2,CC1=CCC(C(C)C)C2CC(C)CCC12,C15H26,206.36694,526.901,NIST
quinolin-7-amine,'580-19-8,Nc1ccc2cccnc2c1,C9H8N2,144.17322,577.649,NIST
"2,3-dimethylfuran",'14920-89-9,Cc1ccoc1C,C6H8O,96.12712,366.599,NIST
N-hexyl-N-(3-methylbutyl)hexan-1-amine,'858429-28-4,CCCCCCN(CCCCCC)CCC(C)C,C17H37N,255.48238,547.029,NIST
"1,1,1,2,2,3,4,4,5,5,5-undecafluoro-3-(1,1,1,2,3,3,3-heptafluoropropan-2-yl)pentane",'354-97-2,FC(F)(F)C(F)(F)C(F)(C(F)(F)C(F)(F)F)C(F)(C(F)(F)F)C(F)(F)F,C8F18,438.0568576,375.073,NIST
"2,5,8-trimethylquinoline",'102871-69-2,Cc1ccc2c(C)ccc(C)c2n1,C12H13N,171.23832,552.083,NIST
3-bromohexane,'3377-87-5,CCCC(Br)CC,C6H13Br,165.07142,416.53,NIST
6-ethyl-4-methyloctan-2-one,'5631-80-1,CCC(CC)CC(C)CC(C)=O,C11H22O,170.29178,481.457,NIST
"1-bromo-1,1,2-trifluoroethane",'420-92-8,FCC(F)(F)Br,C2H2BrF3,162.9364896,320.201,NIST
"1,4,7,10,13-pentaoxacyclopentadecane",'33100-27-5,C1COCCOCCOCCOCCO1,C10H20O5,220.2628,565.878,NIST
1-chlorotetradecane,'2425-54-9,CCCCCCCCCCCCCCCl,C14H29Cl,232.83306,569.504,NIST
"O,O,O-triethyl phosphorothioate",'126-68-1,CCOP(=S)(OCC)OCC,C6H15O3PS,198.220262,523.797,NIST
"2-ethylbutane-1,4-diol",'57716-79-7,CCC(CO)CCO,C6H14O2,118.17416,521.837,NIST
"2,4-dichloro-1,3,5-trinitrobenzene",'1630-09-7,O=[N+]([O-])c1cc([N+](=O)[O-])c(Cl)c([N+](=O)[O-])c1Cl,C6HCl2N3O6,281.99464,626.199,NIST
3-methyl-3H-purin-6-amine,'5142-23-4,Cn1cnc(N)c2ncnc1-2,C6H7N5,149.15328,497.199,NIST
diamantanone,'30545-23-4,O=C1[C@H]2C[C@@H]3[C@H]4C[C@@H]5C[C@H]([C@H]4C2)[C@H]1[C@H]3C5,C14H18O,202.29212,583.351,NIST
(octan-2-yl)cyclopentane,4810-01-0900:00:00,CCCCCCC(C)C1CCCC1,C13H26,182.34554,504.989,NIST
"4,8-dimethylnonyl acetate",'92169-18-1,CC(=O)OCCCC(C)CCCC(C)C,C13H26O2,214.34434,518.816,NIST
"1,2-dibutylnaphthalene",'38641-19-9,CCCCc1ccc2ccccc2c1CCCC,C18H24,240.38316,602.757,NIST
"1,1'-methylenedicyclopentane",'2619-34-3,C1CCC(CC2CCCC2)C1,C11H20,152.2765,483.584,NIST
"4,7-dimethyl-1,10-phenanthroline",3248-05-0300:00:00,Cc1ccnc2c1ccc1c(C)ccnc12,C14H12N2,208.25848,659.352,NIST
4-(decan-2-yl)phenol,'17408-59-2,CCCCCCCCC(C)c1ccc(O)cc1,C16H26O,234.37704,597.359,NIST
8-heptylpentadecane,'71005-15-7,CCCCCCCC(CCCCCCC)CCCCCCC,C22H46,310.60064,638.79,NIST
"nonane-3,6-diol",'4469-85-6,CCCC(O)CCC(O)CC,C9H20O2,160.2539,530.345,NIST
"1,3,5-trimethyl-2-(pent-3-en-2-yl)benzene",'14979-74-9,CC=CC(C)c1c(C)cc(C)cc1C,C14H20,188.3086,521.815,NIST
4-methylheptan-2-one,'6137-06-0,CCCC(C)CC(C)=O,C8H16O,128.21204,429.136,NIST
"3,7,7-trimethylnonan-3-ol",,CCC(C)(C)CCCC(C)(O)CC,C12H26O,186.33424,501.93,NIST
2-tert-butoxy-2-methylpropane,'6163-66-2,CC(C)(C)OC(C)(C)C,C8H18O,130.22792,,DIPPR
"2,2-dimethyl-1,3-dioxane",'695-30-7,CC1(C)OCCCO1,C6H12O2,116.15828,397.619,NIST
(2E)-1-chloropent-2-ene,'6261-25-2,CC/C=C/CCl,C5H9Cl,104.57796,377.826,NIST
1-(octane-1-sulfonyl)octane,'7726-20-7,CCCCCCCCS(=O)(=O)CCCCCCCC,C16H34O2S,290.50496,694.407,NIST
"2,5-dimethyldecane",'17312-50-4,CCCCCC(C)CCC(C)C,C12H26,170.33484,467.198,NIST
1-methyl-7-(propan-2-yl)phenanthrene,'483-65-8,Cc1cccc2c1ccc1cc(C(C)C)ccc12,C18H18,234.33552,664.207,NIST
(methanesulfonyl)ethane,'594-43-4,CCS(C)(=O)=O,C3H8O2S,108.15942,538.966,NIST
propan-2-yl pyridine-3-carboxylate,'553-60-6,CC(C)OC(=O)c1cccnc1,C9H11NO2,165.18914,504.532,NIST
1-bromo-3-methyloctane,'124842-72-4,CCCCC[C@@H](C)CCBr,C9H19Br,207.15116,477.393,NIST
"cyclohepta-1,2-diene",6577-10-0200:00:00,C1=CCCCCC=1,C7H10,94.1543,391.397,NIST
"1,1'-(ethane-1,2-diylbis(oxy))bis(4-ethynylbenzene)",'93655-06-2,C#Cc1ccc(OCCOc2ccc(C#C)cc2)cc1,C18H14O2,262.30256,637.033,NIST
"exo-2,3-epoxynorbornane",'3146-39-2,C1C[C@H]2C[C@@H]1[C@H]1O[C@@H]21,C7H10O,110.1537,429.613,NIST
propanoyl bromide,'598-22-1,CCC(=O)Br,C3H5BrO,136.9752,372.124,NIST
"1,5-dimethyl-2-pyrrolidinone",'5075-92-3,CC1CCC(=O)N1C,C6H11NO,113.15764,478.016,NIST
"2,4-dibromo-3-methylhexane",'872308-74-2,CCC(Br)C(C)C(C)Br,C7H14Br2,257.99406,486.653,NIST
methyl 5-nitrofuran-2-carboxylate,'1874-23-3,COC(=O)c1ccc([N+](=O)[O-])o1,C6H5NO5,171.1076,523.897,NIST
pentadecanal,316249,CCCCCCCCCCCCCCC=O,C15H30O,226.3981,571.455,NIST
3-ethoxy-4-hydroxybenzaldehyde,'121-32-4,CCOc1cc(C=O)ccc1O,C9H10O3,166.1739,566.218,NIST
methyl cyclohexylacetate,'14352-61-5,COC(=O)CC1CCCCC1,C9H16O2,156.22214,451.632,NIST
"2,2'-(piperazine-1,4-diyl)di(ethan-1-ol)",'122-96-3,OCCN1CCN(CCO)CC1,C8H18N2O2,174.24072,551.044,NIST
2-fluorobenzoic acid,'445-29-4,O=C(O)c1ccccc1F,C7H5FO2,140.1118032,538.911,NIST
"(2,2,3-trimethylpentan-3-yl)benzene",'860688-52-4,CCC(C)(c1ccccc1)C(C)(C)C,C14H22,190.32448,518.303,NIST
2-hydroxypropyl acrylate,'999-61-1,C=CC(=O)OCC(C)O,C6H10O3,130.1418,,DIPPR
4-(pyridin-2-yl)benzonitrile,'32111-34-5,N#Cc1ccc(-c2ccccn2)cc1,C12H8N2,180.20532,602.782,NIST
"1,2-dibromooctane",'6269-92-7,CCCCCCC(Br)CBr,C8H16Br2,272.02064,522.292,NIST
"2-(formyl(methyl)amino)-5,6-dimethylpyrimidin-4-yl dimethylcarbamate",'27218-04-8,Cc1nc(N(C)C=O)nc(OC(=O)N(C)C)c1C,C11H16N4O3,252.26974,670.846,NIST
cis-1-methyl-4-(prop-1-en-2-yl)cyclohexane,'1879-07-8,C=C(C)[C@H]1CC[C@@H](C)CC1,C10H18,138.24992,441.641,NIST
2-(prop-2-en-1-yl)hexanenitrile,'90765-28-9,C=CCC(C#N)CCCC,C9H15N,137.2221,486.388,NIST
(3-methylbutyl)cyclopentane,'1005-68-1,CC(C)CCC1CCCC1,C10H20,140.2658,444.764,NIST
"1,1'-(tetradec-1-ene-1,1-diyl)dibenzene",'62155-38-8,CCCCCCCCCCCCC=C(c1ccccc1)c1ccccc1,C26H36,348.56404,695.591,NIST
2-methoxy-5-(prop-2-en-1-yl)phenol,'501-19-9,C=CCc1ccc(OC)c(O)c1,C10H12O2,164.20108,527.845,NIST
(1Z)-1-(2-methyl-1-(((1E)-prop-1-en-1-yl)oxy)propoxy)prop-1-ene,'62322-58-1,C/C=C\OC(O/C=C/C)C(C)C,C10H18O2,170.24872,465.186,NIST
(4E)-dodec-4-ene,'7206-15-7,CCC/C=C/CCCCCCC,C12H24,168.31896,487.308,NIST
4-(p-nitroanilino)-3-penten-2-one,'20771-72-6,CC(=O)C=C(C)Nc1ccc([N+](=O)[O-])cc1,C11H12N2O3,220.22458,587.052,NIST
7-methyloctan-1-ol,'2430-22-0,CC(C)CCCCCCO,C9H20O,144.2545,482.226,NIST
"2,2',4,4',6,6'-hexamethyl-1,1'-biphenyl",4482-03-0500:00:00,Cc1cc(C)c(-c2c(C)cc(C)cc2C)c(C)c1,C18H22,238.36728,647.121,NIST
6-methyldodecane,'6044-71-9,CCCCCCC(C)CCCCC,C13H28,184.36142,502.916,NIST
"2,2'-(ethylazanediyl)di(ethan-1-ol)",'139-87-7,CCN(CCO)CCO,C6H15NO2,133.1888,520.85,NIST
5-ethoxydecane,'91635-40-4,CCCCCC(CCCC)OCC,C12H26O,186.33424,486.788,NIST
2-iodoprop-1-ene,'4375-96-6,C=C(C)I,C3H5I,167.97627,358.803,NIST
"N-ethylethane-1,2-diamine",'110-72-5,CCNCCN,C4H12N2,88.15148,402.104,NIST
"bicyclo(2.2.1)hept-5-ene-2,3-dicarbonitrile",'6343-16-4,N#C[C@H]1[C@H](C#N)[C@H]2C=C[C@@H]1C2,C9H8N2,144.17322,617.208,NIST
"1-(hexamethyleneimine)-3,5-bis(dimethylamino)-1,3,5-triazine",'125867-92-7,CN(C)c1nc(N(C)C)nc(N2CCCCCC2)n1,C13H24N6,264.36986,646.24,NIST
4-nitronon-4-ene,'4812-24-2,CCCCC=C(CCC)[N+](=O)[O-],C9H17NO2,171.23678,512.02,NIST
1-butoxy-4-methoxybutane,'91391-43-4,CCCCOCCCCOC,C9H20O2,160.2539,461.474,NIST
"2,4-diethyl-1-methylnaphthalene",,CCc1cc(CC)c2ccccc2c1C,C15H18,198.30342,578.403,NIST
(1-bromoethyl)benzene,'585-71-7,CC(Br)c1ccccc1,C8H9Br,185.06106,473.889,NIST
"2,5-anhydro-4-O-ethyl-1,3-O-methylidenepentitol",'5569-47-1,CCOC1COC2COCOC21,C8H14O4,174.19436,483.966,NIST
"3,3-dinitrocyclobutan-1-amine",'791026-29-4,NC1CC([N+](=O)[O-])([N+](=O)[O-])C1,C4H7N3O4,161.11608,538.958,NIST
"2,2,3,3,4,4,4-heptafluorobutanal",'375-02-0,O=CC(F)(F)C(F)(F)C(F)(F)F,C4HF7O,198.0389624,302.134,NIST
"2-butoxy-2,4,4-trimethylpentane",'153296-45-8,CCCCOC(C)(C)CC(C)(C)C,C12H26O,186.33424,476.639,NIST
4-nitrophthalic acid,'610-27-5,O=C(O)c1ccc([N+](=O)[O-])cc1C(=O)O,C8H5NO6,211.1284,651.764,NIST
2-ethoxynaphthalene,'93-18-5,CCOc1ccc2ccccc2c1,C12H12O,172.22308,555.18,NIST
bromocyclohexane,'108-85-0,BrC1CCCCC1,C6H11Br,163.05554,439.093,NIST
1-(2-(2-(2-methoxyethoxy)ethoxy)ethyl)-1H-benzimidazole,'639477-67-1,COCCOCCOCCn1cnc2ccccc21,C14H20N2O3,264.3202,682.007,NIST
"2,7-dimethylnaphthalene",'582-16-1,Cc1ccc2ccc(C)cc2c1,C12H12,156.22368,,DIPPR
"1,1-dimethoxy-2,2-dimethylpropane",'62617-39-4,COC(OC)C(C)(C)C,C7H16O2,132.20074,393.62,NIST
"N,N-dimethylcyclopentanamine",'18636-91-4,CN(C)C1CCCC1,C7H15N,113.2007,423.634,NIST
"1,1'-(propane-1,1-diyl)dibenzene",'1530-03-6,CCC(c1ccccc1)c1ccccc1,C15H16,196.28754,555.207,NIST
"1,3-thiazole-4-carbonitrile",'1452-15-9,N#Cc1cscn1,C4H2N2S,110.13708,506.626,NIST
hydroxy(diphenyl)acetic acid,'76-93-7,O=C(O)C(O)(c1ccccc1)c1ccccc1,C14H12O3,228.24328,659.253,NIST
(Z)-1-bromo-2-ethoxyethene,'23521-49-5,CCO/C=C\Br,C4H7BrO,151.00178,389.866,NIST
1-butyl-1-ethylcyclopropane,'66688-70-8,CCCCC1(CC)CC1,C9H18,126.23922,413.542,NIST
propyl benzoate,'2315-68-6,CCCOC(=O)c1ccccc1,C10H12O2,164.20108,,DIPPR
1-ethyl-2-methylcyclopentane,'3726-46-3,CCC1CCCC1C,C8H16,112.21264,396.363,NIST
"1,2,4,7,8-pentachloronaphthalene",'150224-21-8,Clc1ccc2c(Cl)cc(Cl)c(Cl)c2c1Cl,C10H3Cl5,300.39582,637.409,NIST
"3-(diphenylmethyl)-3-methylpentane-2,4-dione",'137932-36-6,CC(=O)C(C)(C(C)=O)C(c1ccccc1)c1ccccc1,C19H20O2,280.3609,639.597,NIST
"1,1'-(butane-1,1-diyl)dibenzene",'719-79-9,CCCC(c1ccccc1)c1ccccc1,C16H18,210.31412,569.116,NIST
"3-ethyl-2,4-dimethylpentan-3-ol",'3970-59-0,CCC(O)(C(C)C)C(C)C,C9H20O,144.2545,450.709,NIST
"2,4,6-tribromobenzonitrile",'35851-93-5,N#Cc1c(Br)cc(Br)cc1Br,C7H2Br3N,339.80948,632.589,NIST
4-tert-butyl-2-methylphenol,'98-27-1,Cc1cc(C(C)(C)C)ccc1O,C11H16O,164.24414,521.072,NIST
4-chlorobut-1-ene,'927-73-1,C=CCCCl,C4H7Cl,90.55138,347.516,NIST
"4,4'-di(butan-2-yl)-1,1'-biphenyl",'16236-41-2,CCC(C)c1ccc(-c2ccc(C(C)CC)cc2)cc1,C20H26,266.42044,634.389,NIST
1-methyl-1H-imidazole,'616-47-7,Cn1ccnc1,C4H6N2,82.10384,,DIPPR
"N,N'-bis(2-aminoethyl)-1,2-ethanediamine",'112-24-3,NCCNCCNCCN,C6H18N4,146.23392,549.47,NIST
6-methylheptan-3-one,'624-42-0,CCC(=O)CCC(C)C,C8H16O,128.21204,439.844,NIST
"3-methylpenta-1,3-diene",'4549-74-0,C=CC(C)=CC,C6H10,82.1436,349.971,NIST
"4,5-dibromo-2,3,3-trimethylhexane",,CC(Br)C(Br)C(C)(C)C(C)C,C9H18Br2,286.04722,506.309,NIST
tris(2-methylpropyl)borate,'13195-76-1,CC(C)COB(OCC(C)C)OCC(C)C,C12H27BO3,230.15198,483.638,NIST
"3,3,5-trimethylcyclohex-1-ene",'503-45-7,CC1CC=CC(C)(C)C1,C9H16,124.22334,404.44,NIST
trichloroacetyl fluoride,'354-13-2,O=C(F)C(Cl)(Cl)Cl,C2Cl3FO,165.3782032,407.361,NIST
"1,1'-((1Z)-but-1-ene-1,2-diyl)dibenzene",'20218-42-2,CC/C(=C/c1ccccc1)c1ccccc1,C16H16,208.29824,589.586,NIST
3a-methyloctahydro-1H-indene,'824-16-8,C[C@]12CCCC[C@H]1CCC2,C10H18,138.24992,452.846,NIST
"N,N-diethylethanamine",'121-44-8,CCN(CC)CC,C6H15N,101.19,361.788,NIST
"2,2,6,6-tetramethylheptan-4-one",'4436-99-1,CC(C)(C)CC(=O)CC(C)(C)C,C11H22O,170.29178,474.4,NIST
2-ethylbenzothiophene,'1196-81-2,CCc1cc2ccccc2s1,C10H10S,162.2514,,DIPPR
(4-nitrophenyl)(phenyl)methanone,'1144-74-7,O=C(c1ccccc1)c1ccc([N+](=O)[O-])cc1,C13H9NO3,227.21546,599.718,NIST
ethyl 2-cyano-3-ethylpent-2-enoate,'868-04-2,CCOC(=O)C(C#N)=C(CC)CC,C10H15NO2,181.2316,526.538,NIST
1-hexyl-1H-imidazole,'33529-01-0,CCCCCCn1ccnc1,C9H16N2,152.23674,561.759,NIST
3-methyl-1-((3-methylbut-2-en-1-yl)oxy)but-2-ene,'26902-25-0,CC(C)=CCOCC=C(C)C,C10H18O,154.24932,466.821,NIST
(2-hydroxy-4-methoxyphenyl)(3-(trifluoromethyl)phenyl)methanone,'7396-89-6,COc1ccc(C(=O)c2cccc(C(F)(F)F)c2)c(O)c1,C15H11F3O3,296.2412496,627.263,NIST
"2,5,5-trimethyl-3-(propan-2-yl)hexan-3-ol",'105901-30-2,CC(C)C(O)(CC(C)(C)C)C(C)C,C12H26O,186.33424,483.735,NIST
diethyl carbonate,'105-58-8,CCOC(=O)OCC,C5H10O3,118.1311,,DIPPR
"1,3-diethylpyrimidine-2,4,6(1H,3H,5H)-trione",'32479-73-5,CCN1C(=O)CC(=O)N(CC)C1=O,C8H12N2O3,184.19248,595.57,NIST
"2,4-dimethylbenzonitrile",'21789-36-6,Cc1ccc(C#N)c(C)c1,C9H9N,131.17446,507.004,NIST
"1,1-bis((propan-2-yl)oxy)propane",4744-09-0600:00:00,CCC(OC(C)C)OC(C)C,C9H20O2,160.2539,423.685,NIST
4-methyl-1-(propan-2-yl)bicyclo(3.1.0)hex-2-ene,'28634-89-1,CC1C=CC2(C(C)C)CC12,C10H16,136.23404,425.445,NIST
3-methoxybutyl acetate,'4435-53-4,COC(C)CCOC(C)=O,C7H14O3,146.18426,442.549,NIST
(1Z)-cycloundecene,'13151-61-6,C1=C\CCCCCCCCC/1,C11H20,152.2765,486.931,NIST
octadecanoyl chloride,'112-76-5,CCCCCCCCCCCCCCCCCC(=O)Cl,C18H35ClO,302.9229,623.967,NIST
(3-butylheptyl)benzene,'101746-51-4,CCCCC(CCCC)CCc1ccccc1,C17H28,232.40422,565.51,NIST
"5-ethyl-1,1-dimethyl-2,3-dihydro-1H-indene",'66324-77-4,CCc1ccc2c(c1)CCC2(C)C,C13H18,174.28202,535.564,NIST
3-methyl-4-nitrophenol,'2581-34-2,Cc1cc(O)ccc1[N+](=O)[O-],C7H7NO3,153.13538,583.575,NIST
"cis-3,cis-5-dimethylcyclohexanol",'767-13-5,C[C@@H]1C[C@H](C)C[C@H](O)C1,C8H16O,128.21204,466.448,NIST
3-bromo-3-(bromomethyl)-2-methylpentane,'66567-13-3,CCC(Br)(CBr)C(C)C,C7H14Br2,257.99406,485.392,NIST
"1-ethoxy-1,1,2,3,3,3-hexafluoro-2-(trifluoromethyl)propane",'163702-06-5,CCOC(F)(F)C(F)(C(F)(F)F)C(F)(F)F,C6H5F9O,264.0889288,343.9,NIST
"3-(hexylsulfanyl)propane-1,2-diol",'54581-77-0,CCCCCCSCC(O)CO,C9H20O2S,192.3189,591.027,NIST
cis-1-ethyl-4-methylcyclohexane,'4926-78-7,CC[C@H]1CC[C@@H](C)CC1,C9H18,126.23922,423.531,NIST
"2-(butan-2-yl)-1,3,5-trimethylbenzene",'92102-13-1,CCC(C)c1c(C)cc(C)cc1C,C13H20,176.2979,512.136,NIST
undecylcyclobutane,'103677-79-8,CCCCCCCCCCCC1CCC1,C15H30,210.3987,537.076,NIST
"3,4-dimethylhepta-1,5-diene",'1041-82-3,C=CC(C)C(C)C=CC,C9H16,124.22334,402.93,NIST
undec-2-yne,'60212-29-5,CC#CCCCCCCCC,C11H20,152.2765,479.027,NIST
2-hydroxy-3-methoxybenzaldehyde,'148-53-8,COc1cccc(C=O)c1O,C8H8O3,152.14732,518.629,NIST
"decanoic acid, 2-hydroxy-1-(hydroxymethyl)ethyl ester",'3376-48-5,CCCCCCCCCC(=O)OC(CO)CO,C13H26O4,246.34314,632.189,NIST
"3-chloro-1,1,3,3-tetrafluoroprop-1-ene",'406-46-2,FC(F)=CC(F)(F)Cl,C3HClF4,148.4866528,287.056,NIST
(2-methyloctyl)benzene,'49826-80-4,CCCCCCC(C)Cc1ccccc1,C15H24,204.35106,538.34,NIST
1-(prop-2-en-1-yl)piperidine,'14446-67-4,C=CCN1CCCCC1,C8H15N,125.2114,428.613,NIST
4-methylpent-2-ene,'4461-48-7,CC=CC(C)C,C6H12,84.15948,328.5,NIST
"N,N,N',N'-tetramethyl-1,1-ethenediamine",'815-62-3,C=C(N(C)C)N(C)C,C6H14N2,114.18876,381.933,NIST
hexyl naphthalene-2-carboxylate,'3224-44-0,CCCCCCOC(=O)c1ccc2ccccc2c1,C17H20O2,256.3395,667.161,NIST
ethyl cyclopentylcarbamate,'54915-64-9,CCOC(O)=NC1CCCC1,C8H15NO2,157.2102,510.902,NIST
pyrimidin-4(3H)-one,'4562-27-0,Oc1ccncn1,C4H4N2O,96.08736,538.535,NIST
"1,2-dimethyl-4-nitrobenzene",'99-51-4,Cc1ccc([N+](=O)[O-])cc1C,C8H9NO2,151.16256,565.176,NIST
2-heptylthiophene,'18794-78-0,CCCCCCCc1cccs1,C11H18S,182.32562,536.629,NIST
1-fluoropentadecane,'1555-17-5,CCCCCCCCCCCCCCCF,C15H31F,230.4050432,549.435,NIST
"N,3-dimethylpiperidine",'695-35-2,CC1CCCN(C)C1,C7H15N,113.2007,411.56,NIST
1-butyl-2-hexylbenzene,'71521-89-6,CCCCCCc1ccccc1CCCC,C16H26,218.37764,557.459,NIST
(2S)-(+)-3-methyl-2-butanol,'1517-66-4,CC(C)[C@H](C)O,C5H12O,88.14818,389.472,NIST
1-methylcyclobut-1-ene,'1489-60-7,CC1=CCC1,C5H8,68.11702,310.569,NIST
3-methylhexanenitrile,'53783-89-4,CCCC(C)CC#N,C7H13N,111.18482,455.288,NIST
4-amino-1-(2-deoxypentofuranosyl)pyrimidin-2(1H)-one,'951-77-9,N=c1ccn([C@H]2C[C@H](O)[C@@H](CO)O2)c(O)n1,C9H13N3O4,227.21722,662.904,NIST
"but-3-yne-1,1,1-tricarbonitrile",'10359-26-9,C#CCC(C#N)(C#N)C#N,C7H3N3,129.11882,642.572,NIST
trifluoro(fluoromethoxy)methane,'2261-01-0,FCOC(F)(F)F,C2H2F4O,118.0302928,263.431,NIST
ethyl 2-benzyl-3-hydroxybut-2-enoate,'84613-45-6,CCOC(=O)C(Cc1ccccc1)=C(C)O,C13H16O3,220.26434,583.905,NIST
2-methyl-2-((propan-2-yl)oxy)butane,'3249-46-5,CCC(C)(C)OC(C)C,C8H18O,130.22792,388.392,NIST
3-chloroprop-2-ynal,'39695-58-4,O=CC#CCl,C3HClO,88.49244,367.955,NIST
nonadecan-4-ol,'103906-53-2,CCCCCCCCCCCCCCCC(O)CCC,C19H40O,284.5203,635.24,NIST
"3-methyl-2,4,6-trinitrophenol",'602-99-3,Cc1c([N+](=O)[O-])cc([N+](=O)[O-])c(O)c1[N+](=O)[O-],C7H5N3O7,243.1305,635.545,NIST
"2,5-bis(tert-butylperoxy)-2,5-dimethylhexane",'78-63-7,CC(C)(C)OOC(C)(C)CCC(C)(C)OOC(C)(C)C,C16H34O4,290.43876,520.281,NIST
"4-ethylhexa-1,4-diene",'5721-51-7,C=CCC(=CC)CC,C8H14,110.19676,392.014,NIST
"(2R,3R,5R,6S,7S)-2,3,5,6-tetrachloro-7-(chloromethyl)-1,7-bis(dichloromethyl)bicyclo(2.2.1)heptane",'151214-79-8,ClC[C@]1(C(Cl)Cl)C2[C@@H](Cl)[C@@H](Cl)C1(C(Cl)Cl)[C@@H](Cl)[C@@H]2Cl,C10H9Cl9,448.25546,696.165,NIST
nonyl 2-methylprop-2-enoate,'2696-43-7,C=C(C)C(=O)OCCCCCCCCC,C13H24O2,212.32846,527.984,NIST
(2R)-2-iodobutane,'22156-92-9,CC[C@@H](C)I,C4H9I,184.01873,390.877,NIST
10-methoxy-10-oxodecanoic acid,'818-88-2,COC(=O)CCCCCCCCC(=O)O,C11H20O4,216.2741,577.09,NIST
(4S)-4-methyl-1-hexanol,'1767-46-0,CC[C@H](C)CCCO,C7H16O,116.20134,449.839,NIST
N-propan-2-ylurea,'691-60-1,CC(C)NC(=N)O,C4H10N2O,102.135,561.32,NIST
"1,1'-((2E)-but-2-ene-2,3-diyl)dibenzene",'782-06-9,C/C(=C(/C)c1ccccc1)c1ccccc1,C16H16,208.29824,582.018,NIST
"2,5-dimethylpiperazine",'106-55-8,CC1CNC(C)CN1,C6H14N2,114.18876,437.497,NIST
methyl 6-methyloxane-2-carboxylate,'16831-11-1,COC(=O)[C@H]1CCC[C@H](C)O1,C8H14O3,158.19496,478.07,NIST
2-methylheptadecane,'1560-89-0,CCCCCCCCCCCCCCCC(C)C,C18H38,254.49432,583.628,NIST
(1Z)-1-chloro-2-methoxyprop-1-ene,'34865-94-6,CO/C(C)=C\Cl,C4H7ClO,106.55078,361.243,NIST
2-(propan-2-yl)benzoic acid,2438-04-0200:00:00,CC(C)c1ccccc1C(=O)O,C10H12O2,164.20108,554.913,NIST
nonadecane,'629-92-5,CCCCCCCCCCCCCCCCCCC,C19H40,268.5209,,DIPPR
"2,6,6-trimethylnonane",'62184-15-0,CCCC(C)(C)CCCC(C)C,C12H26,170.33484,466.911,NIST
"3,5-diethyl-1,1'-biphenyl",'111154-99-5,CCc1cc(CC)cc(-c2ccccc2)c1,C16H18,210.31412,578.496,NIST
3-methylidenepent-1-ene,'3404-63-5,C=CC(=C)CC,C6H10,82.1436,345.745,NIST
2-nitro-9H-fluorene,'607-57-8,O=[N+]([O-])c1ccc2c(c1)Cc1ccccc1-2,C13H9NO2,211.21606,661.954,NIST
"1,2-dimethyl-4-(pentan-2-yl)benzene",'13633-05-1,CCCC(C)c1ccc(C)c(C)c1,C13H20,176.2979,509.369,NIST
"N,N-dimethylpentan-3-amine",'18636-94-7,CCC(CC)N(C)C,C7H17N,115.21658,389.627,NIST
8-(prop-2-en-1-yl)dodec-1-ene,,C=CCCCCCC(CC=C)CCCC,C15H28,208.38282,525.324,NIST
"1-((1,2,3,4-tetrahydronaphthalen-2-yl)methyl)naphthalene",'56818-06-5,c1ccc2c(c1)CCC(Cc1cccc3ccccc13)C2,C21H20,272.3835,700.74,NIST
"1,1,4,6-tetramethyl-5-(propan-2-yl)-2,3-dihydro-1H-indene",'66324-89-8,Cc1cc2c(c(C)c1C(C)C)CCC2(C)C,C16H24,216.36176,573.302,NIST
"2,4-dimethyltridecane",'61868-05-1,CCCCCCCCCC(C)CC(C)C,C15H32,212.41458,524.442,NIST
"2-methylidene-1,1-dipropylhydrazine",'54253-56-4,C=NN(CCC)CCC,C7H16N2,128.21534,429.105,NIST
butyl pyridine-4-carboxylate,'13841-66-2,CCCCOC(=O)c1ccncc1,C10H13NO2,179.21572,547.873,NIST
(methanesulfonyl)ethene,3680-02-0200:00:00,C=CS(C)(=O)=O,C3H6O2S,106.14354,503.848,NIST
"1,1-dimethyl-7-(6-methylheptan-2-yl)decahydronaphthalene",,CC(C)CCCC(C)C1CCC2CCCC(C)(C)C2C1,C20H38,278.51572,593.746,NIST
1-(cyclohexylmethyl)-2-methylcyclohexane,'66826-96-8,CC1CCCCC1CC1CCCCC1,C14H26,194.35624,528.645,NIST
3-bromobut-1-ene,'22037-73-6,C=CC(C)Br,C4H7Br,135.00238,360.328,NIST
hexylbenzene,'1077-16-3,CCCCCCc1ccccc1,C12H18,162.27132,,DIPPR
but-1-ene,'106-98-9,C=CCC,C4H8,56.10632,266.844,NIST
"hexane-2,5-diol",'2935-44-6,CC(O)CCC(C)O,C6H14O2,118.17416,503.567,NIST
"N,N-diethylpent-4-en-2-yn-1-amine",'2696-31-3,C=CC#CCN(CC)CC,C9H15N,137.2221,439.292,NIST
(2E)-hex-2-enoic acid,'13419-69-7,CCC/C=C/C(=O)O,C6H10O2,114.1424,491.122,NIST
1-bromo-3-(propan-2-yl)benzene,5433-01-0200:00:00,CC(C)c1cccc(Br)c1,C9H11Br,199.08764,481.059,NIST
"methyl 2,3-dimethylbenzoate",'15012-36-9,COC(=O)c1cccc(C)c1C,C10H12O2,164.20108,515.083,NIST
(2-methylphenyl)methanol,'89-95-2,Cc1ccccc1CO,C8H10O,122.1644,489.39,NIST
"5-(methanesulfinyl)-2-(propan-2-yl)-1,3-dioxane",'40245-31-6,CC(C)[C@H]1OC[C@@H](S(C)=O)CO1,C8H16O3S,192.27584,579.579,NIST
"4-ethyl-2,2-dimethylhexan-3-ol",'66719-47-9,CCC(CC)C(O)C(C)(C)C,C10H22O,158.28108,460.148,NIST
2-propyloxirane,'1003-14-1,CCCC1CO1,C5H10O,86.1323,364.826,NIST
4-(ethenyloxy)butan-1-ol,'17832-28-9,C=COCCCCO,C6H12O2,116.15828,451.102,NIST
"5-methylheptane-1,5-diol",'99799-26-5,CCC(C)(O)CCCCO,C8H18O2,146.22732,507.076,NIST
methanol-d4,'811-98-3,[2H]OC([2H])([2H])[2H],CH4O,36.06650711,338.465,NIST
"1,1,2,3,4,5,5,5-octachloropenta-1,3-diene",'1888-73-9,ClC(Cl)=C(Cl)C(Cl)=C(Cl)C(Cl)(Cl)Cl,C5Cl8,343.6775,571.921,NIST
"1,2-dibromo-3-chloro-1,1,2,3,3-pentafluoropropane",'422-76-4,FC(F)(Cl)C(F)(Br)C(F)(F)Br,C3Br2ClF5,326.285116,386.226,NIST
tetradecahydrophenanthrene,'5743-97-5,C1CCC2C(C1)CCC1CCCCC12,C14H24,192.34036,555.526,NIST
"2,4'-dinitro-1,1'-biphenyl",'606-81-5,O=[N+]([O-])c1ccc(-c2ccccc2[N+](=O)[O-])cc1,C12H8N2O4,244.20292,663.525,NIST
diglycolic acid,'110-99-6,O=C(O)COCC(=O)O,C4H6O5,134.08744,,DIPPR
"6-(2,5-dimethylphenyl)-1,4-dimethylnaphthalene",'94548-89-7,Cc1ccc(C)c(-c2ccc3c(C)ccc(C)c3c2)c1,C20H20,260.3728,699.772,NIST
S-phenyl ethanethioate,'934-87-2,CC(=O)Sc1ccccc1,C8H8OS,152.21352,504.851,NIST
methyl 12-iodododecanoate,'86374-36-9,COC(=O)CCCCCCCCCCCI,C13H25IO2,340.24087,600.581,NIST
"1,1,2-trimethyl-2,3-dihydro-1H-indene",'17057-83-9,CC1Cc2ccccc2C1(C)C,C12H16,160.25544,476.523,NIST
10-methyl-1-nitroacridin-9(10H)-one,'34961-51-8,Cn1c2ccccc2c(=O)c2c([N+](=O)[O-])cccc21,C14H10N2O3,254.2408,642.314,NIST
(2E)-4-phenylbut-2-enenitrile,'20067-98-5,N#C/C=C/Cc1ccccc1,C10H9N,143.18516,526.474,NIST
pentan-1-ol,'71-41-0,CCCCCO,C5H12O,88.14818,,DIPPR
"5-hydroxy-3,4-dihydronaphthalen-1(2H)-one",'28315-93-7,O=C1CCCc2c(O)cccc21,C10H10O2,162.1852,599.84,NIST
"3,4-dichlorophenol",'95-77-2,Oc1ccc(Cl)c(Cl)c1,C6H4Cl2O,163.00136,529.554,NIST
non-2-yn-1-ol,'5921-73-3,CCCCCCC#CCO,C9H16O,140.22274,505.217,NIST
2-ethylbutan-1-ol,'97-95-0,CCC(CC)CO,C6H14O,102.17476,,DIPPR
"1,2,2-trichloropropane",'3175-23-3,CC(Cl)(Cl)CCl,C3H5Cl3,147.4308,396.146,NIST
2-deoxyhexopyranose,'154-17-6,OC[C@H]1OC(O)C[C@@H](O)[C@@H]1O,C6H12O5,164.15648,650.71,NIST
"1,1,3,3-tetramethylcyclopentane",'50876-33-0,CC1(C)CCC(C)(C)C1,C9H18,126.23922,391.087,NIST
"6-heptyl-7-pentyl-1,2,3,4-tetrahydronaphthalene",'858459-01-5,CCCCCCCc1cc2c(cc1CCCCC)CCCC2,C22H36,300.52124,676.081,NIST
(2S)-2-(6-methoxy-2-naphthyl)propanoic acid,'22204-53-1,COc1ccc2cc([C@H](C)C(=O)O)ccc2c1,C14H14O3,230.25916,666.194,NIST
"3,3,4,4-tetrafluorobutan-2-one",'679-97-0,CC(=O)C(F)(F)C(F)F,C4H4F4O,144.0675728,337.526,NIST
"3-ethyl-4,4-dimethylpentan-2-ol",'21102-09-0,CCC(C(C)O)C(C)(C)C,C9H20O,144.2545,464.519,NIST
N-carbamoylacetamide,'591-07-1,CC(O)=NC(=N)O,C3H6N2O2,102.09194,586.202,NIST
propoxybenzene,'622-85-5,CCCOc1ccccc1,C9H12O,136.19098,463.433,NIST
"2,2,5-trimethylhexan-3-ol",'3970-60-3,CC(C)CC(O)C(C)(C)C,C9H20O,144.2545,442.203,NIST
"1,1-dichloropropane",'78-99-9,CCC(Cl)Cl,C3H6Cl2,112.98574,361.512,NIST
diheptyl hexanedioate,'14697-48-4,CCCCCCCOC(=O)CCCCC(=O)OCCCCCCC,C20H38O4,342.51332,645.79,NIST
"2,2,3,3,6,6,7,7-octamethyloctane",'854912-28-0,CC(C)(C)C(C)(C)CCC(C)(C)C(C)(C)C,C16H34,226.44116,544.806,NIST
1-(butylsulfanyl)butane,'544-40-1,CCCCSCCCC,C8H18S,146.29352,,DIPPR
"2-hexyl-2,3-dihydro-1H-indene",'66359-02-2,CCCCCCC1Cc2ccccc2C1,C15H22,202.33518,564.205,NIST
heptyl butanoate,'5870-93-9,CCCCCCCOC(=O)CCC,C11H22O2,186.29118,498.363,NIST
2-methylpropanoyl fluoride,'430-92-2,CC(C)C(=O)F,C4H7FO,90.0961832,328.625,NIST
3-methylpentyl acetate,'57733-84-3,CC[C@H](C)CCOC(C)=O,C8H16O2,144.21144,429.729,NIST
"cis-4a,8a-dimethyldecahydronaphthalene",'13950-38-4,C[C@]12CCCC[C@@]1(C)CCCC2,C12H22,166.30308,495.119,NIST
2-phenylbutanal,'2439-43-2,CCC(C=O)c1ccccc1,C10H12O,148.20168,482.539,NIST
2-(chloromethyl)thiirane,'3221-15-6,ClCC1CS1,C3H5ClS,108.5898,417.898,NIST
4-tert-butyl-1-methylcyclohex-1-ene,'3419-74-7,CC1=CCC(C(C)(C)C)CC1,C11H20,152.2765,455.722,NIST
"2,2-dimethylnonan-1-ol",'14250-80-7,CCCCCCCC(C)(C)CO,C11H24O,172.30766,508.42,NIST
"octa-1,7-dien-5-yn-3-ol",'1573-68-8,C=CC#CCC(O)C=C,C8H10O,122.1644,471.344,NIST
dichloro(ethoxy)phenylsilane,'18236-80-1,CCO[Si](Cl)(Cl)c1ccccc1,C8H10Cl2OSi,221.1559,495.422,NIST
2-hexyldecyl acetate,'82409-75-4,CCCCCCCCC(CCCCCC)COC(C)=O,C18H36O2,284.47724,596.944,NIST
"3,4-dimethyl-1-phenyl-1H-pyrazole",'116436-00-1,Cc1cn(-c2ccccc2)nc1C,C11H12N2,172.22638,593.769,NIST
"2-methylocta-2,3-diene",'42192-42-7,CCCCC=C=C(C)C,C9H16,124.22334,416.445,NIST
"2-propyl-1H-isoindole-1,3(2H)-dione",'5323-50-2,CCCN1C(=O)c2ccccc2C1=O,C11H11NO2,189.21054,625.814,NIST
"3,4-dimethyloctane",'15869-92-8,CCCCC(C)C(C)CC,C10H22,142.28168,434.822,NIST
(2S)-2-(chloromethyl)oxirane,'67843-74-7,ClC[C@@H]1CO1,C3H5ClO,92.5242,381.241,NIST
dodecanedinitrile,'4543-66-2,N#CCCCCCCCCCCC#N,C12H20N2,192.3006,584.815,NIST
2-(ethylsulfanyl)-3-methylbut-2-ene,'42954-16-5,CCSC(C)=C(C)C,C7H14S,130.25106,419.799,NIST
4-(nonyloxy)benzoic acid,'15872-43-2,CCCCCCCCCOc1ccc(C(=O)O)cc1,C16H24O3,264.35996,633.792,NIST
3-nitrophenol,'554-84-7,O=[N+]([O-])c1cccc(O)c1,C6H5NO3,139.1088,560.264,NIST
"(1Z,6Z)-1,3,6,8-tetramethylcyclodeca-1,6-diene",,C/C1=C/C(C)CC/C(C)=C\C(C)CC1,C14H24,192.34036,487.159,NIST
(2Z)-3-methylhex-2-ene,'10574-36-4,C/C=C(/C)CCC,C7H14,98.18606,370.397,NIST
2-(4-methylcyclohexyl)propan-2-ol,'498-81-7,CC1CCC(C(C)(C)O)CC1,C10H20O,156.2652,440.64,NIST
1-chloro-1-ethylcyclohexane,'1445-98-3,CCC1(Cl)CCCCC1,C8H15Cl,146.6577,460.712,NIST
"2,6,6-trimethylbicyclo(3.1.1)heptan-3-ol",'1196-00-5,C[C@H]1[C@H](O)C[C@@H]2C[C@H]1C2(C)C,C10H18O,154.24932,483.121,NIST
"N,N-diphenylaniline",'603-34-9,c1ccc(N(c2ccccc2)c2ccccc2)cc1,C18H15N,245.3184,670.251,NIST
"2,2,4,4,5-pentamethylhexane",'60302-23-0,CC(C)C(C)(C)CC(C)(C)C,C11H24,156.30826,443.557,NIST
"2,3,4,4-tetramethylhex-2-ene",'67634-13-3,CCC(C)(C)C(C)=C(C)C,C10H20,140.2658,434.138,NIST
"1-methyl-1H-indole-2,3-dione",'2058-74-4,CN1C(=O)C(=O)c2ccccc21,C9H7NO2,161.15738,599.232,NIST
"(2,4-dimethylpent-2-en-1-yl)benzene",'148519-28-2,CC(=CC(C)C)Cc1ccccc1,C13H18,174.28202,495.162,NIST
"2,5-dichloro-3-hydroxy-6-methoxybenzoic acid",'7600-50-2,COc1c(Cl)cc(O)c(Cl)c1C(=O)O,C8H6Cl2O4,237.03684,635.188,NIST
"2,2''-iminobis-acetonitrile",'628-87-5,N#CCNCC#N,C4H5N3,95.1026,,DIPPR
"2,5-dimethylhex-3-ene",'15910-22-2,CC(C)C=CC(C)C,C8H16,112.21264,374.924,NIST
7-methylquinoline,'612-60-2,Cc1ccc2cccnc2c1,C10H9N,143.18516,530.913,NIST
"2-ethyl-1,3,5-trinitrobenzene",'13985-60-9,CCc1c([N+](=O)[O-])cc([N+](=O)[O-])cc1[N+](=O)[O-],C8H7N3O6,241.15768,659.999,NIST
1-iodo-2-methoxybenzene,'529-28-2,COc1ccccc1I,C7H7IO,234.03435,522.767,NIST
"(1,1'-biphenyl)-4-carboxylic acid",'92-92-2,O=C(O)c1ccc(-c2ccccc2)cc1,C13H10O2,198.2173,634.629,NIST
1-(octan-2-yl)decahydronaphthalene,'94376-02-0,CCCCCCC(C)C1CCCC2CCCCC21,C18H34,250.46256,590.328,NIST
"2,3-dimethyltridecane",'18435-20-6,CCCCCCCCCCC(C)C(C)C,C15H32,212.41458,538.403,NIST
3-hydroxy-2-methyl-1-phenylbut-2-en-1-one,'1824699-15-1,CC(O)=C(C)C(=O)c1ccccc1,C11H12O2,176.21178,627.794,NIST
"2,3,5,7-tetramethyl-1H-indole",'91639-45-1,Cc1cc(C)c2[nH]c(C)c(C)c2c1,C12H15N,173.2542,571.469,NIST
"1,2,2,3,3,4,4,5,5,6,6,7-dodecafluoroheptan-1-ol",'98057-27-3,OC(F)C(F)(F)C(F)(F)C(F)(F)C(F)(F)C(F)(F)CF,C7H4F12O,332.0868984,444.425,NIST
"2,3,4-trimethylphenol",'526-85-2,Cc1ccc(O)c(C)c1C,C9H12O,136.19098,509.498,NIST
"1,1,1-trichlorononane",'1071-84-7,CCCCCCCCC(Cl)(Cl)Cl,C9H17Cl3,231.59028,523.14,NIST
"3,5-dimethylheptan-3-ol",'19549-74-7,CCC(C)CC(C)(O)CC,C9H20O,144.2545,452.16,NIST
1-ethyl-3-fluorobenzene,'120248-96-6,CCc1cccc(F)c1,C8H9F,124.1554632,408.18,NIST
"3-(3,4-dihydroxyphenyl)propanoic acid",'1078-61-1,O=C(O)CCc1ccc(O)c(O)c1,C9H10O4,182.1733,620.261,NIST
ethyl 3-(4-nitrophenyl)-3-oxopropanoate,'838-57-3,CCOC(=O)CC(=O)c1ccc([N+](=O)[O-])cc1,C11H11NO5,237.20874,598.481,NIST
"2,3-dimethylhexadecane",'61868-02-8,CCCCCCCCCCCCCC(C)C(C)C,C18H38,254.49432,583.962,NIST
(2-ethylphenyl)(phenyl)methanol,'2029-73-4,CCc1ccccc1C(O)c1ccccc1,C15H16O,212.28694,600.641,NIST
"2,2-dimethylpropanoic anhydride",'1538-75-6,CC(C)(C)C(=O)OC(=O)C(C)(C)C,C10H18O3,186.24812,468.534,NIST
1-methyl-4-(pentan-3-yl)benzene,'22975-58-2,CCC(CC)c1ccc(C)cc1,C12H18,162.27132,482.036,NIST
"2,2,3,5-tetramethylhexan-3-ol",'66256-64-2,CC(C)C[C@](C)(O)C(C)(C)C,C10H22O,158.28108,454.568,NIST
2-nitroadamantane,'54564-31-7,O=[N+]([O-])C1C2CC3CC(C2)CC1C3,C10H15NO2,181.2316,561.766,NIST
2-((propan-2-yl)oxy)ethan-1-ol,'109-59-1,CC(C)OCCO,C5H12O2,104.14758,414.114,NIST
6-ethenyldodecane,'109760-94-3,C=CC(CCCCC)CCCCCC,C14H28,196.37212,514.041,NIST
"9-((3-methylbut-2-en-1-yl)oxy)-7H-furo(3,2-g)(1)benzopyran-7-one",'482-44-0,CC(C)=CCOc1c2occc2cc2ccc(=O)oc12,C16H14O4,270.27996,690.741,NIST
"5-nitropyrimidine-2,4(1H,3H)-dione",'611-08-5,O=[N+]([O-])c1cnc(O)nc1O,C4H3N3O4,157.08432,660.035,NIST
"2,2,3,3,4,4,5,5-octafluoropentan-1-ol",'355-80-6,OCC(F)(F)C(F)(F)C(F)(F)C(F)F,C5H4F8O,232.0718856,413.632,NIST
"3-methylcyclohepta-1,3,5-triene",'3045-90-7,CC1=CC=CCC=C1,C8H10,106.165,426.955,NIST
"2,6-dimethyl-1,1'-biphenyl",'3976-34-9,Cc1cccc(C)c1-c1ccccc1,C14H14,182.26096,535.538,NIST
1-(tert-butyldioxy)-3-methoxy-2-propanol,'38578-20-0,COCC(O)COOC(C)(C)C,C8H18O4,178.22612,477.544,NIST
dodecan-4-ol,'10203-32-4,CCCCCCCCC(O)CCC,C12H26O,186.33424,528.552,NIST
"2,6-di(propan-2-yl)aniline",'24544-04-5,CC(C)c1cccc(C(C)C)c1N,C12H19N,177.28596,544.51,NIST
"4'-propyl(1,1'-bi(cyclohexane))-4-carbonitrile",'65355-35-3,CCC[C@H]1CC[C@H]([C@H]2CC[C@H](C#N)CC2)CC1,C16H27N,233.39228,601.808,NIST
"(4R,5S)-4,5-octanediol",'59173-74-9,CCC[C@@H](O)[C@@H](O)CCC,C8H18O2,146.22732,514.446,NIST
(1S)-1-(2-naphthyl)ethanol,'27544-18-9,C[C@H](O)c1ccc2ccccc2c1,C12H12O,172.22308,591.659,NIST
2-(2-methoxypropoxy)propan-1-ol,'34590-94-8,COC(C)COC(C)CO,C7H16O3,148.20014,,DIPPR
"1,1'-((1Z,3E)-buta-1,3-diene-1,4-diyl)dibenzene",5808-05-0900:00:00,C(=C\c1ccccc1)\C=C\c1ccccc1,C16H14,206.28236,580.021,NIST
"2,5,7,7-tetramethyloctan-2-ol",'775350-98-6,CC(CCC(C)(C)O)CC(C)(C)C,C12H26O,186.33424,489.571,NIST
"6-decyl-1,2,3,4-tetrahydronaphthalene",'66455-69-4,CCCCCCCCCCc1ccc2c(c1)CCCC2,C20H32,272.46808,640.58,NIST
1-((propan-2-yl)disulfanyl)propane,'33672-51-4,CCCSSC(C)C,C6H14S2,150.30536,459.195,NIST
octadecafluorooctane,'307-34-6,FC(F)(F)C(F)(F)C(F)(F)C(F)(F)C(F)(F)C(F)(F)C(F)(F)C(F)(F)F,C8F18,438.0568576,378.994,NIST
"2-chloro-3-methylpenta-1,3-diene",'116530-45-1,C=C(Cl)C(C)=CC,C6H9Cl,116.58866,389.563,NIST
3-methyl-6-(1-methylethyl)-2-cyclohexen-1-one,'89-81-6,CC1=CC(=O)C(C(C)C)CC1,C10H16O,152.23344,489.023,NIST
2-tert-butylthiophene,'1689-78-7,CC(C)(C)c1cccs1,C8H12S,140.24588,437.038,NIST
"1,2-dichloro-3-nitrobenzene",'3209-22-1,O=[N+]([O-])c1cccc(Cl)c1Cl,C6H3Cl2NO2,191.99952,530.279,NIST
"1,2,4-trioxolane",'289-14-5,C1OCOO1,C2H4O3,76.05136,331.107,NIST
1-(but-3-en-1-yl)cyclohex-1-ene,'1911-19-9,C=CCCC1=CCCCC1,C10H16,136.23404,450.387,NIST
3-(chloromethyl)pentane,'4737-41-1,CCC(CC)CCl,C6H13Cl,120.62042,399.345,NIST
1-chlorooxanthrene,'39227-53-7,Clc1cccc2c1Oc1ccccc1O2,C12H7ClO2,218.63578,564.824,NIST
quinolin-4-ol,'611-36-9,O=c1cc[nH]c2ccccc12,C9H7NO,145.15798,571.174,NIST
4-heptylpyridine,'40089-90-5,CCCCCCCc1ccncc1,C12H19N,177.28596,548.165,NIST
"1,1-dichlorononane",'821-88-5,CCCCCCCCC(Cl)Cl,C9H18Cl2,197.14522,504.187,NIST
"3,3,4,4-tetramethylpentan-2-ol",'66793-88-2,CC(O)C(C)(C)C(C)(C)C,C9H20O,144.2545,487.23,NIST
octyl nitrate,'629-39-0,CCCCCCCCO[N+](=O)[O-],C8H17NO3,175.22548,537.287,NIST
2-(octan-3-yl)naphthalene,'872795-15-8,CCCCCC(CC)c1ccc2ccccc2c1,C18H24,240.38316,625.656,NIST
tert-butyl butanoate,'2308-38-5,CCCC(=O)OC(C)(C)C,C8H16O2,144.21144,409.431,NIST
1-(ethylsulfanyl)octane,'3698-94-0,CCCCCCCCSCC,C10H22S,174.34668,505.534,NIST
7-ethylquinoline,'7661-47-4,CCc1ccc2cccnc2c1,C11H11N,157.21174,540.507,NIST
trifluoromethylsilane,'373-74-0,FC(F)(F)[SiH3],CH3F3Si,100.1152296,243.205,NIST
"ethyl N,N-diethylalaninate",'82614-48-0,CCOC(=O)C(C)N(CC)CC,C9H19NO2,173.25266,454.301,NIST
(2E)-3-ethoxy-4-methylpent-2-ene,'1528-14-9,C/C=C(/OCC)C(C)C,C8H16O,128.21204,398.278,NIST
9-methylanthracene,'779-02-2,Cc1c2ccccc2cc2ccccc12,C15H12,192.25578,628.999,NIST
"1,4,7,10,13,16,19,22-octaoxacyclotetracosane",'33089-37-1,C1COCCOCCOCCOCCOCCOCCOCCO1,C16H32O8,352.42048,683.014,NIST
benzyl 3-oxobutanoate,'5396-89-4,CC(=O)CC(=O)OCc1ccccc1,C11H12O3,192.21118,546.621,NIST
7-methyl-1-(propan-2-yl)naphthalene,'66577-17-1,Cc1ccc2cccc(C(C)C)c2c1,C14H16,184.27684,558.071,NIST
2-methylpentan-1-ol,'105-30-6,CCCC(C)CO,C6H14O,102.17476,420.774,NIST
3-fluorophenol,'372-20-3,Oc1cccc(F)c1,C6H5FO,112.1017032,432.298,NIST
"N,N-dimethylbutan-1-amine",'927-62-8,CCCCN(C)C,C6H15N,101.19,,DIPPR
2-((propan-2-yl)sulfanyl)-1H-benzimidazole,'124530-70-7,CC(C)Sc1nc2ccccc2[nH]1,C10H12N2S,192.28068,647.55,NIST
"(2S)-3,3-dimethyl-2-butanol",'1517-67-5,C[C@H](O)C(C)(C)C,C6H14O,102.17476,392.877,NIST
"4-(1-adamantyl)-2,2,6,6-tetramethyl-3,5-heptanedione",'108221-11-0,CC(C)(C)C(=O)C(C(=O)C(C)(C)C)C12CC3CC(CC(C3)C1)C2,C21H34O2,318.49346,646.762,NIST
1-hexadecyl-2-methylbenzene,'112098-25-6,CCCCCCCCCCCCCCCCc1ccccc1C,C23H40,316.5637,654.906,NIST
"2-ethyl-3-methylbutane-1,4-diol",'66225-34-1,CCC(CO)C(C)CO,C7H16O2,132.20074,529.443,NIST
"1,1'-diethyl 2,2'-(oxydi(ethane-2,1-diyl)) diethanedioate",'108846-94-2,CCOC(=O)C(=O)OCCOCCOC(=O)C(=O)OCC,C12H18O9,306.26592,604.586,NIST
3-methylheptan-4-ol,'1838-73-9,CCCC(O)C(C)CC,C8H18O,130.22792,437.869,NIST
"1,1'-(decane-1,10-diyl)dibenzene",'35511-93-4,c1ccc(CCCCCCCCCCc2ccccc2)cc1,C22H30,294.4736,655.739,NIST
"1-heptyl-2,3-dihydro-1H-indene",'66325-06-2,CCCCCCCC1CCc2ccccc21,C16H24,216.36176,588.888,NIST
"(2,5,8-trimethylnonan-5-yl)cyclohexane",'861222-22-2,CC(C)CCC(C)(CCC(C)C)C1CCCCC1,C18H36,252.47844,562.395,NIST
oct-2-yn-1-ol,'20739-58-6,CCCCCC#CCO,C8H14O,126.19616,488.271,NIST
"phenyl(2,3,4-trihydroxyphenyl)methanone",'1143-72-2,O=C(c1ccccc1)c1ccc(O)c(O)c1O,C13H10O4,230.2161,682.416,NIST
"3,3-diethyl-1,1,5-trimethyl-2,3-dihydro-1H-indene",'66324-94-5,CCC1(CC)CC(C)(C)c2ccc(C)cc21,C16H24,216.36176,571.544,NIST
"3,6-dimethyloctane",'15869-94-0,CCC(C)CCC(C)CC,C10H22,142.28168,428.997,NIST
"(2,3-dibromopropyl)cyclohexane",'859819-43-5,BrCC(Br)CC1CCCCC1,C9H16Br2,284.03134,527.634,NIST
"hexa-1,5-dien-3-yne",'821-08-9,C=CC#CC=C,C6H6,78.11184,359.011,NIST
(2-cyclohexylethenyl)benzene,'18869-27-7,C(=CC1CCCCC1)c1ccccc1,C14H18,186.29272,558.865,NIST
"2,3,5-trimethylbenzene-1,4-diol",'700-13-0,Cc1cc(O)c(C)c(C)c1O,C9H12O2,152.19038,593.224,NIST
"1-(2,4-dimethylpent-2-en-3-yl)naphthalene",'76954-06-8,CC(C)=C(c1cccc2ccccc12)C(C)C,C17H20,224.3407,604.601,NIST
"1,3,5-triethyl-6-propylcyclohexa-1,3-diene",'92789-94-1,CCCC1C(CC)=CC(CC)=CC1CC,C15H26,206.36694,526.652,NIST
"2,4-di(butan-2-yl)-1,3,5-trimethylbenzene",'94752-52-0,CCC(C)c1c(C)cc(C)c(C(C)CC)c1C,C17H28,232.40422,571.461,NIST
trimethyl(4-methylphenoxy)silane,'17902-32-8,Cc1ccc(O[Si](C)(C)C)cc1,C10H16OSi,180.31894,476.236,NIST
"(2R,3S)-2,3-butanediol",'5341-95-7,C[C@H](O)[C@@H](C)O,C4H10O2,90.121,455.413,NIST
(E)-4-tert-butoxy-4-oxo-2-buteneperoxoic acidmethyl ester,'49681-66-5,COOC(=O)/C=C/C(=O)OC(C)(C)C,C9H14O5,202.20446,512.797,NIST
butan-2-yl chloroacetate,'17696-64-9,CCC(C)OC(=O)CCl,C6H11ClO2,150.60334,440.343,NIST
"1,5-dimethylnaphthalene",'571-61-9,Cc1cccc2c(C)cccc12,C12H12,156.22368,542.943,NIST
1-ethoxybutane,'628-81-9,CCCCOCC,C6H14O,102.17476,,DIPPR
"1,1,1-trifluoro-5-methyl-2,4-hexanedione",'30984-28-2,CC(C)C(=O)CC(=O)C(F)(F)F,C7H9F3O2,182.1403696,431.274,NIST
"N,N-diethyl-2,4-dinitroaniline",'837-64-9,CCN(CC)c1ccc([N+](=O)[O-])cc1[N+](=O)[O-],C10H13N3O4,239.22792,621.777,NIST
cyclohexanecarbaldehyde,'2043-61-0,O=CC1CCCCC1,C7H12O,112.16958,427.857,NIST
"5-methyl-2,4-di(propan-2-yl)phenol",'40625-96-5,Cc1cc(O)c(C(C)C)cc1C(C)C,C13H20O,192.2973,545.335,NIST
"1,4-diethyl-2,3-dimethylcyclohexane",'91695-26-0,CCC1CCC(CC)C(C)C1C,C12H24,168.31896,501.296,NIST
2-butyl-3-propylnaphthalene,'701272-06-2,CCCCc1cc2ccccc2cc1CCC,C17H22,226.35658,606.369,NIST
"2,5-dimethylhexane-2,4-diol",'3899-89-6,CC(C)C(O)CC(C)(C)O,C8H18O2,146.22732,479.069,NIST
3-methyl-1-penten-4-yn-3-ol,'3230-69-1,C#CC(C)(O)C=C,C6H8O,96.12712,399.09,NIST
"pent-3-en-1-yne, isomer mixture",'2206-23-7,C#CC=CC,C5H6,66.10114,319.172,NIST
"bicyclo(3.2.1)octa-2,6-diene",'4096-95-1,C1=CC2C=CC(C1)C2,C8H10,106.165,410.773,NIST
1-(bicyclo(2.2.1)heptan-1-yl)ethan-1-ol,'62947-53-9,CC(O)C12CCC(CC1)C2,C9H16O,140.22274,466.717,NIST
N-propylbutan-2-amine,'39190-67-5,CCCNC(C)CC,C7H17N,115.21658,398.679,NIST
dimercaptoethyl ether,2150-02-0900:00:00,SCCOCCS,C4H10OS2,138.2516,456.735,NIST
5-cyclopentylpentan-1-ol,'6053-86-7,OCCCCCC1CCCC1,C10H20O,156.2652,521.064,NIST
2-methylhept-2-ene,'627-97-4,CCCCC=C(C)C,C8H16,112.21264,395.532,NIST
2-cyano-N-ethyl-3-phenylprop-2-enamide,'23795-36-0,CCN=C(O)C(C#N)=Cc1ccccc1,C12H12N2O,200.23648,693.469,NIST
4-ethyl-3-methylphenol,'1123-94-0,CCc1ccc(O)cc1C,C9H12O,136.19098,501.877,NIST
6-chloro-1-methylpyridin-2(1H)-one,'17228-63-6,Cn1c(Cl)cccc1=O,C6H6ClNO,143.57094,503.808,NIST
"2,5-dimethyldodecane",'56292-65-0,CCCCCCCC(C)CCC(C)C,C14H30,198.388,505.895,NIST
"3,3'-di(propan-2-yl)-1,1'-biphenyl",'69375-12-8,CC(C)c1cccc(-c2cccc(C(C)C)c2)c1,C18H22,238.36728,590.931,NIST
"1,2,3,4,5-pentaethylbenzene",'605-01-6,CCc1cc(CC)c(CC)c(CC)c1CC,C16H26,218.37764,,DIPPR
"1-chloro-1,2,2-trifluoroethane",'431-07-2,FC(F)C(F)Cl,C2H2ClF3,118.4854896,298.398,NIST
2-ethyl-1-methylnaphthalene,'25607-16-3,CCc1ccc2ccccc2c1C,C13H14,170.25026,550.507,NIST
propanenitrile,'107-12-0,CCC#N,C3H5N,55.0785,,DIPPR
trans-4-undecene,'693-62-9,CCC/C=C/CCCCCC,C11H22,154.29238,463.32,NIST
"2-methyl-2,3,3-trinitrobutane",'5324-72-1,CC(C)([N+](=O)[O-])C(C)([N+](=O)[O-])[N+](=O)[O-],C5H9N3O6,207.14146,581.515,NIST
2-methyl-3-pentylphenol,'1087761-75-8,CCCCCc1cccc(O)c1C,C12H18O,178.27072,535.57,NIST
pentan-2-ol,'6032-29-7,CCCC(C)O,C5H12O,88.14818,,DIPPR
ethylcycloheptane,'13151-55-8,CCC1CCCCCC1,C9H18,126.23922,437.569,NIST
"2,11-dimethyl-4,9-bis(2-methylpropyl)dodecane",'102886-17-9,CC(C)CC(CCCCC(CC(C)C)CC(C)C)CC(C)C,C22H46,310.60064,603.543,NIST
cholest-1-ene,'16732-83-5,CC(C)CCC[C@@H](C)[C@H]1CC[C@H]2[C@@H]3CCC4CCC=C[C@]4(C)[C@H]3CC[C@]12C,C27H46,370.65414,686.43,NIST
"(3-ethylhepta-1,3-dien-1-yl)benzene",'100950-89-8,CCCC=C(/C=C/c1ccccc1)CC,C15H20,200.3193,565.041,NIST
"1,1,1,2,2,3,3-heptafluoro-3-(trifluoromethoxy)propane",'59426-77-6,FC(F)(F)OC(F)(F)C(F)(F)C(F)(F)F,C4F10O,254.026232,279.952,NIST
2-(furan-2-yl)ethan-1-ol,'35942-95-1,OCCc1ccco1,C6H8O2,112.12652,459.971,NIST
"3,3-dimethylheptadecanoic acid",'21964-25-0,CCCCCCCCCCCCCCC(C)(C)CC(=O)O,C19H38O2,298.50382,628.589,NIST
nitrocyclohexane,'1122-60-7,O=[N+]([O-])C1CCCCC1,C6H11NO2,129.15704,463.409,NIST
2-propylcyclohexan-1-one,'94-65-5,CCCC1CCCCC1=O,C9H16O,140.22274,475.844,NIST
"2,4-dinitro-N,N-di(propan-2-yl)aniline",'67263-22-3,CC(C)N(c1ccc([N+](=O)[O-])cc1[N+](=O)[O-])C(C)C,C12H17N3O4,267.28108,636.46,NIST
(2-hydroxy-4-methoxyphenyl)(4-methoxyphenyl)methanone,'6131-38-0,COc1ccc(C(=O)c2ccc(OC)cc2O)cc1,C15H14O4,258.26926,661.35,NIST
"4-methylpenta-1,2-diene",'13643-05-5,C=C=CC(C)C,C6H10,82.1436,343.124,NIST
"10,11-dihydro-5H-dibenzo(a,d)(7)annulene",'833-48-7,c1ccc2c(c1)CCc1ccccc1C2,C15H14,194.27166,574.264,NIST
3-pentylpyridine,'1802-20-6,CCCCCc1cccnc1,C10H15N,149.2328,508.507,NIST
"1,2-dichlorodecane",'34619-32-4,CCCCCCCCC(Cl)CCl,C10H20Cl2,211.1718,519.345,NIST
"1,1,1,2,2,3,3,4,4,5,5,6,6-tridecafluoro-6-iodohexane",'355-43-1,FC(F)(F)C(F)(F)C(F)(F)C(F)(F)C(F)(F)C(F)(F)I,C6F13I,445.9479116,392.766,NIST
"2,3,4,5,6-pentachloro-1,1'-biphenyl",'18259-05-7,Clc1c(Cl)c(Cl)c(-c2ccccc2)c(Cl)c1Cl,C12H5Cl5,326.4331,658.782,NIST
pentyl pentanoate,'2173-56-0,CCCCCOC(=O)CCCC,C10H20O2,172.2646,476.075,NIST
1-benzothiophene-2-carboxylic acid,'6314-28-9,O=C(O)c1cc2ccccc2s1,C9H6O2S,178.20774,620.165,NIST
"3,4-diethylhexa-2,4-diene",'103394-04-3,CC=C(CC)C(=CC)CC,C10H18,138.24992,428.9,NIST
METHYLETHANOLAMINE,109-83-1,CNCCO,C3H9NO,75.11,,DIPPR
BROMOCHLOROMETHANE,74-97-5,BrCCl,CH2BrCl,129.384,,DIPPR
"2,2-DIMETHYLHEPTANE",1071-26-7,CC(C)(C)CCCCC,C9H20,128.255,,DIPPR
"2,3,3,4-TETRAMETHYLPENTANE",16747-38-9,CC(C)C(C)(C)C(C)C,C9H20,128.255,,DIPPR
N-ETHYL-2-METHYLALLYLAMINE,18328-90-0,CC(=C)CNCC,C6H13N,99.174,,DIPPR
VINYL FORMATE,692-45-5,C=COC(=O),C3H4O2,72.063,,DIPPR
THIAINDAN,4565-32-6,c1cc2SCCc2cc1,C8H8S,136.214,,DIPPR
"cis-1,2-DICHLOROETHYLENE",156-59-2,Cl/C=CCl,C2H2Cl2,96.943,,DIPPR
2-HYDROXYETHYL ACRYLATE,818-61-1,C=CC(=O)OCCO,C5H8O3,116.115,,DIPPR
CHLOROACETYL CHLORIDE,09/04/1979,ClCC(=O)Cl,C2H2Cl2O,112.943,,DIPPR
ETHYLENE GLYCOL MONOPROPYL ETHER,2807-30-9,CCCOCCO,C5H12O2,104.148,,DIPPR
DIMETHYLMERCURY,593-74-8,C[Hg]C,C2H6Hg,230.659,,DIPPR
6-METHYL-1-OCTANOL,38514-05-5,CCC(C)CCCCCO,C9H20O,144.255,,DIPPR
"1,2-DIBROMOTETRAFLUOROETHANE",124-73-2,BrC(F)(F)C(F)(F)Br,C2Br2F4,259.823,,DIPPR
n-HENEICOSANE,629-94-7,CCCCCCCCCCCCCCCCCCCCC,C21H44,296.574,,DIPPR
POTASSIUM IODIDE,7681-11-0,[K+].[I-],IK,166.003,,DIPPR
MELAMINE,108-78-1,C1(N)=NC(N)=NC(N)=N1,C3H6N6,126.12,,DIPPR
"2,6,8-TRIMETHYL-4-NONANONE",123-18-2,CC(C)CC(C)CC(=O)CC(C)C,C12H24O,184.318,,DIPPR
n-PROPYL ISOBUTYRATE,644-49-5,CC(C)C(=O)OCCC,C7H14O2,130.185,,DIPPR
SQUALANE,111-01-3,CC(C)CCCC(C)CCCC(C)CCCCC(C)CCCC(C)CCCC(C)C,C30H62,422.813,,DIPPR
o-PHENYLENEDIAMINE,95-54-5,c1(N)c(N)cccc1,C6H8N2,108.141,,DIPPR
4-HYDROXYMETHYL BENZOIC ACID,3006-96-0,OCc1ccc(C(=O)O)cc1,C8H8O3,152.147,,DIPPR
"1,3,5-TRIISOPROPYLBENZENE",717-74-8,c1(C(C)C)cc(C(C)C)cc(C(C)C)c1,C15H24,204.351,,DIPPR
"2,4-DIAMINOTOLUENE",95-80-7,c1(N)cc(N)c(C)cc1,C7H10N2,122.168,,DIPPR
SUCCINIC ACID,110-15-6,OC(=O)CCC(=O)O,C4H6O4,118.088,,DIPPR
1-METHYL-4-VINYLCYCLOHEXENE,17699-86-4,C1(C)=CCC(C=C)CC1,C9H14,122.207,,DIPPR
ISOPROPYL IODIDE,75-30-9,CC(I)C,C3H7I,169.992,,DIPPR
N-AMINOETHYL ETHANOLAMINE,111-41-1,NCCNCCO,C4H12N2O,104.151,,DIPPR
PYRIDAZINE,289-80-5,N1=NC=CC=C1,C4H4N2,80.088,,DIPPR
XENON,7440-63-3,[Xe],Xe,131.293,,DIPPR
SULFUR,7704-34-9,[S],S,32.065,,DIPPR
n-HEXYLCYCLOHEXANE,4292-75-5,CCCCCCC1CCCCC1,C12H24,168.319,,DIPPR
DIFLUOROMETHYL TRIFLUOROMETHYL ETHER,3822-68-2,C(F)(F)(F)OC(F)(F),C2HF5O,136.021,,DIPPR
m-TOLUALDEHYDE,620-23-5,c1c(C)cccc1(C=O),C8H8O,120.149,,DIPPR
METHYLCYCLOPENTADIENE,26519-91-5,C1(C)=CC=CC1,C6H8,80.128,,DIPPR
2-METHYL-1-TRIDECANOL,32480-16-3,CCCCCCCCCCCC(C)CO,C14H30O,214.387,,DIPPR
sec-BUTYL ACRYLATE,05/08/2998,CCC(C)OC(=O)C=C,C7H12O2,128.169,,DIPPR
METHYL t-PENTYL SULFIDE,13286-92-5,CSC(C)(C)CC,C6H14S,118.24,,DIPPR
BENZYL ALCOHOL,100-51-6,c1ccccc1(CO),C7H8O,108.138,,DIPPR
TRIOCTYL TRIMELLITATE,3319-31-1,O=C(OCC(CCCC)CC)c(ccc(c1C(=O)OCC(CCCC)CC)C(=O)OCC(CCCC)CC)c1,C33H54O6,546.778,,DIPPR
"2,4-DICHLOROBENZOTRIFLUORIDE",320-60-5,c1(C(F)(F)F)c(Cl)cc(Cl)cc1,C7H3Cl2F3,215.0,,DIPPR
"2,2-DIMETHYL-3-ETHYLPENTANE",16747-32-3,CC(C)(C)C(CC)CC,C9H20,128.255,,DIPPR
ARSENIC (III) CHLORIDE,7784-34-1,Cl[As](Cl)Cl,AsCl3,181.28,,DIPPR
"1,3-PROPYLENE OXIDE",503-30-0,C1CCO1,C3H6O,58.079,,DIPPR
trans-CROTONALDEHYDE,123-73-9,C/C=C/C=O,C4H6O,70.09,,DIPPR
"4,6-DINITRO-o-sec-BUTYLPHENOL",88-85-7,c1(O)c(C(C)CC)cc(N(=O)=O)cc1(N(=O)=O),C10H12N2O5,240.213,,DIPPR
"2,3-DIMETHYLDODECANE",6117-98-2,CC(C)C(C)CCCCCCCCC,C14H30,198.388,,DIPPR
m-CYMENE,535-77-3,c1(C(C)C)cc(C)ccc1,C10H14,134.218,,DIPPR
"1,1-DIMETHYLCYCLOPENTANE",1638-26-2,C1(C)(C)CCCC1,C7H14,98.186,,DIPPR
trans-3-METHYLCYCLOHEXANOL,7443-55-2,C1[C@](O)([H])(C[C@@](C)([H])(CC1)),C7H14O,114.185,,DIPPR
DIPROPYLENE GLYCOL n-BUTYL ETHER,35884-42-5,CC(O)COC(C)COCCCC,C10H22O3,190.28,,DIPPR
"1,4-DIMETHYLTETRALIN",4175-54-6,CC2CCC(C)c1ccccc12,C12H16,160.255,,DIPPR
p-PHENETIDINE,156-43-4,c1(OCC)ccc(N)cc1,C8H11NO,137.179,,DIPPR
ETHYL t-BUTYL SULFIDE,14290-92-7,CC(C)(C)SCC,C6H14S,118.24,,DIPPR
n-NONYL MERCAPTAN,1455-21-6,CCCCCCCCCS,C9H20S,160.32,,DIPPR
4-METHYL-1-OCTANOL,38514-03-3,CCCCC(C)CCCO,C9H20O,144.255,,DIPPR
"4,4'-DINITROTRIPHENYLAMINE",1100-10-3,N(c1ccc(N(=O)=O)cc1)(c2ccc(N(=O)=O)cc2)(c3ccccc3),C18H13N3O4,335.314,,DIPPR
DIBUTYL SEBACATE,109-43-3,CCCCOC(=O)CCCCCCCCC(=O)OCCCC,C18H34O4,314.46,,DIPPR
CYCLOHEXYL ACETATE,622-45-7,C1(OC(=O)C)CCCCC1,C8H14O2,142.196,,DIPPR
o-NITROANISOLE,91-23-6,c1(OC)c(N(=O)=O)cccc1,C7H7NO3,153.135,,DIPPR
n-TRIDECANE,629-50-5,CCCCCCCCCCCCC,C13H28,184.361,,DIPPR
"1,5,9-CYCLODODECATRIENE",706-31-0,C1=CCCC=CCCC=CCC1,C12H18,162.271,,DIPPR
TRI-n-BUTYL PHOSPHATE,126-73-8,O=P(OCCCC)(OCCCC)OCCCC,C12H27O4P,266.314,,DIPPR
"1,2-DIBROMODODECANE",55334-42-4,C(Br)C(Br)CCCCCCCCCC,C12H24Br2,328.127,,DIPPR
"2,4-DINITROTOLUENE",121-14-2,c1(C)c([N+](=O)[O-])cc([N+](=O)[O-])cc1,C7H6N2O4,182.134,,DIPPR
PENTAETHYLENE GLYCOL MONOMETHYL ETHER,23778-52-1,COCCOCCOCCOCCOCCO,C11H24O6,252.305,,DIPPR
"2,2,3,3-TETRAMETHYLHEXANE",13475-81-5,CC(C)(C)C(C)(C)CCC,C10H22,142.282,,DIPPR
INDENE,95-13-6,c1(CC=C2)c2cccc1,C9H8,116.16,,DIPPR
METHYL DIETHANOLAMINE,105-59-9,CN(CCO)CCO,C5H13NO2,119.162,,DIPPR
"2,3-DIMETHYL-2-BUTENE",563-79-1,CC(C)=C(C)C,C6H12,84.159,,DIPPR
1-METHYL-4-ISOPROPYLCYCLOHEXANE,99-82-1,C1(CCC(CC1)C(C)C)C,C10H20,140.266,,DIPPR
ACETONE,67-64-1,CC(=O)C,C3H6O,58.079,,DIPPR
ETHYL METHYL DISULFIDE,20333-39-5,CSSCC,C3H8S2,108.226,,DIPPR
"2,3-DIMETHYLOCTANE",7146-60-3,CC(C)C(C)CCCCC,C10H22,142.282,,DIPPR
ISOBUTYRIC ANHYDRIDE,97-72-3,CC(C)C(=O)OC(=O)C(C)C,C8H14O3,158.195,,DIPPR
DICHLORODIETHYLSILANE,1719-53-5,CC[Si](Cl)(Cl)CC,C4H10Cl2Si,157.114,,DIPPR
o-METHYLSTYRENE,611-15-4,C=Cc1c(C)cccc1,C9H10,118.176,,DIPPR
"1,1,2-TRIPHENYLETHANE",1520-42-9,C(c1ccccc1)(c2ccccc2)Cc3ccccc3,C20H18,258.357,,DIPPR
"N,N-DIMETHYL-n-BUTYLAMINE",927-62-8,CCCCN(C)C,C6H15N,101.19,,DIPPR
"o,p-BISPHENOL A",837-08-1,c1cc(O)c(C(C)(C)c2ccc(O)cc2)cc1,C15H16O2,228.286,,DIPPR
DICHLOROMETHANE,02/09/1975,ClCCl,CH2Cl2,84.933,,DIPPR
alpha-TOCOPHEROL,09/02/1959,c1(O)c(C)c2CCC(C)(CCCC(C)CCCC(C)CCCC(C)C)Oc2c(C)c1(C),C29H50O2,430.706,,DIPPR
6-METHYL-1-HEPTENE,5026-76-6,C=CCCCC(C)C,C8H16,112.213,,DIPPR
MONOCHLOROBENZENE,108-90-7,c1ccccc1(Cl),C6H5Cl,112.557,,DIPPR
"DECAN-1,10-DIOL",112-47-0,OCCCCCCCCCCO,C10H22O2,174.28,,DIPPR
1-TETRACONTENE,61868-18-6,C=CCCCCCCCCCCCCCCCCCCCCCCCCCCCCCCCCCCCCCC,C40H80,561.063,,DIPPR
"1,2,3,5-TETRAMETHYLBENZENE",527-53-7,c1(C)c(C)c(C)cc(C)c1,C10H14,134.218,,DIPPR
CITRIC ACID,77-92-9,OC(=O)CC(O)(C(=O)O)CC(=O)O,C6H8O7,192.124,,DIPPR
UNDECYL MERCAPTAN,5332-52-5,CCCCCCCCCCCS,C11H24S,188.373,,DIPPR
"1,3,5-TRINITROBENZENE",99-35-4,c1([N+](=O)[O-])cc([N+](=O)[O-])cc([N+](=O)[O-])c1,C6H3N3O6,213.105,,DIPPR
o-CRESOL,95-48-7,c1(O)c(C)cccc1,C7H8O,108.138,,DIPPR
1-cis-2-trans-3-TRIMETHYLCYCLOPENTANE,15890-40-1,C[C@@H]1CC[C@@H](C)[C@H]1C,C8H16,112.213,,DIPPR
m-DIETHYLBENZENE,141-93-5,c1(CC)cc(CC)ccc1,C10H14,134.218,,DIPPR
TRICHLOROACETYL CHLORIDE,08/02/1976,ClC(Cl)(Cl)C(=O)Cl,C2Cl4O,181.833,,DIPPR
2-HYDROXYACETOPHENONE,118-93-4,c1(C(=O)C)c(O)cccc1,C8H8O2,136.148,,DIPPR
METHYL n-PROPYL SULFIDE,3877-15-4,CSCCC,C4H10S,90.187,,DIPPR
"3,3-DIETHYLPENTANE",1067-20-5,CCC(CC)(CC)CC,C9H20,128.255,,DIPPR
FLUORINE,7782-41-4,FF,F2,37.997,,DIPPR
"N,N'-DI-tert-BUTYLETHYLENEDIAMINE",4062-60-6,CC(C)(C)NCCNC(C)(C)C,C10H24N2,172.311,,DIPPR
n-OCTYLCYCLOHEXANE,1795-15-9,C(CCCC1)(C1)CCCCCCCC,C14H28,196.372,,DIPPR
2-HEPTANOL,543-49-7,CC(O)CCCCC,C7H16O,116.201,,DIPPR
"2,5-DIMETHYLTETRAHYDROFURAN",1003-38-9,O1C(C)CCC1C,C6H12O,100.159,,DIPPR
p-DIMETHYLAMINOBENZALDEHYDE,100-10-7,c1(N(C)C)ccc(C(=O))cc1,C9H11NO,149.19,,DIPPR
IRON,7439-89-6,[Fe],Fe,55.845,,DIPPR
ETHYL MYRISTATE,124-06-1,O=C(OCC)CCCCCCCCCCCCC,C16H32O2,256.424,,DIPPR
TRIPHENYL PHOSPHATE,115-86-6,c1ccccc1(OP(=O)(Oc2ccccc2)Oc3ccccc3),C18H15O4P,326.283,,DIPPR
SUCROSE ACETATE ISOBUTYRATE,126-13-6,CC(C)C(=O)OC1C(COC(=O)C)OC(OC2(COC(=O)C(C)C)C(OC(=O)C(C)C)C(OC(=O)C(C)C)C(COC(=O)C)O2)C(OC(=O)C(C)C)C1OC(=O)C(C)C,C40H62O19,846.909,,DIPPR
p-BROMOTOLUENE,106-38-7,c1(C)ccc(Br)cc1,C7H7Br,171.034,,DIPPR
TETRYL,479-45-8,c1(N(C)[N+](=O)[O-])c([N+](=O)[O-])cc([N+](=O)[O-])cc1([N+](=O)[O-]),C7H5N5O8,287.143,,DIPPR
MESITYL OXIDE,141-79-7,CC(C)=CC(=O)C,C6H10O,98.143,,DIPPR
METHYL ISOBUTYL KETONE,108-10-1,CC(C)CC(=O)C,C6H12O,100.159,,DIPPR
n-PENTASILANE,14868-53-2,[SiH3][SiH2][SiH2][SiH2][SiH3],H12Si5,152.523,,DIPPR
"trans-1,2-DIMETHYLCYCLOPENTANE",822-50-4,C1[C@](C)([H])([C@]([H])(C)(CC1)),C7H14,98.186,,DIPPR
BIS(CHLOROMETHYL)ETHER,542-88-1,ClCOCCl,C2H4Cl2O,114.959,,DIPPR
CARBONYL SULFIDE,463-58-1,O=C=S,COS,60.075,,DIPPR
METHYL alpha-HYDROXYISOBUTYRATE,2110-78-3,OC(C)(C)C(=O)OC,C5H10O3,118.131,,DIPPR
FLUORENE,86-73-7,C1=CC=CC2=C1C(C=CC=C3)=C3C2,C13H10,166.219,,DIPPR
2-METHYL-1-PENTENE,763-29-1,C=C(C)CCC,C6H12,84.16,,DIPPR
VINYLACETYLENE,689-97-4,C=CC#C,C4H4,52.075,,DIPPR
SODIUM FLUORIDE,7681-49-4,[Na+].[F-],FNa,41.988,,DIPPR
METHANESULFONYL CHLORIDE,124-63-0,CS(=O)(=O)Cl,CH3ClO2S,114.551,,DIPPR
BROMINE,7726-95-6,BrBr,Br2,159.808,,DIPPR
GLUTARIC ANHYDRIDE,108-55-4,C1(=O)OC(=O)CCC1,C5H6O3,114.099,,DIPPR
1-NONENE,124-11-8,C=CCCCCCCC,C9H18,126.239,,DIPPR
DIMETHYL ETHER,115-10-6,COC,C2H6O,46.068,,DIPPR
CYCLOPROPANE CARBOXYLIC ACID,1759-53-1,C1CC1(C(=O)O),C4H6O2,86.089,,DIPPR
PHTHALIDE,87-41-2,c1cc2c(cc1)C(=O)OC2,C8H6O2,134.132,,DIPPR
1-tert-BUTOXY-2-[2-(HYDROXY)PROPOXY]PROPANE,58797-58-3,CC(O)COC(C)COC(C)(C)(C),C10H22O3,190.28,,DIPPR
epsilon-CAPROLACTAM,105-60-2,N1CCCCCC1=O,C6H11NO,113.158,,DIPPR
ALLYL ETHER,557-40-4,C=CCOCC=C,C6H10O,98.143,,DIPPR
ISOQUINOLINE,119-65-3,C1=CC2=C(C=C1)C=CN=C2,C9H7N,129.159,,DIPPR
BENZO[b]FLUORANTHENE,205-99-2,c12ccccc1cc1c3ccccc3c3c1c2ccc3,C20H12,252.309,,DIPPR
ACETOL,116-09-6,CC(=O)CO,C3H6O2,74.079,,DIPPR
DICYANDIAMIDE,461-58-5,N#CNC(=N)N,C2H4N4,84.08,,DIPPR
3-ETHYL-o-XYLENE,933-98-2,c1(C)c(C)c(CC)ccc1,C10H14,134.218,,DIPPR
DI-n-NONYL PHTHALATE,84-76-4,c1c(C(=O)OCCCCCCCCC)c(C(=O)OCCCCCCCCC)ccc1,C26H42O4,418.609,,DIPPR
ISOPIMARIC ACID,5835-26-7,C1C[C@@](C)(C(=O)O)([C@@H]2(CC=C3C[C@](C=C)(C)(CC[C@@H]3([C@@]2(C)(C1))))),C20H30O2,302.451,,DIPPR
n-DECYLCYCLOHEXANE,1795-16-0,C1CCCCC1(CCCCCCCCCC),C16H32,224.425,,DIPPR
3-HEPTANOL,589-82-2,CCC(O)CCCC,C7H16O,116.201,,DIPPR
"2,4,6,8-TETRAOXANONANE",13353-03-2,COCOCOCOC,C5H12O4,136.146,,DIPPR
4-CHLORO-3-NITROBENZOTRIFLUORIDE,121-17-5,c1(Cl)ccc(C(F)(F)F)cc1([N+]([O-])=O),C7H3ClF3NO2,225.552,,DIPPR
"1,7-OCTADIENE",3710-30-3,C=CCCCCC=C,C8H14,110.197,,DIPPR
GLUTARONITRILE,544-13-8,N#CCCCC#N,C5H6N2,94.115,,DIPPR
cis-1-ETHYL-3-METHYLCYCLOPENTANE,2613-66-3,CC[C@H]1CC[C@H](C1)C,C8H16,112.213,,DIPPR
4-(2-AMINOETHYL)MORPHOLINE,01/03/2038,N1(CCN)CCOCC1,C6H14N2O,130.188,,DIPPR
DECAFLUOROBUTANE,355-25-9,FC(F)(F)C(F)(F)C(F)(F)C(F)(F)F,C4F10,238.027,,DIPPR
DIAMYLAMINE,2050-92-2,CCCCCNCCCCC,C10H23N,157.296,,DIPPR
"N,N-DIETHYLHYDROXYLAMINE",3710-84-7,CCN(O)CC,C4H11NO,89.136,,DIPPR
m-DIISOPROPYLBENZENE HYDROPEROXIDE,26762-93-6,c1(C(C)C)cccc(C(OO)(C)C)c1,C12H18O2,194.27,,DIPPR
HEPTANAL,111-71-7,CCCCCCC=O,C7H14O,114.185,,DIPPR
PENTAFLUOROETHANE,354-33-6,FC(F)C(F)(F)F,C2HF5,120.021,,DIPPR
DIETHANOLAMINE,111-42-2,OCCNCCO,C4H11NO2,105.136,,DIPPR
m-CHLOROPHENOL,108-43-0,c1(O)cc(Cl)ccc1,C6H5ClO,128.556,,DIPPR
HEXACHLORODISILOXANE,14986-21-1,Cl[Si](Cl)(Cl)O[Si](Cl)(Cl)Cl,Cl6OSi2,284.888,,DIPPR
"1,6-DIMETHYLINDAN",17059-48-2,CC1CCC2=C1C=C(C=C2)C,C11H14,146.233,,DIPPR
FUMARIC ACID,110-17-8,OC(=O)/C=C/C(=O)O,C4H4O4,116.072,,DIPPR
3-NITROBENZOTRIFLUORIDE,98-46-4,c1(C(F)(F)F)cc(N(=O)=O)ccc1,C7H4F3NO2,191.107,,DIPPR
"1,3-CYCLOHEXADIENE",592-57-4,C1=CC=CCC1,C6H8,80.128,,DIPPR
"1,5-NAPHTHALENE DIISOCYANATE",3173-72-6,C1=C(C2=C(C=C1)C(=CC=C2)N=C=O)N=C=O,C12H6N2O2,210.188,,DIPPR
n-TRICOSANE,638-67-5,CCCCCCCCCCCCCCCCCCCCCCC,C23H48,324.627,,DIPPR
7-METHYL-1-OCTENE,13151-06-9,C=CCCCCC(C)C,C9H18,126.239,,DIPPR
2-tert-BUTYL-6-PHENYL PHENOL,2416-98-0,Oc1c(cccc1C(C)(C)C)c2ccccc2,C16H18O,226.314,,DIPPR
CARBON TETRAFLUORIDE,75-73-0,FC(F)(F)F,CF4,88.004,,DIPPR
ETHYLTRICHLOROSILANE,115-21-9,CC[Si](Cl)(Cl)Cl,C2H5Cl3Si,163.506,,DIPPR
DIMETHYLACETYLENE,503-17-3,CC#CC,C4H6,54.09,,DIPPR
METHYL FORMATE,107-31-3,COC(=O),C2H4O2,60.052,,DIPPR
MONOMETHYL UREA,598-50-5,NC(=O)NC,C2H6N2O,74.082,,DIPPR
GUAIACOL,01/05/1990,c1(O)ccccc1(OC),C7H8O2,124.137,,DIPPR
m-TOLUALCOHOL,587-03-1,C(c1cc(C)ccc1)O,C8H10O,122.164,,DIPPR
n-BUTYL NONANOATE,50623-57-9,CCCCCCCCC(=O)OCCCC,C13H26O2,214.344,,DIPPR
3-METHYL-3-ETHYLPENTANE,1067-08-9,CCC(C)(CC)CC,C8H18,114.229,,DIPPR
ETHYLTHIOETHANOL,110-77-0,OCCSCC,C4H10OS,106.187,,DIPPR
OCTADECAMETHYLOCTASILOXANE,556-69-4,C[Si](C)(C)O[Si](C)(C)O[Si](C)(C)O[Si](C)(C)O[Si](C)(C)O[Si](C)(C)O[Si](C)(C)O[Si](C)(C)C,C18H54O7Si8,607.301,,DIPPR
DI-n-BUTYL SULFIDE,544-40-1,CCCCSCCCC,C8H18S,146.294,,DIPPR
CYANOGEN,460-19-5,N#CC#N,C2N2,52.035,,DIPPR
"trans-1,2-DIMETHYLCYCLOHEXANE",6876-23-9,C1[C@](C)([H])([C@]([H])(C)(CCC1)),C8H16,112.213,,DIPPR
3-METHOXYPROPIONITRILE,110-67-8,COCCC#N,C4H7NO,85.104,,DIPPR
n-PENTYLBENZENE,538-68-1,c1ccccc1(CCCCC),C11H16,148.245,,DIPPR
DIMETHYL DISULFIDE,624-92-0,CSSC,C2H6S2,94.199,,DIPPR
"2,2,4-TRIMETHYL-1,3-PENTANEDIOL DIISOBUTYRATE",6846-50-0,CC(C)C(=O)OCC(C)(C)C(C(C)(C))OC(=O)C(C)(C),C16H30O4,286.407,,DIPPR
alpha-PHELLANDRENE,99-83-2,CC(C)C1C=CC(C)=CC1,C10H16,136.234,,DIPPR
PROPANESULFONYL CHLORIDE,10147-36-1,CCCS(=O)(=O)Cl,C3H7ClO2S,142.605,,DIPPR
ETHYL ACETATE,141-78-6,CC(=O)OCC,C4H8O2,88.105,,DIPPR
"1,2-BENZENEDICARBOXYLIC ACID, HEPTYL, NONYL ESTER",19295-81-9,CCCCCCCCCOC(=O)c1ccccc1C(=O)OCCCCCCC,C24H38O4,390.556,,DIPPR
ETHYL n-HEXYL ETHER,5756-43-4,CCOCCCCCC,C8H18O,130.228,,DIPPR
PHENANTHRENE,08/01/1985,C1=CC2=C(C=C1)C1=C(C=CC=C1)C=C2,C14H10,178.229,,DIPPR
PROPYLENE GLYCOL MONOALLYL ETHER,21460-36-6,C=CCOCC(O)C,C6H12O2,116.158,,DIPPR
"2,2,4,4,6,8,8-HEPTAMETHYLNONANE",09/04/4390,CC(C)(C)CC(C)(C)CC(C)CC(C)(C)C,C16H34,226.441,,DIPPR
WATER,7732-18-5,O,H2O,18.015,,DIPPR
LEVOGLUCOSAN,498-07-7,C1C2C(C(C(C(O1)O2)O)O)O,C6H10O5,162.141,,DIPPR
2-ETHYL-1-HEXANOL,104-76-7,OCC(CC)CCCC,C8H18O,130.228,,DIPPR
1-CHLORO-2-PROPANOL,127-00-4,CC(O)CCl,C3H7ClO,94.54,,DIPPR
HEXAMETHYLDISILAZANE,999-97-3,C[Si](C)(C)N[Si](C)(C)C,C6H19NSi2,161.393,,DIPPR
TRIETHYL ORTHOFORMATE,122-51-0,CCOC(OCC)OCC,C7H16O3,148.2,,DIPPR
N-METHYLPYRROLE,96-54-8,n1(C)cccc1,C5H7N,81.116,,DIPPR
METHYLACETYLENE,74-99-7,CC#C,C3H4,40.064,,DIPPR
"1,2-EPOXY-3-PHENOXYPROPANE",122-60-1,C(Oc1ccccc1)C2CO2,C9H10O2,150.175,,DIPPR
5-METHYLNONANE,15869-85-9,CCCCC(C)CCCC,C10H22,142.282,,DIPPR
1-UNDECANOL,112-42-5,CCCCCCCCCCCO,C11H24O,172.308,,DIPPR
"1,2-DICHLOROBUTANE",616-21-7,C(Cl)C(Cl)CC,C4H8Cl2,127.012,,DIPPR
2-PHENYLETHANOL,08/12/1960,C(c1ccccc1)CO,C8H10O,122.164,,DIPPR
"2,3-DIMETHYLUNDECANE",17312-77-5,CC(C)C(C)CCCCCCCC,C13H28,184.361,,DIPPR
"2,4-DIMETHYL-3-ETHYLPENTANE",1068-87-7,CC(C)C(CC)C(C)C,C9H20,128.255,,DIPPR
"2,5-DIMETHYLFURAN",625-86-5,Cc1ccc(C)o1,C6H8O,96.127,,DIPPR
ANTIMONY TRICHLORIDE,10025-91-9,[Cl-].[Sb+++].[Cl-][Cl-],Cl3Sb,228.119,,DIPPR
PERACETIC ACID,79-21-0,OOC(=O)C,C2H4O3,76.051,,DIPPR
ISOPROPYL MERCAPTAN,75-33-2,CC(S)C,C3H8S,76.161,,DIPPR
"2,4,6-TRIMETHYLPYRIDINE",108-75-8,n1c(C)cc(C)cc1(C),C8H11N,121.18,,DIPPR
DI-n-OCTYLAMINE,1120-48-5,CCCCCCCCNCCCCCCCC,C16H35N,241.456,,DIPPR
OXAZOLE,288-42-6,O1C=NC=C1,C3H3NO,69.062,,DIPPR
TRICAPRIN,621-71-6,CCCCCCCCCC(=O)OCC(COC(=O)CCCCCCCCC)OC(=O)CCCCCCCCC,C33H62O6,554.842,,DIPPR
tert-OCTYL MERCAPTAN,141-59-3,CC(S)(C)CC(C)(C)C,C8H18S,146.294,,DIPPR
2-(alpha-METHYLBENZYLOXY)-1-PROPANOL,857237-25-3,c1(C(C)OC(C)CO)ccccc1,C11H16O2,180.244,,DIPPR
LACTONITRILE,78-97-7,CC(O)C#N,C3H5NO,71.078,,DIPPR
"1,2-DICHLOROPROPANE",78-87-5,C(Cl)C(Cl)C,C3H6Cl2,112.986,,DIPPR
n-DODECANOIC ACID,143-07-7,CCCCCCCCCCCC(=O)O,C12H24O2,200.318,,DIPPR
TETRAFLUOROETHYLENE,116-14-3,FC(F)=C(F)F,C2F4,100.015,,DIPPR
trans-2-HEPTENE,14686-13-6,C/C=C/CCCC,C7H14,98.186,,DIPPR
PHOSPHORUS THIOCHLORIDE,3982-91-0,ClP(=S)(Cl)Cl,Cl3PS,169.398,,DIPPR
PROPARGYL CHLORIDE,624-65-7,C#CCCl,C3H3Cl,74.509,,DIPPR
PHOSPHOROUS ACID,13598-36-2,P(=O)(O)O,H3O3P,81.996,,DIPPR
TRIMELLITIC ANHYDRIDE,552-30-7,c1c(C(=O)O)cc2C(=O)OC(=O)c2c1,C9H4O5,192.125,,DIPPR
ISOPROPYL ACETATE,108-21-4,CC(=O)OC(C)C,C5H10O2,102.132,,DIPPR
p-ETHYLSTYRENE,07/07/3454,C=CC1=CC=C(CC)C=C1,C10H12,132.202,,DIPPR
2-HEXYNE,764-35-2,CC#CCCC,C6H10,82.144,,DIPPR
trans-3-HEPTENE,14686-14-7,CC/C=C/CCC,C7H14,98.186,,DIPPR
n-DOTRIACONTANE,544-85-4,CCCCCCCCCCCCCCCCCCCCCCCCCCCCCCCC,C32H66,450.866,,DIPPR
1-DOCOSENE,1599-67-3,C=CCCCCCCCCCCCCCCCCCCCC,C22H44,308.585,,DIPPR
ANILINE,62-53-3,c1(N)ccccc1,C6H7N,93.127,,DIPPR
TRIMETHYLCHLOROSILANE,75-77-4,C[Si](C)(Cl)C,C3H9ClSi,108.642,,DIPPR
DIMERCAPTOETHYL ETHER,09/02/2150,SCCOCCS,C4H10OS2,138.252,,DIPPR
trans-2-NONENE,6434-78-2,C/C=C/CCCCCC,C9H18,126.239,,DIPPR
DIISOPROPYL ETHER,108-20-3,CC(C)OC(C)C,C6H14O,102.175,,DIPPR
3-METHYL SULFOLANE,872-93-5,S1(=O)(=O)CCC(C)C1,C5H10O2S,134.197,,DIPPR
trans-3-PENTEN-2-ONE,3102-33-8,O=C(C)C=CC,C5H8O,84.116,,DIPPR
"N,N-DIMETHYLANILINE",121-69-7,c1(N(C)C)ccccc1,C8H11N,121.18,,DIPPR
NICKEL SULFATE,7786-81-4,[Ni+2].S(=O)(=O)([O-])[O-],NiSO4,154.756,,DIPPR
1-METHYLIMIDAZOLE,616-47-7,N(C=CN1C)=C1,C4H6N2,82.104,,DIPPR
ACROLEIN CYANOHYDRIN,5809-59-6,N#CC(O)C=C,C4H5NO,83.089,,DIPPR
POTASSIUM CHLORIDE,7447-40-7,[K+].[Cl-],ClK,74.551,,DIPPR
1-DODECENE,112-41-4,C=CCCCCCCCCCC,C12H24,168.319,,DIPPR
2-METHYLNAPHTHALENE,91-57-6,c1c(C)ccc2ccccc21,C11H10,142.197,,DIPPR
DIISOBUTYLALUMINUM CHLORIDE,1779-25-5,CC(C)C[Al](Cl)CC(C)C,C8H18AlCl,176.663,,DIPPR
MONOCHLOROSILANE,13465-78-6,Cl[SiH3],ClH3Si,66.562,,DIPPR
8-METHYL-1-NONANOL,55505-26-5,CC(C)CCCCCCCO,C10H22O,158.281,,DIPPR
"1,3,5-TRIETHYLBENZENE",102-25-0,c1(CC)cc(CC)cc(CC)c1,C12H18,162.271,,DIPPR
TARTARIC ACID,133-37-9,OC(=O)[C@](O)([H])([C@@]([H])(C(=O)O)(O)),C4H6O6,150.087,,DIPPR
TRICHLOROACETIC ACID,09/03/1976,C(Cl)(Cl)(Cl)C(=O)O,C2HCl3O2,163.387,,DIPPR
"2,6-DIMETHYL-4-HEPTANOL",108-82-7,CC(C)CC(O)CC(C)C,C9H20O,144.255,,DIPPR
"2,4-DIISOPROPYLTOLUENE",1460-98-6,c1c(ccc(c1C(C)C)C)C(C)C,C13H20,176.298,,DIPPR
METHYLAL,109-87-5,COCOC,C3H8O2,76.094,,DIPPR
sec-BUTYL ACETATE,105-46-4,CC(=O)OC(C)CC,C6H12O2,116.158,,DIPPR
"2-METHYL-1,3-PROPANEDIOL",2163-42-0,OCC(C)CO,C4H10O2,90.121,,DIPPR
DIETHYL SUCCINATE,123-25-1,CCOC(=O)CCC(=O)OCC,C8H14O4,174.194,,DIPPR
HEXYLENE GLYCOL,107-41-5,CC(O)(C)CC(O)C,C6H14O2,118.174,,DIPPR
"2,4-XYLENOL",105-67-9,c1c(O)c(C)cc(C)c1,C8H10O,122.164,,DIPPR
TRIETHYLENE GLYCOL n-PROPYL ETHER,23305-64-8,OCCOCCOCCOCCC,C9H20O4,192.253,,DIPPR
trans-DECAHYDRONAPHTHALENE,493-02-7,C1C[C@@]2(CCCC[C@]2(CC1)([H]))([H]),C10H18,138.25,,DIPPR
CYCLOPENTYLACETIC ACID,1123-00-8,C1CCCC1(CC(=O)O),C7H12O2,128.169,,DIPPR
PHENYLMETHYLDICHLOROSILANE,149-74-6,c1ccccc1([Si](Cl)(Cl)C),C7H8Cl2Si,191.13,,DIPPR
N-(2-HYDROXYETHYL)PIPERAZINE,103-76-4,C1CNCCN1(CCO),C6H14N2O,130.188,,DIPPR
"cis-1,3-DICHLOROPROPENE",10061-01-5,C(Cl)/C=CCl,C3H4Cl2,110.97,,DIPPR
2-ETHYL-p-XYLENE,1758-88-9,c1(C)c(CC)cc(C)cc1,C10H14,134.218,,DIPPR
"3,4-XYLENOL",95-65-8,c1c(O)cc(C)c(C)c1,C8H10O,122.164,,DIPPR
GLYCEROL,56-81-5,OCC(O)CO,C3H8O3,92.094,,DIPPR
2-ETHYLHEXYL ACETATE,103-09-3,CC(=O)OCC(CC)CCCC,C10H20O2,172.265,,DIPPR
2-PENTOXYETHANOL,6196-58-3,CCCCCOCCO,C7H16O2,132.201,,DIPPR
"2,3-DIMETHYL-1-BUTENE",563-78-0,C=C(C)C(C)C,C6H12,84.159,,DIPPR
cis-CROTONITRILE,1190-76-7,C/C=CC#N,C4H5N,67.089,,DIPPR
SYRINGOL,01/10/1991,O(c(c(O)c(OC)cc1)c1)C,C8H10O3,154.163,,DIPPR
1-(4-ETHYLPHENYL)-2-(4-ETHYLPHENYL)ETHANE,51526-06-8,CCc1ccc(CCc2ccc(CC)cc2)cc1,C18H22,238.367,,DIPPR
n-NONADECANOIC ACID,646-30-0,CCCCCCCCCCCCCCCCCCC(=O)O,C19H38O2,298.504,,DIPPR
n-DECANE,124-18-5,CCCCCCCCCC,C10H22,142.282,,DIPPR
SUCCINIMIDE,123-56-8,N1C(=O)CCC1(=O),C4H5NO2,99.088,,DIPPR
THIACYCLOPROPANE,420-12-2,S1CC1,C2H4S,60.118,,DIPPR
D-MANNOSE,7296-15-3,C([C@H]1[C@@H]([C@H]([C@H]([C@@H](O1)O)O)O)O)O,C6H12O6,180.156,,DIPPR
METHYL SILICATE,681-84-5,CO[Si](OC)(OC)OC,C4H12O4Si,152.221,,DIPPR
BIS-(2-AMINOETHYL)ETHER,2752-17-2,NCCOCCN,C4H12N2O,104.151,,DIPPR
DI-n-BUTYL SULFATE,625-22-9,CCCCOS(=O)(=O)OCCCC,C8H18O4S,210.291,,DIPPR
BORON TRICHLORIDE,10294-34-5,ClB(Cl)Cl,BCl3,117.17,,DIPPR
PHENYLHYDRAZINE,100-63-0,c1(NN)ccccc1,C6H8N2,108.141,,DIPPR
"1,1,2,2-TETRABROMOETHANE",79-27-6,BrC(Br)C(Br)Br,C2H2Br4,345.653,,DIPPR
N-METHYLACETAMIDE,79-16-3,CC(=O)NC,C3H7NO,73.094,,DIPPR
1-METHYL-3-(METHYLETHOXY)BENZENE,19177-04-9,c1c(C)cc(OC(C)C)cc1,C10H14O,150.218,,DIPPR
4-METHYLHEPTANE,589-53-7,CCCC(C)CCC,C8H18,114.229,,DIPPR
trans-2-DODECENE,7206-13-5,C/C=C/CCCCCCCCC,C12H24,168.319,,DIPPR
n-HEXANE,110-54-3,CCCCCC,C6H14,86.175,,DIPPR
"1,1,1,3,3-PENTAFLUOROBUTANE",406-58-6,CC(F)(F)CC(F)(F)F,C4H5F5,148.075,,DIPPR
1-TRIACONTENE,18435-53-5,C=CCCCCCCCCCCCCCCCCCCCCCCCCCCCC,C30H60,420.797,,DIPPR
"1,1-DIBROMOETHANE",557-91-5,CC(Br)Br,C2H4Br2,187.861,,DIPPR
2-NONANONE,821-55-6,CC(=O)CCCCCCC,C9H18O,142.239,,DIPPR
TETRAHYDROFURFURYL ALCOHOL,97-99-4,OCC1OCCC1,C5H10O2,102.132,,DIPPR
SILANE,7803-62-5,[SiH4],H4Si,32.117,,DIPPR
"3-CHLORO-1,2-PROPANEDIOL",96-24-2,ClCC(O)CO,C3H7ClO2,110.539,,DIPPR
p-XYLENE,106-42-3,c1(C)ccc(C)cc1,C8H10,106.165,,DIPPR
2-METHYL-1-HEXANOL,624-22-6,OCC(C)CCCC,C7H16O,116.201,,DIPPR
"3,4-DIMETHYLTHIOPHENE",632-15-5,CC1=CSC=C1C,C6H8S,112.193,,DIPPR
HYDRAZOBENZENE,122-66-7,c1ccccc1NNc2ccccc2,C12H12N2,184.237,,DIPPR
1-HEXANOL,111-27-3,CCCCCCO,C6H14O,102.175,,DIPPR
DIPHENYLACETYLENE,501-65-5,c1ccccc1C#Cc2ccccc2,C14H10,178.229,,DIPPR
2-METHYL-DODECAN-1-OL,22663-61-2,CCCCCCCCCCC(C)CO,C13H28O,200.361,,DIPPR
"2,2,4,4-TETRAMETHYL-1,3-CYCLOBUTANEDIOL",3010-96-6,OC1C(C)(C)C(O)C1(C)C,C8H16O2,144.211,,DIPPR
"PIPERAZINE-2,5-DIONE",106-57-0,O=C(NCC(=O)N1)C1,C4H6N2O2,114.103,,DIPPR
"N,N-DIMETHYLACETAMIDE",127-19-5,CC(=O)N(C)C,C4H9NO,87.12,,DIPPR
METHYL MYRISTATE,124-10-7,COC(=O)CCCCCCCCCCCCC,C15H30O2,242.398,,DIPPR
1-BROMONAPHTHALENE,09/11/1990,c12ccccc1cccc2(Br),C10H7Br,207.067,,DIPPR
IODINE,7553-56-2,II,I2,253.809,,DIPPR
PHOSPHORUS TRIFLUORIDE,7783-55-3,P(F)(F)F,F3P,87.969,,DIPPR
3-ETHYL-1-HEPTANOL,3525-25-5,CCCCC(CC)CCO,C9H20O,144.255,,DIPPR
1-n-PENTYLNAPHTHALENE,86-89-5,c1(CCCCC)cccc(cccc2)c12,C15H18,198.303,,DIPPR
3-ETHYLHEPTANE,15869-80-4,CCC(CC)CCCC,C9H20,128.255,,DIPPR
THIODIGLYCOL,111-48-8,OCCSCCO,C4H10O2S,122.186,,DIPPR
"(Z)-1,3-DICHLORO-2-BUTENE",10075-38-4,ClC/C=C(C)Cl,C4H6Cl2,124.996,,DIPPR
cis-2-DODECENE,7206-26-0,C/C=CCCCCCCCCC,C12H24,168.319,,DIPPR
"2,3-EPOXY-1-PROPANOL",556-52-5,OCC1CO1,C3H6O2,74.079,,DIPPR
DIETHYL DISULFIDE,110-81-6,CCSSCC,C4H10S2,122.252,,DIPPR
DIETHYL OXALATE,95-92-1,CCOC(=O)C(=O)OCC,C6H10O4,146.141,,DIPPR
"1,2,3,5-TETRAETHYLBENZENE",38842-05-6,c1(CC)c(CC)c(CC)cc(CC)c1,C14H22,190.324,,DIPPR
"2,4-DIMETHYLHEXANE",589-43-5,CC(C)CC(C)CC,C8H18,114.229,,DIPPR
SODIUM CYANIDE,143-33-9,[Na+].[C-]#N,CNNa,49.007,,DIPPR
"trans-3,5-DIMETHOXYSTILBENE",21956-56-9,c1ccccc1/C=C/c2cc(OC)cc(OC)c2,C16H16O2,240.297,,DIPPR
BENZOTRICHLORIDE,07/07/1998,c1ccccc1(C(Cl)(Cl)(Cl)),C7H5Cl3,195.474,,DIPPR
3-OCTANONE,106-68-3,CCC(=O)CCCCC,C8H16O,128.212,,DIPPR
cis-CROTONALDEHYDE,15798-64-8,C/C=CC=O,C4H6O,70.09,,DIPPR
VINYLCYCLOHEXENE,100-40-3,C1=CCC(C=C)CC1,C8H12,108.181,,DIPPR
GERMANIUM TETRACHLORIDE,10038-98-9,[Ge](Cl)(Cl)(Cl)Cl,Cl4Ge,214.442,,DIPPR
ISOPENTANE,78-78-4,CC(C)CC,C5H12,72.149,,DIPPR
HEXAMETHYLCYCLOTRISILOXANE,541-05-9,O1[Si](C)(C)O[Si](C)(C)O[Si]1(C)(C),C6H18O3Si3,222.462,,DIPPR
ETHYL tert-PENTYL ETHER,919-94-8,CCC(C)(C)OCC,C7H16O,116.201,,DIPPR
2-METHYL-1-NONENE,2980-71-4,C=C(C)CCCCCCC,C10H20,140.266,,DIPPR
TRIETHYL ESTER PHOSPHOROUS ACID,122-52-1,P(OCC)(OCC)OCC,C6H15O3P,166.155,,DIPPR
ACENAPHTHALENE,208-96-8,C1=C2C3=C(C=C1)C=CC=C3C=C2,C12H8,152.192,,DIPPR
TIN(IV) CHLORIDE,7646-78-8,[Sn](Cl)(Cl)(Cl)(Cl),Cl4Sn,260.522,,DIPPR
m-CHLOROANILINE,108-42-9,c1(N)cc(Cl)ccc1,C6H6ClN,127.572,,DIPPR
DIETHYLENE GLYCOL MONOPROPYL ETHER,6881-94-3,CCCOCCOCCO,C7H16O3,148.2,,DIPPR
TRIETHYLENEDIAMINE,280-57-9,N1(CC2)CCN2CC1,C6H12N2,112.173,,DIPPR
ISOBUTYLAMINE,78-81-9,CC(C)CN,C4H11N,73.137,,DIPPR
cis-2-PENTENE,627-20-3,C/C=CCC,C5H10,70.133,,DIPPR
CHLOROSULFONIC ACID,7790-94-5,ClS(=O)(=O)O,ClHO3S,116.524,,DIPPR
ADAMANTANE,281-23-2,C1C2CC3CC1CC(C2)C3,C10H16,136.234,,DIPPR
ACETYL CHLORIDE,75-36-5,CC(=O)Cl,C2H3ClO,78.498,,DIPPR
1-METHYL-3-HYDROXY-6-ISOPROPYL BENZENE,02/02/3228,c1(C)c(C(C)(C))ccc(O)c1,C10H14O,150.218,,DIPPR
PROPARGYL ALCOHOL,107-19-7,OCC#C,C3H4O,56.063,,DIPPR
n-HEPTYL FORMATE,112-23-2,CCCCCCCOC=O,C8H16O2,144.211,,DIPPR
m-CRESOL,108-39-4,c1(O)cc(C)ccc1,C7H8O,108.138,,DIPPR
1-METHYLCYCLOHEXANOL,590-67-0,OC1(C)CCCCC1,C7H14O,114.185,,DIPPR
CAMPHENE,79-92-5,C1(C)(C)C(=C)C(C2)CCC12,C10H16,136.234,,DIPPR
3-HEXANOL,623-37-0,CCC(O)CCC,C6H14O,102.175,,DIPPR
DIETHYLENE GLYCOL MONOBUTYL ETHER ACETATE,124-17-4,CCCCOCCOCCOC(=O)C,C10H20O4,204.263,,DIPPR
METHYLTRIACETOXYSILANE,4253-34-3,[Si](C)(OC(=O)C)(OC(=O)C)OC(=O)C,C7H12O6Si,220.252,,DIPPR
TRI-n-HEPTYL TRIMELLITATE,1528-48-9,CCCCCCCOC(=O)c1cc(C(=O)OCCCCCCC)ccc1(C(=O)OCCCCCCC),C30H48O6,504.699,,DIPPR
1-METHYLTETRALIN,1559-81-5,C1C(C)c2ccccc2CC1,C11H14,146.229,,DIPPR
"2,2-DIMETHYLBUTANE",75-83-2,CC(C)(C)CC,C6H14,86.175,,DIPPR
DICHLOROACETIC ACID,79-43-6,ClC(Cl)C(=O)O,C2H2Cl2O2,128.942,,DIPPR
FLUORANTHENE,206-44-0,C1=CC2=C(C=C1)C1=CC=CC3=C1C2=CC=C3,C16H10,202.251,,DIPPR
"1,5-CYCLOOCTADIENE",111-78-4,C1=CCCC=CCC1,C8H12,108.181,,DIPPR
TRIETHYL PHOSPHATE,78-40-0,CCOP(=O)(OCC)OCC,C6H15O4P,182.155,,DIPPR
MERCURY,7439-97-6,[Hg],Hg,200.59,,DIPPR
TRI-n-BUTYLAMINE,102-82-9,CCCCN(CCCC)CCCC,C12H27N,185.349,,DIPPR
2-METHYL-2-PENTENE,625-27-4,CC(C)=CCC,C6H12,84.159,,DIPPR
alpha-METHYLBENZYL ALCOHOL FORMATE,7775-38-4,c1ccccc1C(C)OC=O,C9H10O2,150.175,,DIPPR
NAPHTHACENE,92-24-0,C1=CC2=C(C=C1)C=C1C(=C2)C=C2C(=C1)C=CC=C2,C18H12,228.288,,DIPPR
"2,3-DIMETHYLDECANE",17312-44-6,CC(C)C(C)CCCCCCC,C12H26,170.335,,DIPPR
CHLOROACETIC ACID,08/11/1979,ClCC(=O)O,C2H3ClO2,94.497,,DIPPR
n-HEXANOIC ACID,142-62-1,CCCCCC(=O)O,C6H12O2,116.158,,DIPPR
VANILLIN,121-33-5,c1(O)c(OC)cc(C=O)cc1,C8H8O3,152.147,,DIPPR
PYROMELLITIC ACID,04/05/1989,c1(C(=O)O)c(C(=O)O)cc(C(=O)O)c(C(=O)O)c1,C10H6O8,254.15,,DIPPR
4-tert-BUTYLTOLUENE,98-51-1,Cc1ccc(C(C)(C)C)cc1,C11H16,148.245,,DIPPR
DIISOOCTYL PHTHALATE,27554-26-3,c1cc(C(=O)OCCCCCC(C)C)c(C(=O)OCCCCCC(C)C)cc1,C24H38O4,390.556,,DIPPR
"2-CHLORO-1,1,1,2-TETRAFLUOROETHANE",2837-89-0,FC(F)(F)C(F)Cl,C2HClF4,136.476,,DIPPR
3-METHYL-1-BUTYNE,598-23-2,C#CC(C)C,C5H8,68.117,,DIPPR
3-(METHYLMERCAPTO)PROPANAL,3268-49-3,CSCCC=O,C4H8OS,104.171,,DIPPR
HEXAMETHYLENETETRAMINE,100-97-0,C1N2CN3CN1CN(C3)C2,C6H12N4,140.186,,DIPPR
m-ETHYLPHENOL,620-17-7,c1(O)cc(CC)ccc1,C8H10O,122.164,,DIPPR
ISOPHORONE,78-59-1,C1C(=O)C=C(C)CC1(C)(C),C9H14O,138.207,,DIPPR
"2,6-DIMETHYLPYRIDINE",108-48-5,n1c(C)cccc1(C),C7H9N,107.153,,DIPPR
DIMETHYLCHLOROSILANE,1066-35-9,C[SiH](C)(Cl),C2H7ClSi,94.615,,DIPPR
PENTAERYTHRITOL,115-77-5,OCC(C(O))(C(O))CO,C5H12O4,136.146,,DIPPR
CHLOROTRIFLUOROMETHANE,75-72-9,ClC(F)(F)F,CClF3,104.459,,DIPPR
CHLOROACETALDEHYDE,107-20-0,ClCC(=O),C2H3ClO,78.498,,DIPPR
AMINOACETONITRILE,540-61-4,N#CCN,C2H4N2,56.067,,DIPPR
FORMANILIDE,103-70-8,c1ccccc1NC=O,C7H7NO,121.137,,DIPPR
o-ETHYLANILINE,578-54-1,c1(N)c(CC)cccc1,C8H11N,121.18,,DIPPR
3-METHYL-2-BUTANOL,598-75-4,CC(O)C(C)C,C5H12O,88.148,,DIPPR
4-METHOXYPHENYLACETIC ACID,104-01-8,c1(CC(=O)O)ccc(OC)cc1,C9H10O3,166.174,,DIPPR
ETHYL CAPRATE,110-38-3,O=C(OCC)CCCCCCCCC,C12H24O2,200.318,,DIPPR
p-DICHLOROBENZENE,106-46-7,c1cc(Cl)ccc1(Cl),C6H4Cl2,147.002,,DIPPR
DIETHYLENE GLYCOL,111-46-6,OCCOCCO,C4H10O3,106.12,,DIPPR
"4,4'-DIISOPROPYLBIPHENYL",18970-30-4,C1(=CC=C(C=C1)C(C)C)C2=CC=C(C=C2)C(C)C,C18H22,238.367,,DIPPR
METHYL GLYCOLATE,96-35-5,COC(=O)CO,C3H6O3,90.078,,DIPPR
TRIACETONE ALCOHOL,3682-91-5,CC(C)(O)CC(=O)CC(C)(O)C,C9H18O3,174.237,,DIPPR
p-ETHYLPHENOL,123-07-9,c1(O)ccc(CC)cc1,C8H10O,122.164,,DIPPR
3-MERCAPTOPROPIONIC ACID,107-96-0,SCCC(=O)O,C3H6O2S,106.144,,DIPPR
1-METHYL-2-n-PROPYLBENZENE,1074-17-5,c1(C)c(CCC)cccc1,C10H14,134.218,,DIPPR
DIGLYCOLIC ACID,110-99-6,OC(=O)COCC(=O)O,C4H6O5,134.087,,DIPPR
BICYCLOHEXYL,92-51-3,C1CCCCC1C2CCCCC2,C12H22,166.303,,DIPPR
trans-1-ETHYL-3-METHYLCYCLOPENTANE,2613-65-2,CC[C@H]1CC[C@@H](C1)C,C8H16,112.213,,DIPPR
TRIFLUOROMETHYL TRIFLUOROVINYL ETHER,1187-93-5,FC(F)(F)OC(F)=C(F)F,C3F6O,166.022,,DIPPR
"1,1,2-TRICHLOROTRIFLUOROETHANE",76-13-1,ClC(Cl)(F)C(F)(F)Cl,C2Cl3F3,187.376,,DIPPR
"2,6-DINITROTOLUENE",606-20-2,c1c([N+](=O)[O-])c(C)c([N+](=O)[O-])cc1,C7H6N2O4,182.134,,DIPPR
5-METHYL-1-HEXANOL,627-98-5,OCCCCC(C)C,C7H16O,116.201,,DIPPR
VINYLNORBORNENE,3048-64-4,C1(CC2C=CC1C2)C=C,C9H12,120.192,,DIPPR
TETRANITROMETHANE,509-14-8,[N+](=O)([O-])C([N+](=O)[O-])([N+](=O)[O-])[N+](=O)[O-],CN4O8,196.033,,DIPPR
DICHLOROFLUOROMETHANE,75-43-4,ClC(F)Cl,CHCl2F,102.923,,DIPPR
DIISOBUTYL KETONE,108-83-8,CC(C)CC(=O)CC(C)C,C9H18O,142.239,,DIPPR
CYCLOHEXYLAMINE,108-91-8,C1(N)CCCCC1,C6H13N,99.174,,DIPPR
"DIMETHYL-1,4-CYCLOHEXANEDICARBOXYLATE",94-60-0,COC(=O)C1CCC(C(=O)OC)CC1,C10H16O4,200.232,,DIPPR
DIMETHYL TEREPHTHALATE,120-61-6,c1c(C(=O)OC)ccc(C(=O)OC)c1,C10H10O4,194.184,,DIPPR
n-OCTADECYLBENZENE,02/07/4445,c1(CCCCCCCCCCCCCCCCCC)ccccc1,C24H42,330.59,,DIPPR
"cis-2-BUTENE-1,4-DIOL",6117-80-2,OC/C=CCO,C4H8O2,88.105,,DIPPR
n-HEXYL ACETATE,142-92-7,CCCCCCOC(=O)C,C8H16O2,144.211,,DIPPR
n-PENTYLCYCLOPENTANE,02/01/3741,CCCCCC1CCCC1,C10H20,140.266,,DIPPR
m-TERPHENYL,08/06/1992,c1ccccc1(c2cc(c3ccccc3)ccc2),C18H14,230.304,,DIPPR
METHYL CHLORIDE,74-87-3,C[Cl],CH3Cl,50.488,,DIPPR
FLUOROBENZENE,462-06-6,c1(F)ccccc1,C6H5F,96.102,,DIPPR
n-BUTYL VALERATE,591-68-4,CCCCC(=O)OCCCC,C9H18O2,158.238,,DIPPR
METHYL SILANE,992-94-9,C[SiH3],CH6Si,46.144,,DIPPR
"N,N'-BIS(2-HYDROXYETHYL)ETHYLENEDIAMINE",4439-20-7,OCCNCCNCCO,C6H16N2O2,148.203,,DIPPR
2-BUTOXYETHANOL,111-76-2,CCCCOCCO,C6H14O2,118.174,,DIPPR
1-BROMOBUTANE,109-65-9,CCCCBr,C4H9Br,137.018,,DIPPR
2-METHYL-3-ETHYLPENTANE,609-26-7,CC(C)C(CC)CC,C8H18,114.229,,DIPPR
ETHYLENE GLYCOL MONOBUTYL ETHER ACETATE,112-07-2,CC(=O)OCCOCCCC,C8H16O3,160.211,,DIPPR
trans-2-DECENE,20063-97-2,C/C=C/CCCCCCC,C10H20,140.266,,DIPPR
ANETHOLE,104-46-1,CC=Cc1ccc(OC)cc1,C10H12O,148.202,,DIPPR
2-NITROPROPANE,79-46-9,CC([N+](=O)[O-])C,C3H7NO2,89.093,,DIPPR
2-CHLOROETHANOL,107-07-3,ClCCO,C2H5ClO,80.514,,DIPPR
"1,4-DIOXANE",123-91-1,C1OCCOC1,C4H8O2,88.105,,DIPPR
TRIAMYLAMINE,621-77-2,CCCCCN(CCCCC)CCCCC,C15H33N,227.429,,DIPPR
tert-BUTYLCYCLOHEXANE,3178-22-1,C1CCCCC1C(C)(C)C,C10H20,140.266,,DIPPR
METHYL DICHLOROSILANE,75-54-7,C[SiH](Cl)Cl,CH4Cl2Si,115.034,,DIPPR
"2,2,3-TRIMETHYLBUTANE",464-06-2,CC(C)(C)C(C)C,C7H16,100.202,,DIPPR
METHYL MERCAPTAN,74-93-1,CS,CH4S,48.107,,DIPPR
SALICYLIC ACID PHENYL ESTER,118-55-8,O=C(Oc2ccccc2)c1c(O)cccc1,C13H10O3,214.217,,DIPPR
2-ETHOXYETHYL ACETATE,111-15-9,CC(=O)OCCOCC,C6H12O3,132.158,,DIPPR
1-METHYL-3-HYDROXY-5-ISOPROPYL BENZENE,03/03/3228,c1(C)cc(C(C)(C))cc(O)c1,C10H14O,150.218,,DIPPR
"cis-1,3-DIMETHYLCYCLOPENTANE",2532-58-3,C1[C@@](C)([H])(C[C@]([H])(C)(C1)),C7H14,98.186,,DIPPR
2-ETHYLBENZOTHIOPHENE,1196-81-2,c1cccc(cc(CC)s2)c21,C10H10S,162.251,,DIPPR
1-TETRADECANOL,112-72-1,CCCCCCCCCCCCCCO,C14H30O,214.387,,DIPPR
DIETHYLAMINE,109-89-7,CCNCC,C4H11N,73.137,,DIPPR
MALTOL,118-71-8,CC1=C(C(=O)C=CO1)O,C6H6O3,126.11,,DIPPR
2-FORMYL BENZOIC ACID,119-67-5,c1(C(=O)O)c(C=O)cccc1,C8H6O3,150.131,,DIPPR
n-OCTYLAMINE,111-86-4,CCCCCCCCN,C8H19N,129.243,,DIPPR
2-METHYLPENTANE,107-83-5,CC(C)CCC,C6H14,86.175,,DIPPR
VINYLTRICHLOROSILANE,75-94-5,C=C[Si](Cl)(Cl)Cl,C2H3Cl3Si,161.49,,DIPPR
AIR,132259-10-0,,MIXTURE,28.96,,DIPPR
CALCIUM OXIDE,1305-78-8,[Ca]=O,CaO,56.077,,DIPPR
cis-2-METHYLCYCLOHEXANOL,7443-70-1,C1[C@](O)([H])([C@](C)([H])(CCC1)),C7H14O,114.185,,DIPPR
2-n-PROPYLTHIOPHENE,1551-27-5,S1C=CC=C1(CCC),C7H10S,126.219,,DIPPR
3-(TRIETHOXYSILYL)PROPIONITRILE,919-31-3,N#CCC[Si](OCC)(OCC)(OCC),C9H19NO3Si,217.338,,DIPPR
PERFLUORO-n-PENTANE,678-26-2,C(F)(F)(F)C(F)(F)C(F)(F)C(F)(F)C(F)(F)(F),C5F12,288.034,,DIPPR
DIALLYLAMINE,124-02-7,C=CCNCC=C,C6H11N,97.158,,DIPPR
5-o-TOLYL-2-PENTENE,6047-69-4,C1(CCC=CC)=CC=CC=C1C,C12H16,160.255,,DIPPR
n-PROPYL MERCAPTAN,107-03-9,CCCS,C3H8S,76.161,,DIPPR
n-PENTYL MERCAPTAN,110-66-7,CCCCCS,C5H12S,104.214,,DIPPR
METHYL ETHYL KETONE,78-93-3,CC(=O)CC,C4H8O,72.106,,DIPPR
ISOXAZOLE,288-14-2,C1=CON=C1,C3H3NO,69.062,,DIPPR
"1,2-BENZENEDIOL",120-80-9,c1(O)c(O)cccc1,C6H6O2,110.111,,DIPPR
o-ISOPROPYLPHENOL,88-69-7,CC(C)c1ccccc1O,C9H12O,136.191,,DIPPR
TRIPHENYLPHOSPHINE,603-35-0,P(c1ccccc1)(c2ccccc2)(c3ccccc3),C18H15P,262.285,,DIPPR
AMMONIUM SULFIDE,12135-76-1,[NH4]S[NH4],H8N2S,68.142,,DIPPR
tert-BUTYL FORMATE,762-75-4,CC(C)(C)OC=O,C5H10O2,102.132,,DIPPR
iso-BUTYLCYCLOHEXANE,1678-98-4,C1CCCCC1CC(C)C,C10H20,140.266,,DIPPR
DI(2-CHLOROETHYL)ETHER,111-44-4,ClCCOCCCl,C4H8Cl2O,143.012,,DIPPR
n-DECYL MERCAPTAN,143-10-2,CCCCCCCCCCS,C10H22S,174.347,,DIPPR
DIETHYLSULFITE,623-81-4,CCOS(=O)OCC,C4H10O3S,138.185,,DIPPR
"1,3-DICHLORO-2-PROPANOL",96-23-1,ClCC(O)CCl,C3H6Cl2O,128.985,,DIPPR
2-PHENYL-2-PROPANOL,617-94-7,c1ccccc1(C(C)(C)O),C9H12O,136.191,,DIPPR
"2,6-XYLENOL",576-26-1,c1(C)c(O)c(C)ccc1,C8H10O,122.164,,DIPPR
"1,2,3-TRIMETHYL-4-ETHYLBENZENE",61827-86-9,c1(C)c(C)c(C)c(CC)cc1,C11H16,148.245,,DIPPR
DIISOPROPYL SULFIDE,625-80-9,CC(C)SC(C)C,C6H14S,118.24,,DIPPR
ACETALDEHYDE,75-07-0,CC=O,C2H4O,44.053,,DIPPR
"p,alpha-DIMETHYLBENZYL ALCOHOL",536-50-5,c1(C)ccc(C(O)(C))cc1,C9H12O,136.191,,DIPPR
n-UNDECYLBENZENE,6742-54-7,c1ccccc1(CCCCCCCCCCC),C17H28,232.404,,DIPPR
n-DECYLBENZENE,104-72-3,c1(CCCCCCCCCC)ccccc1,C16H26,218.378,,DIPPR
CAMPHOR,76-22-2,C1C(=O)[C@@]2(C)(CCC1C2(C)(C)),C10H16O,152.233,,DIPPR
3-METHYL-2-PENTANONE,565-61-7,CC(=O)C(C)CC,C6H12O,100.159,,DIPPR
1-tert-BUTYL GLYCERIN,74338-98-0,OC(CO)COC(C)(C)C,C7H16O3,148.2,,DIPPR
PROPYLENE,115-07-1,C=CC,C3H6,42.08,,DIPPR
ISOPROPYL PALMITATE,142-91-6,CC(C)OC(=O)CCCCCCCCCCCCCCC,C19H38O2,298.504,,DIPPR
EICOSAMETHYLNONASILOXANE,2652-13-3,C[Si](C)(C)O[Si](C)(C)O[Si](C)(C)O[Si](C)(C)O[Si](C)(C)O[Si](C)(C)O[Si](C)(C)O[Si](C)(C)O[Si](C)(C)(C),C20H60O8Si9,681.455,,DIPPR
BROMOCHLORODIFLUOROMETHANE,353-59-3,FC(Br)(Cl)F,CBrClF2,165.365,,DIPPR
"2,3-DIMETHYLHEPTANE",3074-71-3,CC(C)C(C)CCCC,C9H20,128.255,,DIPPR
1-ETHOXY-2-PROPANOL,1569-02-4,CC(O)COCC,C5H12O2,104.148,,DIPPR
PHOSPHORUS TRICHLORIDE,02/12/7719,ClP(Cl)Cl,Cl3P,137.333,,DIPPR
"1,1-DIPHENYLETHANE",612-00-0,c1ccccc1C(C)c2ccccc2,C14H14,182.261,,DIPPR
n-PROPYLCYCLOHEXANE,1678-92-8,C1CCCCC1CCC,C9H18,126.239,,DIPPR
ETHYL MERCAPTAN,01/08/1975,CCS,C2H6S,62.134,,DIPPR
BROMOTRIFLUOROMETHANE,75-63-8,FC(Br)(F)F,CBrF3,148.91,,DIPPR
ACETANILIDE,103-84-4,c1ccccc1(NC(=O)C),C8H9NO,135.163,,DIPPR
1-METHYL-4-n-PROPYLBENZENE,1074-55-1,c1(C)ccc(CCC)cc1,C10H14,134.218,,DIPPR
IBUPROFEN,15687-27-1,c1(CC(C)C)ccc(C(C)C(=O)O)cc1,C13H18O2,206.281,,DIPPR
PYRENE,129-00-0,C1=CC2=C3C(=C1)C=CC1=CC=CC(=C31)C=C2,C16H10,202.251,,DIPPR
"1,2-DIETHOXYETHANE",629-14-1,CCOCCOCC,C6H14O2,118.174,,DIPPR
PHOSPHORUS PENTACHLORIDE,10026-13-8,ClP(Cl)(Cl)(Cl)Cl,Cl5P,208.239,,DIPPR
n-TETRASILANE,7783-29-1,[SiH3][SiH2][SiH2][SiH3],H10Si4,122.421,,DIPPR
m-ETHYLSTYRENE,7525-62-4,CCC1=CC(C=C)=CC=C1,C10H12,132.202,,DIPPR
n-PROPYLBENZENE,103-65-1,c1(CCC)ccccc1,C9H12,120.192,,DIPPR
"N,N-DIETHYLMETHYLAMINE",616-39-7,CCN(C)CC,C5H13N,87.164,,DIPPR
"1,2-PROPYLENE GLYCOL",57-55-6,OC(C)CO,C3H8O2,76.094,,DIPPR
o-TOLUALDEHYDE,529-20-4,c1(C)ccccc1(C=O),C8H8O,120.149,,DIPPR
n-BUTYL PROPIONATE,590-01-2,CCC(=O)OCCCC,C7H14O2,130.185,,DIPPR
BROMOTRICHLOROMETHANE,75-62-7,BrC(Cl)(Cl)Cl,CBrCl3,198.274,,DIPPR
CYCLOHEXYL ISOCYANATE,3173-53-3,C1(N=C=O)CCCCC1,C7H11NO,125.168,,DIPPR
1-PENTYNE,627-19-0,C#CCCC,C5H8,68.117,,DIPPR
"1,2,4,5-TETRAMETHYLBENZENE",95-93-2,c1(C)c(C)cc(C)c(C)c1,C10H14,134.218,,DIPPR
ACETOACETIC ACID,541-50-4,CC(=O)CC(=O)O,C4H6O3,102.089,,DIPPR
NITROGEN,7727-37-9,N#N,N2,28.013,,DIPPR
DIETHYL CARBONATE,105-58-8,CCOC(=O)OCC,C5H10O3,118.131,,DIPPR
ETHYL ISOVALERATE,108-64-5,CC(C)CC(=O)OCC,C7H14O2,130.185,,DIPPR
"1,1,2,2-TETRAFLUOROETHANE",359-35-3,FC(F)C(F)F,C2H2F4,102.031,,DIPPR
ETHYL ACRYLATE,140-88-5,C=CC(=O)OCC,C5H8O2,100.116,,DIPPR
trans-2-EICOSENE,121909-30-6,C/C=C/CCCCCCCCCCCCCCCCC,C20H40,280.532,,DIPPR
HEXAFLUOROETHANE,76-16-4,FC(F)(F)C(F)(F)F,C2F6,138.012,,DIPPR
TETRACHLOROSILANE,10026-04-7,Cl[Si](Cl)(Cl)Cl,Cl4Si,169.898,,DIPPR
ACETALDOL,107-89-1,CC(O)CC=O,C4H8O2,88.105,,DIPPR
n-BUTYL FORMATE,592-84-7,CCCCOC(=O),C5H10O2,102.132,,DIPPR
VINYL ACETATE,108-05-4,CC(=O)OC=C,C4H6O2,86.089,,DIPPR
DICYCLOHEXYL SULFIDE,7133-46-2,C1CCCCC1(SC1CCCCC1),C12H22S,198.368,,DIPPR
TRIMETHYLOLPROPANE,77-99-6,CCC(CO)(CO)CO,C6H14O3,134.174,,DIPPR
(3-METHYLACRYLOXYPROPYL)TRICHLOROSILANE,7351-61-3,CC(=C)C(=O)OCCC[Si](Cl)(Cl)Cl,C7H11Cl3O2Si,261.606,,DIPPR
2-BROMOPROPANE,75-26-3,CC(Br)C,C3H7Br,122.992,,DIPPR
PHTHALAN,496-14-0,C1OCc2ccccc12,C8H8O,120.149,,DIPPR
TEREPHTHALDEHYDE,623-27-8,c1cc(C=O)ccc1(C=O),C8H6O2,134.132,,DIPPR
TRIETHYLENE GLYCOL DIMETHYL ETHER,112-49-2,COCCOCCOCCOC,C8H18O4,178.226,,DIPPR
ETHANOL,64-17-5,CCO,C2H6O,46.068,,DIPPR
ISOPROPYLCYCLOPENTANE,3875-51-2,C1CCCC1(C(C)C),C8H16,112.213,,DIPPR
tert-BUTYL CHLORIDE,507-20-0,C(C)(Cl)(C)C,C4H9Cl,92.567,,DIPPR
PROPANAL,123-38-6,CCC=O,C3H6O,58.079,,DIPPR
"2,4-DIMETHYLOCTANE",4032-94-4,CC(C)CC(C)CCCC,C10H22,142.282,,DIPPR
"1,2,3-TRIETHYLBENZENE",42205-08-3,c1(CC)c(CC)c(CC)ccc1,C12H18,162.271,,DIPPR
HYDROGEN IODIDE,10034-85-2,I,HI,127.912,,DIPPR
"1,1-DIFLUOROETHANE",75-37-6,FC(F)C,C2H4F2,66.05,,DIPPR
TETRAMETHYLSILANE,75-76-3,C[Si](C)(C)C,C4H12Si,88.224,,DIPPR
DI-tert-BUTYL ETHER,6163-66-2,CC(C)(C)OC(C)(C)C,C8H18O,130.228,,DIPPR
2-PHENYLPROPIONALDEHYDE,93-53-8,c1ccccc1(C(C)C=O),C9H10O,134.175,,DIPPR
"2,7-DIMETHYLNAPHTHALENE",582-16-1,c1c(C)ccc2ccc(C)cc21,C12H12,156.224,,DIPPR
TRIMETHYLGALLIUM,1445-79-0,C[Ga](C)C,C3H9Ga,114.827,,DIPPR
SILICON,7440-21-3,[Si],Si,28.086,,DIPPR
2-PENTANONE,107-87-9,CC(=O)CCC,C5H10O,86.132,,DIPPR
trans-2-PHENYLBUTENE-2,767-99-7,C/C(c1ccccc1)=CC,C10H12,132.202,,DIPPR
"1,2,3-BENZENETRIOL",87-66-1,c1(O)c(O)c(O)ccc1,C6H6O3,126.11,,DIPPR
"N,N-DIMETHYLFORMAMIDE",02/12/1968,CN(C)C=O,C3H7NO,73.094,,DIPPR
n-DODECYLBENZENE,123-01-3,c1ccccc1(CCCCCCCCCCCC),C18H30,246.431,,DIPPR
2-METHYL OCTANAL,7786-29-0,O=CC(C)CCCCCC,C9H18O,142.239,,DIPPR
PHENYLTRICHLOROSILANE,98-13-5,c1ccccc1([Si](Cl)(Cl)Cl),C6H5Cl3Si,211.548,,DIPPR
BENZOTHIOPHENE,95-15-8,c1(SC=C2)c2cccc1,C8H6S,134.198,,DIPPR
5-METHYLINDAN,874-35-1,c1cc(C)cc2c1CCC2,C10H12,132.202,,DIPPR
1-HEPTENE,592-76-7,C=CCCCCC,C7H14,98.186,,DIPPR
METHYL DODECANOATE,111-82-0,CCCCCCCCCCCC(=O)OC,C13H26O2,214.344,,DIPPR
2-BUTYL-1-DECANOL,21078-81-9,CCCCCCCCC(CCCC)CO,C14H30O,214.387,,DIPPR
1-CHLORONAPHTHALENE,90-13-1,c12c(Cl)cccc1cccc2,C10H7Cl,162.616,,DIPPR
PROPYLENE GLYCOL 1-tert-BUTYL ETHER,57018-52-7,CC(C)(C)OCC(O)C,C7H16O2,132.201,,DIPPR
2-NONANOL,628-99-9,CCCCCCCC(O)C,C9H20O,144.255,,DIPPR
TRIFLUOROACETIC ACID,01/05/1976,FC(F)(F)C(=O)O,C2HF3O2,114.023,,DIPPR
1-OCTANOL,111-87-5,CCCCCCCCO,C8H18O,130.228,,DIPPR
"trans-2,n-HEXYL-DECAHYDRONAPHTHALENE",103554-13-8,C1C2C(CCC1)CC[C@@H](C2)CCCCCC,C16H30,222.409,,DIPPR
"1,4-BENZENEDICARBOXYLIC ACID, 2-HYDROXYETHYL METHYL ESTER",09/01/3645,COC(=O)c1ccc(C(=O)OCCO)cc1,C11H12O5,224.21,,DIPPR
"2,2,4,4-TETRAMETHYLPENTANE",1070-87-7,CC(C)(C)CC(C)(C)C,C9H20,128.255,,DIPPR
"1,3-DIOXANE",505-22-6,O1COCCC1,C4H8O2,88.105,,DIPPR
TRIPHENYLETHYLENE,58-72-0,c1ccccc1C=C(c3ccccc3)c4ccccc4,C20H16,256.341,,DIPPR
METHYL ACRYLATE,96-33-3,C=CC(=O)OC,C4H6O2,86.089,,DIPPR
n-PROPYL ACRYLATE,925-60-0,CCCOC(=O)C=C,C6H10O2,114.142,,DIPPR
2-PROPYLBENZOTHIOPHENE,16587-32-9,c1cccc(C=C(CCC)S2)c21,C11H12S,176.278,,DIPPR
CALCIUM CHLORIDE,10043-52-4,[Cl-].[Ca++].[Cl-],CaCl2,110.984,,DIPPR
n-PROPYLCYCLOPENTANE,2040-96-2,C1CCCC1(CCC),C8H16,112.213,,DIPPR
KETENE,463-51-4,C=C=O,C2H2O,42.037,,DIPPR
"N,N-DIETHYLANILINE",91-66-7,c1ccccc1N(CC)CC,C10H15N,149.233,,DIPPR
DIAMYL KETONE,927-49-1,CCCCCC(=O)CCCCC,C11H22O,170.292,,DIPPR
METHYL GLYOXAL,78-98-8,CC(=O)C=O,C3H4O2,72.063,,DIPPR
n-HEPTYLBENZENE,1078-71-3,c1(CCCCCCC)ccccc1,C13H20,176.298,,DIPPR
BENZYL ACETATE,140-11-4,CC(=O)OCc1ccccc1,C9H10O2,150.175,,DIPPR
NITROGEN DIOXIDE,10102-44-0,O=[N]=O,NO2,46.006,,DIPPR
TRIS(2-METHOXYETHOXY)VINYLSILANE,1067-53-4,C=C[Si](OCCOC)(OCCOC)OCCOC,C11H24O6Si,280.39,,DIPPR
"1,1,2-TRIFLUOROETHANE",430-66-0,FC(F)CF,C2H3F3,84.04,,DIPPR
2-METHYLBUTYRALDEHYDE,96-17-3,CCC(C)C=O,C5H10O,86.132,,DIPPR
n-HEPTANOIC ACID,111-14-8,CCCCCCC(=O)O,C7H14O2,130.185,,DIPPR
"1,1,3-TRIMETHYLCYCLOHEXANE",3073-66-3,CC(CC1C)(CCC1)C,C9H18,126.239,,DIPPR
4-METHYLPHENANTHRENE,832-64-4,C1=CC2=C(C(C)=C1)C1=C(C=CC=C1)C=C2,C15H12,192.256,,DIPPR
2-OCTANOL,123-96-6,CCCCCCC(O)C,C8H18O,130.228,,DIPPR
PHENYL MERCAPTAN,108-98-5,c1(S)ccccc1,C6H6S,110.177,,DIPPR
GERMANIUM TETRAHYDRIDE,7782-65-2,[H][Ge]([H])([H])[H],GeH4,76.662,,DIPPR
"2,3,5-TRIMETHYLTHIOPHENE",1795-05-7,CC1=CC(C)=C(C)S1,C7H10S,126.219,,DIPPR
LITHIUM IODIDE,10377-51-2,[Li+].[I-],ILi,133.845,,DIPPR
PIPERIDINE,110-89-4,C1CCCCN1,C5H11N,85.148,,DIPPR
BENZIDINE,92-87-5,c1(N)ccc(cc1)c2ccc(N)cc2,C12H12N2,184.237,,DIPPR
TERPINOLENE,586-62-9,C1(C)=CCC(=C(C)C)CC1,C10H16,136.234,,DIPPR
TETRAETHYLENE GLYCOL MONOBUTYL ETHER,1559-34-8,CCCCOCCOCCOCCOCCO,C12H26O5,250.332,,DIPPR
4-METHYL-CYCLOHEXANE-METHANOL,34885-03-5,C1(C)CCC(CO)CC1,C8H16O,128.212,,DIPPR
"4,4'-DINITRODIPHENYLAMINE",1821-27-8,N(c1ccc(N(=O)=O)cc1)(c2ccc(N(=O)=O)cc2),C12H9N3O4,259.218,,DIPPR
PERFLUORO-n-DECANE,307-45-9,C(F)(F)(F)C(F)(F)C(F)(F)C(F)(F)C(F)(F)C(F)(F)C(F)(F)C(F)(F)C(F)(F)C(F)(F)(F),C10F22,538.072,,DIPPR
BICYCLO[2.2.1]HEPTANE,279-23-2,C1C2CCC1CC2,C7H12,96.17,,DIPPR
p-tert-OCTYLPHENOL,140-66-9,CC(C)(C)CC(C)(C)c1ccc(O)cc1,C14H22O,206.324,,DIPPR
TETRAPHENYLMETHANE,630-76-2,C(c1ccccc1)(c2ccccc2)(c3ccccc3)c4ccccc4,C25H20,320.426,,DIPPR
p-CHLOROPHENOL,106-48-9,c1(O)ccc(Cl)cc1,C6H5ClO,128.556,,DIPPR
n-OCTANOIC ACID,124-07-2,CCCCCCCC(=O)O,C8H16O2,144.211,,DIPPR
ACRYLAMIDE,01/06/1979,C=CC(=O)N,C3H5NO,71.078,,DIPPR
1-n-DECYLNAPHTHALENE,26438-27-7,c1(CCCCCCCCCC)cccc2ccccc21,C20H28,268.436,,DIPPR
1-ETHYLINDAN,4830-99-3,CCC1CCC2=CC=CC=C21,C11H14,146.229,,DIPPR
"2,3-DIMETHYLHEXANE",584-94-1,CC(C)C(C)CCC,C8H18,114.229,,DIPPR
OZONE,10028-15-6,O=[O+][O-],O3,47.998,,DIPPR
"3-ETHYL-2,5-DIMETHYLTHIOPHENE",55735-23-4,CCc1cc(C)sc1C,C8H12S,140.246,,DIPPR
DIPHENYLMETHANE,101-81-5,c1ccccc1Cc2ccccc2,C13H12,168.234,,DIPPR
CYCLOPENTANE,287-92-3,C1CCCC1,C5H10,70.133,,DIPPR
VANADIUM,7440-62-2,[V],V,50.942,,DIPPR
NITROGEN TRICHLORIDE,10025-85-1,ClN(Cl)Cl,Cl3N,120.366,,DIPPR
n-BUTYLBENZENE,104-51-8,c1(CCCC)ccccc1,C10H14,134.218,,DIPPR
alpha-HYDROXYISOBUTYRAMIDE,13027-88-8,CC(O)(C)C(N)=O,C4H9NO2,103.12,,DIPPR
trans-2-OCTENE,13389-42-9,C/C=C/CCCCC,C8H16,112.213,,DIPPR
ETHYL CHLOROFORMATE,541-41-3,ClC(=O)OCC,C3H5ClO2,108.524,,DIPPR
TRIDECANAL,10486-19-8,CCCCCCCCCCCCC=O,C13H26O,198.345,,DIPPR
sec-BUTYLBENZENE,135-98-8,c1(C(C)CC)ccccc1,C10H14,134.218,,DIPPR
METHYL PENTYL SULFIDE,1741-83-9,CSCCCCC,C6H14S,118.24,,DIPPR
n-HEXADECANE,544-76-3,CCCCCCCCCCCCCCCC,C16H34,226.441,,DIPPR
N-NITROSODIETHANOLAMINE,1116-54-7,OCCN(CCO)N=O,C4H10N2O3,134.134,,DIPPR
ETHYLCYCLOHEXANE,1678-91-7,C1CCCCC1(CC),C8H16,112.213,,DIPPR
LYSINE,56-87-1,NCCCC[C@](C(=O)O)(N)([H]),C6H14N2O2,146.188,,DIPPR
ISOPENTYL ACETATE,123-92-2,CC(=O)OCCC(C)C,C7H14O2,130.185,,DIPPR
L-MENTHOL,2216-51-5,C1[C@H](C(C)C)([C@](O)([H])(C[C@](C)([H])(C1))),C10H20O,156.265,,DIPPR
CYCLODECANE,293-96-9,C1CCCCCCCCC1,C10H20,140.266,,DIPPR
"1,3-DIMETHYL-5-NITROBENZENE",07/12/1999,c1(C)cc([N+]([O-])=O)cc(C)c1,C8H9NO2,151.163,,DIPPR
1-BROMOHEPTANE,629-04-9,CCCCCCCBr,C7H15Br,179.098,,DIPPR
n-PENTANOIC ACID,109-52-4,CCCCC(=O)O,C5H10O2,102.132,,DIPPR
DIPROPYLENE GLYCOL MONOMETHYL ETHER ACETATE,88917-22-0,COCC(C)OCC(C)OC(=O)C,C9H18O4,190.237,,DIPPR
3-ETHYLHEXANE,619-99-8,CCC(CC)CCC,C8H18,114.229,,DIPPR
5-METHYL-1-HEXENE,3524-73-0,C=CCCC(C)C,C7H14,98.186,,DIPPR
ANTHRACENE,120-12-7,C1=CC=C2C(=C1)C=C1C(=C2)C=CC=C1,C14H10,178.229,,DIPPR
"2,4-DIMETHYLANILINE",95-68-1,c1(C)cc(C)c(N)cc1,C8H11N,121.18,,DIPPR
PROPIONITRILE,107-12-0,CCC#N,C3H5N,55.079,,DIPPR
STIGMASTEROL,83-48-7,CC[C@H](/C=C/[C@@H](C)[C@H]1CC[C@@H]2[C@H]3CC=C4C[C@H](O)CC[C@@]4(C)[C@H]3CC[C@]12C)C(C)C,C29H48O,412.691,,DIPPR
trans-2-PENTADECENE,74392-36-2,C/C=C/CCCCCCCCCCCC,C15H30,210.399,,DIPPR
3-NONANONE,925-78-0,CCC(=O)CCCCCC,C9H18O,142.239,,DIPPR
BENZALDEHYDE,100-52-7,c1ccccc1(C=O),C7H6O,106.122,,DIPPR
"2,3-DIMETHYLBUTANE",79-29-8,CC(C)C(C)C,C6H14,86.175,,DIPPR
2-PENTANONE OXIME,623-40-5,CCCC(=NO)C,C5H11NO,101.147,,DIPPR
N-ETHYLMORPHOLINE,100-74-3,N1(CC)CCOCC1,C6H13NO,115.174,,DIPPR
2-HYDROXYPROPYL METHACRYLATE,923-26-2,CC(O)COC(=O)C(C)=C,C7H12O3,144.168,,DIPPR
2-METHYL-1-UNDECANOL,10522-26-6,CCCCCCCCCC(C)CO,C12H26O,186.334,,DIPPR
2-ETHYL-2-HEXENAL,645-62-5,CCCC=C(CC)C=O,C8H14O,126.196,,DIPPR
METHYLAMINE,74-89-5,CN,CH5N,31.057,,DIPPR
SODIUM IODIDE,7681-82-5,[Na+].[I-],INa,149.894,,DIPPR
tert-BUTYLFORMAMIDE,2425-74-3,CC(C)(C)NC=O,C5H11NO,101.147,,DIPPR
"DIMETHYL-2,6-NAPHTHALENEDICARBOXYLATE",840-65-3,C1=CC2=C(C=C1C(=O)OC)C=CC(=C2)C(=O)OC,C14H12O4,244.243,,DIPPR
o-ETHYLTOLUENE,611-14-3,c1(CC)c(C)cccc1,C9H12,120.192,,DIPPR
"FURAN 2,5-DICARBOXYLIC ACID",3238-40-2,c1c(C(=O)O)oc(C(=O)O)c1,C6H4O5,156.093,,DIPPR
DI-n-HEXYL ETHER,112-58-3,CCCCCCOCCCCCC,C12H26O,186.334,,DIPPR
HYDROGEN BROMIDE,10035-10-6,Br,BrH,80.912,,DIPPR
CARBON TETRACHLORIDE,56-23-5,C(Cl)(Cl)(Cl)Cl,CCl4,153.823,,DIPPR
BERYLLIUM,7440-41-7,[Be],Be,9.012,,DIPPR
n-BUTYLCYCLOHEXANE,1678-93-9,C1CCCCC1CCCC,C10H20,140.266,,DIPPR
SULFUR DICHLORIDE,10545-99-0,ClSCl,Cl2S,102.971,,DIPPR
1-HEXADECENE,629-73-2,C=CCCCCCCCCCCCCCC,C16H32,224.425,,DIPPR
m-CHLOROBENZOYL CHLORIDE,618-46-2,c1c(Cl)cccc1C(=O)Cl,C7H4Cl2O,175.012,,DIPPR
ETHYLENEDIAMINETETRAACETIC ACID,04/01/1960,OC(=O)CN(CCN(CC(=O)O)CC(=O)O)CC(=O)O,C10H16N2O8,292.243,,DIPPR
MONOPALMITIN,542-44-9,CCCCCCCCCCCCCCCC(=O)OCC(CO)O,C19H38O4,330.503,,DIPPR
1-DECENE,872-05-9,C=CCCCCCCCC,C10H20,140.266,,DIPPR
"2,4,6,8,10-PENTAOXAUNDECANE",13352-75-5,COCOCOCOCOC,C6H14O5,166.172,,DIPPR
PROPYLENE GLYCOL MONOMETHYL ETHER,107-98-2,CC(O)COC,C4H10O2,90.121,,DIPPR
HYDRACRYLONITRILE,109-78-4,N#CCCO,C3H5NO,71.078,,DIPPR
"3-METHYL-1,4-PENTADIENE",1115-08-8,C=CC(C)C=C,C6H10,82.144,,DIPPR
PARALDEHYDE,123-63-7,C1(C)OC(C)OC(C)O1,C6H12O3,132.158,,DIPPR
METHYL RICINOLEATE,141-24-2,CCCCCC[C@H](C/C=CCCCCCCCC(=O)OC)O,C19H36O3,312.487,,DIPPR
DODECAMETHYLPENTASILOXANE,141-63-9,C[Si](C)(C)O[Si](C)(C)O[Si](C)(C)O[Si](C)(C)O[Si](C)(C)C,C12H36O4Si5,384.839,,DIPPR
DIFLUOROMETHYL METHYL ETHER,359-15-9,C(F)(F)OC,C2H4F2O,82.049,,DIPPR
n-OCTANE,111-65-9,CCCCCCCC,C8H18,114.229,,DIPPR
ETHYL PHENYL ACETATE,101-97-3,c1ccccc1CC(=O)OCC,C10H12O2,164.201,,DIPPR
"2,6-DIETHYLNAPHTHALENE",59919-41-4,c1(CC)ccc(cc(CC)cc2)c2c1,C14H16,184.277,,DIPPR
p-AMINODIPHENYLAMINE,101-54-2,c1ccccc1Nc2ccc(N)cc2,C12H12N2,184.237,,DIPPR
UNDECANAL,112-44-7,CCCCCCCCCCC=O,C11H22O,170.292,,DIPPR
2-PENTYNE,627-21-4,CC#CCC,C5H8,68.117,,DIPPR
METHYLNORBORNENE,694-92-8,C1CC2CC1C(=C2)C,C8H12,108.181,,DIPPR
DIISODECYL PHTHALATE,26761-40-0,c1c(C(=O)OCCCCCCCC(C)C)c(C(=O)OCCCCCCCC(C)C)ccc1,C28H46O4,446.662,,DIPPR
1-(4-ETHYLPHENYL)-2-PHENYLETHANE,7439-15-8,c1ccccc1CCc2ccc(CC)cc2,C16H18,210.314,,DIPPR
METHYL BENZOATE,93-58-3,c1c(C(=O)OC)cccc1,C8H8O2,136.148,,DIPPR
DI(2-ETHYLHEXYL) ADIPATE,103-23-1,CCCCC(CC)COC(=O)CCCCC(=O)OCC(CC)CCCC,C22H42O4,370.566,,DIPPR
AMMONIA,7664-41-7,N,H3N,17.031,,DIPPR
4-METHYL DIBENZOTHIOPHENE,7372-88-5,Cc1cccc2c3ccccc3sc21,C13H10S,198.284,,DIPPR
DEHYDROABIETYLAMINE,1446-61-3,C1C[C@](C)(CN)([C@@]2([H])(CCC3=CC(C(C)C)=CC=C3C2(C)C1)),C20H31N,285.467,,DIPPR
DIISOPROPYL KETONE,565-80-0,CC(C)C(=O)C(C)C,C7H14O,114.185,,DIPPR
4-METHYL-1-PENTENE,691-37-2,C=CCC(C)C,C6H12,84.159,,DIPPR
NITROSYL FLUORIDE,7789-25-5,N(=O)F,FNO,49.005,,DIPPR
"1,2-ETHANEDITHIOL",540-63-6,SCCS,C2H6S2,94.199,,DIPPR
"1,2-EPOXY-2-METHYLPROPANE",558-30-5,CC1(C)CO1,C4H8O,72.106,,DIPPR
1-DOCOSANOL,661-19-8,OCCCCCCCCCCCCCCCCCCCCCC,C22H46O,326.6,,DIPPR
PERFLUOROMETHYLCYCLOPENTANE,1805-22-7,C(F)(F)(F)C1(F)C(F)(F)C(F)(F)C(F)(F)C1(F)(F),C6F12,300.045,,DIPPR
tert-BUTYL ETHYL ETHER,637-92-3,CCOC(C)(C)C,C6H14O,102.175,,DIPPR
ABIETIC ACID,514-10-3,C1C[C@@](C)(C(=O)O)([C@@H]2(CC=C3C=C(C(C)C)CC[C@@H]3([C@@]2(C)(C1)))),C20H30O2,302.451,,DIPPR
AZELAIC ACID,123-99-9,OC(=O)CCCCCCCC(=O)O,C9H16O4,188.221,,DIPPR
n-TRIDECYLBENZENE,123-02-4,c1ccccc1(CCCCCCCCCCCCC),C19H32,260.457,,DIPPR
3-METHYLPYRIDINE,108-99-6,n1cc(C)ccc1,C6H7N,93.126,,DIPPR
BENZYLAMINE,100-46-9,c1(CN)ccccc1,C7H9N,107.153,,DIPPR
"2-CHLORO-1,3-PROPANEDIOL",497-04-1,C(CO)(CO)Cl,C3H7ClO2,110.54,,DIPPR
"cis-1,4-DIMETHYLCYCLOHEXANE",624-29-3,C1[C@@](C)([H])(CC[C@]([H])(C)(C1)),C8H16,112.213,,DIPPR
m-CHLORONITROBENZENE,121-73-3,c1(N(=O)=O)cc(Cl)ccc1,C6H4ClNO2,157.554,,DIPPR
QUINALDINE,91-63-4,c1(ccc(C)n2)c2cccc1,C10H9N,143.185,,DIPPR
3-METHYLUNDECANE,1002-43-3,CCC(C)CCCCCCCC,C12H26,170.335,,DIPPR
TOLUENE,108-88-3,c1ccccc1(C),C7H8,92.138,,DIPPR
p-HYDROQUINONE,123-31-9,c1(O)ccc(O)cc1,C6H6O2,110.111,,DIPPR
epsilon-CAPROLACTONE,502-44-3,C1(=O)OCCCCC1,C6H10O2,114.142,,DIPPR
UREA,57-13-6,NC(=O)N,CH4N2O,60.055,,DIPPR
ALLYL GLYCIDYL ETHER,106-92-3,C=CCOCC1(OC1),C6H10O2,114.142,,DIPPR
OLEIC ACID,112-80-1,CCCCCCCC/C=CCCCCCCCC(=O)O,C18H34O2,282.461,,DIPPR
DIMETHYLALUMINUM CHLORIDE,1184-58-3,C[Al+1]C.[Cl-],C2H6AlCl,92.504,,DIPPR
ARGON,7440-37-1,[Ar],Ar,39.948,,DIPPR
METHYL-3-MERCAPTOPROPIONATE,2935-90-2,SCCC(=O)OC,C4H8O2S,120.17,,DIPPR
2-METHYLDECANE,6975-98-0,CC(C)CCCCCCCC,C11H24,156.308,,DIPPR
"1,1-DIMETHOXYETHANE",534-15-6,COC(C)OC,C4H10O2,90.121,,DIPPR
2-PHENYLBUTENE-1,2039-93-2,C=C(c1ccccc1)CC,C10H12,132.202,,DIPPR
n-UNDECANE,1120-21-4,CCCCCCCCCCC,C11H24,156.308,,DIPPR
NONYLPHENOL,25154-52-3,c1(O)c(CCCCCCCCC)cccc1,C15H24O,220.35,,DIPPR
ISOPROPYL MYRISTATE,110-27-0,CCCCCCCCCCCCCC(=O)OC(C)C,C17H34O2,270.451,,DIPPR
"2,5-DINITROTOLUENE",619-15-8,c1([N+](=O)[O-])c(C)cc([N+](=O)[O-])cc1,C7H6N2O4,182.134,,DIPPR
DICYCLOHEXYLAMINE,101-83-7,N(C1CCCCC1)(C2CCCCC2),C12H23N,181.318,,DIPPR
3-METHYLCYCLOPENTENE,1120-62-3,C1=CC(C)CC1,C6H10,82.144,,DIPPR
OCTAMETHYLCYCLOTETRASILOXANE,556-67-2,[Si]1(C)(C)O[Si](C)(C)O[Si](C)(C)O[Si](C)(C)O1,C8H24O4Si4,296.616,,DIPPR
METHANE,74-82-8,C,CH4,16.043,,DIPPR
"1,1,2,2-TETRAPHENYLETHANE",632-50-8,C(c1ccccc1)(c2ccccc2)C(c3ccccc3)c4ccccc4,C26H22,334.453,,DIPPR
1-NITROPROPANE,108-03-2,CCC[N+](=O)[O-],C3H7NO2,89.093,,DIPPR
4-METHYL-trans-2-PENTENE,674-76-0,C/C=C/C(C)C,C6H12,84.159,,DIPPR
ACETYLSALICYLIC ACID,50-78-2,c1(C(=O)O)c(OC(=O)C)cccc1,C9H8O4,180.157,,DIPPR
DI-n-OCTYL TEREPHTHALATE,4654-26-6,c1c(C(=O)OCCCCCCCC)c(C(=O)OCCCCCCCC)ccc1,C24H38O4,390.556,,DIPPR
p-ISOPROPENYLSTYRENE,16262-48-9,c1(C=C)ccc(C(C)=C)cc1,C11H12,144.213,,DIPPR
ADIPIC ACID,124-04-9,OC(=O)CCCCC(=O)O,C6H10O4,146.141,,DIPPR
2-CYCLOHEXENE-1-ONE,930-68-7,C1(=O)C=CCCC1,C6H8O,96.127,,DIPPR
TRIBROMOMETHANE,75-25-2,BrC(Br)Br,CHBr3,252.731,,DIPPR
8-HYDROXYQUINOLINE,148-24-3,C1(O)=C2N=CC=CC2=CC=C1,C9H7NO,145.158,,DIPPR
"1,2-DIMETHOXYETHANE",110-71-4,COCCOC,C4H10O2,90.121,,DIPPR
cis-2-BUTENE,590-18-1,C/C=CC,C4H8,56.106,,DIPPR
CYCLOHEXANONE,108-94-1,C1(=O)CCCCC1,C6H10O,98.143,,DIPPR
DI(2-ETHYLHEXYL) TEREPHTHALATE,6422-86-2,CCCCC(CC)COC(=O)c1ccc(C(=O)OCC(CC)CCCC)cc1,C24H38O4,390.556,,DIPPR
gamma-VALEROLACTONE,108-29-2,C1C(C)OC(=O)C1,C5H8O2,100.116,,DIPPR
TRIMETHYLAMINE,75-50-3,CN(C)C,C3H9N,59.11,,DIPPR
"1,2,4-TRIMETHYL-5-ETHYLBENZENE",17851-27-3,CCc1c(C)cc(C)c(C)c1,C11H16,148.245,,DIPPR
RADON,10043-92-2,[Rn],Rn,222.018,,DIPPR
ALLYL ACETATE,591-87-7,CC(=O)OCC=C,C5H8O2,100.116,,DIPPR
n-BUTANE,106-97-8,CCCC,C4H10,58.122,,DIPPR
sec-BUTENYL ACETATE,07/11/6737,C=CC(C)OC(=O)C,C6H10O2,114.142,,DIPPR
tert-BUTYLBENZENE,06/06/1998,c1(C(C)(C)C)ccccc1,C10H14,134.218,,DIPPR
BUTYL VINYL ETHER,111-34-2,CCCCOC=C,C6H12O,100.159,,DIPPR
3-METHYL-1-HEXENE,3404-61-3,C=CC(C)CCC,C7H14,98.186,,DIPPR
HEXAETHYLBENZENE,604-88-6,c1(CC)c(CC)c(CC)c(CC)c(CC)c1(CC),C18H30,246.431,,DIPPR
OXYGEN,7782-44-7,O=O,O2,31.999,,DIPPR
"2,6-TOLUENE DIISOCYANATE",07/08/1991,c1(C)c(N=C=O)cccc1(N=C=O),C9H6N2O2,174.156,,DIPPR
n-BUTYL ETHYL ETHER,628-81-9,CCCCOCC,C6H14O,102.175,,DIPPR
p-DINITROBENZENE,100-25-4,c1([N+](=O)[O-])ccc([N+](=O)[O-])cc1,C6H4N2O4,168.107,,DIPPR
2-METHYL-2-BUTANOL,75-85-4,CC(C)(O)CC,C5H12O,88.148,,DIPPR
HELIUM-3,14762-55-1,[3He],He,3.016,,DIPPR
ETHYLCHLOROACETATE,105-39-5,ClCC(=O)OCC,C4H7ClO2,122.55,,DIPPR
QUATERPHENYL,1166-18-3,c1(cc(ccc1)c2cccc(c2)c3ccccc3)c4ccccc4,C24H18,306.4,,DIPPR
MALEONITRILE,928-53-0,N#C/C=CC#N,C4H2N2,78.072,,DIPPR
BIS(CYCLOPENTADIENYL)MAGNESIUM,1284-72-6,C1=C[CH-]C=C1.[Mg+2].C1=C[CH-]C=C1,C10H10Mg,154.49,,DIPPR
"2-CHLORO-1,1,1-TRIFLUOROETHANE",75-88-7,ClCC(F)(F)F,C2H2ClF3,118.485,,DIPPR
8-METHYL-1-NONENE,26741-24-2,C=CCCCCCC(C)C,C10H20,140.266,,DIPPR
ISOPHTHALIC ACID,121-91-5,c1(C(=O)O)cc(C(=O)O)ccc1,C8H6O4,166.131,,DIPPR
"1,1-DICHLOROETHYLENE",75-35-4,C=C(Cl)Cl,C2H2Cl2,96.943,,DIPPR
TRIMETHYL BORATE,121-43-7,COB(OC)OC,C3H9BO3,103.913,,DIPPR
1-tert-BUTOXY-2-[2-(tert-BUTOXY)PROPOXY]PROPANE,1243297-10-0,CC(C)(C)OCC(C)OCC(C)OC(C)(C)C,C14H30O3,246.386,,DIPPR
"2,3,4-TRIMETHYLPENTANE",565-75-3,CC(C)C(C)C(C)C,C8H18,114.229,,DIPPR
NIACIN,59-67-6,c1(C(=O)O)cnccc1,C6H5NO2,123.109,,DIPPR
trans-4-OCTENE,14850-23-8,CCC/C=C/CCC,C8H16,112.213,,DIPPR
DIETHYLENE GLYCOL DIMETHYL ETHER,111-96-6,COCCOCCOC,C6H14O3,134.174,,DIPPR
PROPANE,74-98-6,CCC,C3H8,44.096,,DIPPR
BENZONITRILE,100-47-0,c1(C#N)ccccc1,C7H5N,103.121,,DIPPR
INDANE,496-11-7,C1=CC2=C(C=C1)CCC2,C9H10,118.176,,DIPPR
"2,4,4-TRIMETHYL-1-PENTENE",107-39-1,C=C(C)CC(C)(C)C,C8H16,112.213,,DIPPR
POTASSIUM,07/09/7440,[K],K,39.098,,DIPPR
ALLYL ALCOHOL,107-18-6,C=CCO,C3H6O,58.079,,DIPPR
n-HEXADECYL METHACRYLATE,2495-27-4,C=C(C)C(=O)OCCCCCCCCCCCCCCCC,C20H38O2,310.515,,DIPPR
ETHYLENE OXIDE,75-21-8,C1OC1,C2H4O,44.053,,DIPPR
BUTANAL,123-72-8,CCCC=O,C4H8O,72.106,,DIPPR
AGATHADIOL,1857-24-5,C1CC2[C@](CO)(C)(CCC[C@]2(C)([C@](CCC(C)=CCO)([H])(C1(=C)))),C20H34O2,306.483,,DIPPR
N-METHYLANILINE,100-61-8,c1(NC)ccccc1,C7H9N,107.153,,DIPPR
PERCHLORIC ACID,7601-90-3,OCl(=O)(=O)=O,ClHO4,100.459,,DIPPR
"1,2-DIMETHOXYPROPANE",7778-85-0,CC(OC)COC,C5H12O2,104.148,,DIPPR
4-[2-(2-AMINOETHOXY)ETHYL]MORPHOLINE,20207-13-0,N1(CCOCCN)CCOCC1,C8H18N2O2,174.241,,DIPPR
sec-BUTYL MERCAPTAN,513-53-1,CC(S)CC,C4H10S,90.187,,DIPPR
ETHYNYLBENZENE,536-74-3,c1(C#C)ccccc1,C8H6,102.133,,DIPPR
"2,6-DIAMINOTOLUENE",823-40-5,c1(C)c(N)cccc1(N),C7H10N2,122.168,,DIPPR
"2,7-DIMETHYLBENZOTHIOPHENE",16587-40-9,c1(C)cccc(cc(C)s2)c21,C10H10S,162.251,,DIPPR
DIETHYL ETHER,60-29-7,CCOCC,C4H10O,74.122,,DIPPR
TRISTEARIN,555-43-1,C(OC(COC(=O)CCCCCCCCCCCCCCCCC)COC(=O)CCCCCCCCCCCCCCCCC)(=O)CCCCCCCCCCCCCCCCC,C57H110O6,891.48,,DIPPR
1-HEXACOSENE,18835-33-1,C=CCCCCCCCCCCCCCCCCCCCCCCCC,C26H52,364.691,,DIPPR
DIBENZOPYRROLE,86-74-8,C1=CC2=C(C=C1)C1=C(C=CC=C1)N2,C12H9N,167.207,,DIPPR
DIETHYLENE GLYCOL DIBENZOATE,120-55-8,O=C(c1ccccc1)OCCOCCOC(=O)c1ccccc1,C18H18O5,314.333,,DIPPR
ETHYLCYCLOPENTANE,1640-89-7,C1(CC)CCCC1,C7H14,98.186,,DIPPR
p-TERPHENYL,92-94-4,c1ccccc1(c2ccc(c3ccccc3)cc2),C18H14,230.304,,DIPPR
2-OCTANONE,111-13-7,CC(=O)CCCCCC,C8H16O,128.212,,DIPPR
cis-3-METHYLCYCLOHEXANOL,5454-79-5,C1[C@](O)([H])(C[C@](C)([H])(CC1)),C7H14O,114.185,,DIPPR
"1,3-BUTANEDIOL",107-88-0,OCCC(O)C,C4H10O2,90.121,,DIPPR
"1-trans-3,5-TRIMETHYLCYCLOHEXANE",1795-26-2,C1[C@](C)([H])(C[C@]([H])(C)(C[C@]1([H])(C))),C9H18,126.239,,DIPPR
DIBENZOFURAN,132-64-9,c1cccc2c3ccccc3Oc21,C12H8O,168.191,,DIPPR
DI-n-BUTYLAMINE,111-92-2,CCCCNCCCC,C8H19N,129.243,,DIPPR
ISOBUTYLENE GLYCOL,558-43-0,CC(C)(O)CO,C4H10O2,90.121,,DIPPR
3-ETHYLBENZOTHIOPHENE,31283-14-4,c1cccc(c(CC)cs2)c21,C10H10S,162.251,,DIPPR
m-DIBROMOBENZENE,108-36-1,c1(Br)cc(Br)ccc1,C6H4Br2,235.904,,DIPPR
n-NONANE,111-84-2,CCCCCCCCC,C9H20,128.255,,DIPPR
(3-GLYCIDOXYPROPYL)METHYLDIETHOXYSILANE,2897-60-1,O1CC1COCCC[Si](OCC)(OCC)C,C11H24O4Si,248.391,,DIPPR
TRIPHENYLMETHANE,519-73-3,c1ccccc1C(c3ccccc3)c2ccccc2,C19H16,244.33,,DIPPR
DIIODOMETHANE,06/11/1975,ICI,CH2I2,267.836,,DIPPR
2-METHYL-2-BUTENE,513-35-9,CC(C)=CC,C5H10,70.133,,DIPPR
"2,6-DIISOPROPYLTOLUENE",17821-02-2,c1ccc(C(C)(C))c(C)c(C(C)(C))1,C13H20,176.298,,DIPPR
"1,1,2,2-TETRACHLORODIFLUOROETHANE",76-12-0,ClC(Cl)(F)C(Cl)(Cl)F,C2Cl4F2,203.83,,DIPPR
3-METHYLDECANE,13151-34-3,CCC(C)CCCCCCC,C11H24,156.308,,DIPPR
2-BUTANOL,78-92-2,CCC(O)C,C4H10O,74.122,,DIPPR
PHENOTHIAZINE,92-84-2,c1cc2Sc3ccccc3Nc2cc1,C12H9NS,199.272,,DIPPR
METHYL ERUCATE,1120-34-9,O=C(OC)CCCCCCCCCCC/C=CCCCCCCCC,C23H44O2,352.594,,DIPPR
PROPYLENE GLYCOL n-BUTYL ETHER,5131-66-8,CCCCOCC(O)C,C7H16O2,132.201,,DIPPR
cis-STILBENE,645-49-8,c1ccccc1/C=Cc2ccccc2,C14H12,180.245,,DIPPR
n-HEXYL IODIDE,638-45-9,ICCCCCC,C6H13I,212.072,,DIPPR
"2,2,4-TRIMETHYLPENTANE",540-84-1,CC(C)(C)CC(C)C,C8H18,114.229,,DIPPR
"2,3-DIMETHYL-1,3-BUTADIENE",513-81-5,C=C(C)C(C)=C,C6H10,82.144,,DIPPR
DIBORANE,19287-45-7,[H][B]1([H])[H][B]([H])([H])[H]1,B2H6,27.67,,DIPPR
ETHYL IODIDE,06/03/1975,CCI,C2H5I,155.966,,DIPPR
DIBUTYL MALEATE,105-76-0,CCCCOC(=O)/C=CC(=O)OCCCC,C12H20O4,228.285,,DIPPR
PERCHLORYL FLUORIDE,7616-94-6,FCl(=O)(=O)=O,ClFO3,102.45,,DIPPR
ISOBUTENE,115-11-7,C=C(C)C,C4H8,56.106,,DIPPR
"1,3,5-TRICHLOROBENZENE",108-70-3,c1(Cl)cc(Cl)cc(Cl)c1,C6H3Cl3,181.447,,DIPPR
1-METHYL-1-ETHYLCYCLOPENTANE,16747-50-5,C1CCCC1(C)(CC),C8H16,112.213,,DIPPR
METHANESULFONIC ACID,75-75-2,O=S(C)(O)=O,CH4O3S,96.106,,DIPPR
tert-BUTYLAMINE,75-64-9,CC(C)(C)N,C4H11N,73.137,,DIPPR
DI-(2-ETHYLHEXYL) MALEATE,142-16-5,CCCCC(CC)COC(=O)/C=CC(=O)OCC(CC)CCCC,C20H36O4,340.497,,DIPPR
cis-3-HEPTENE,06/10/7642,CC/C=CCCC,C7H14,98.186,,DIPPR
HEXAMETHYLENEIMINE,111-49-9,C1CCCCCN1,C6H13N,99.174,,DIPPR
BUTYRIC ANHYDRIDE,106-31-0,CCCC(=O)OC(=O)CCC,C8H14O3,158.195,,DIPPR
"1,3-DICHLOROPROPANE",142-28-9,ClCCCCl,C3H6Cl2,112.986,,DIPPR
"1,2,3,4-TETRAMETHYLBENZENE",488-23-3,c1(C)c(C)c(C)c(C)cc1,C10H14,134.218,,DIPPR
TETRAETHYLENE GLYCOL MONOMETHYL ETHER,23783-42-8,COCCOCCOCCOCCO,C9H20O5,208.252,,DIPPR
POTASSIUM HYDROXIDE,1310-58-3,[K+].[OH-],HKO,56.106,,DIPPR
"1,2,3-BUTANETRIOL",4435-50-1,CC(O)C(O)CO,C4H10O3,106.12,,DIPPR
PENTAMETHYLBENZENE,700-12-9,c1(C)c(C)c(C)c(C)c(C)c1,C11H16,148.245,,DIPPR
p-NITROANILINE,100-01-6,c1(N)ccc(N(=O)=O)cc1,C6H6N2O2,138.124,,DIPPR
ACRIDINE,260-94-6,n1c(cccc2)c2cc(cccc3)c31,C13H9N,179.217,,DIPPR
n-HEPTANE,142-82-5,CCCCCCC,C7H16,100.202,,DIPPR
METHYL ISOPROPYL SULFIDE,1551-21-9,CSC(C)C,C4H10S,90.187,,DIPPR
1H-PERFLUORO-N-HEXANE,355-37-3,FC(F)(F)C(F)(F)C(F)(F)C(F)(F)C(F)(F)C(F)F,C6HF13,320.051,,DIPPR
METHYL FLUORIDE,593-53-3,CF,CH3F,34.033,,DIPPR
DIISOBUTYL PHTHALATE,84-69-5,c1c(C(=O)OCC(C)C)c(C(=O)OCC(C)C)ccc1,C16H22O4,278.343,,DIPPR
"1,2,3,6-TETRAHYDROBENZYL ALCOHOL",1679-51-2,OCC(CCC=C1)C1,C7H12O,112.17,,DIPPR
ETHYLAL,462-95-3,CCOCOCC,C5H12O2,104.148,,DIPPR
"1,1,1,2,2,3,4,5,5,5-DECAFLUOROPENTANE",138495-42-8,FC(F)(F)C(F)(F)C(F)C(F)C(F)(F)F,C5H2F10,252.053,,DIPPR
DIETHYL SULFIDE,352-93-2,CCSCC,C4H10S,90.187,,DIPPR
p-tert-BUTYL ETHYLBENZENE,7364-19-4,c1(CC)ccc(C(C)(C)C)cc1,C12H18,162.271,,DIPPR
2-METHYLTETRAHYDROFURAN,96-47-9,O(C(CC1)C)C1,C5H10O,86.132,,DIPPR
SULFURIC ACID,7664-93-9,O=S(O)(O)=O,H2O4S,98.078,,DIPPR
n-OCTYL MERCAPTAN,111-88-6,CCCCCCCCS,C8H18S,146.294,,DIPPR
3-PENTANOL,584-02-1,CCC(O)CC,C5H12O,88.148,,DIPPR
NEOHEPTANOIC ACID,1185-39-3,CCCC(C)(C)C(=O)O,C7H14O2,130.185,,DIPPR
CAFFEINE,02/08/1958,C1(=O)C(N(C)C=N2)=C2N(C)C(=O)N1(C),C8H10N4O2,194.191,,DIPPR
DILACTIDE (dl),95-96-5,CC1OC(=O)C(C)OC1(=O),C6H8O4,144.125,,DIPPR
FERROUS CHLORIDE,7758-94-3,[Cl-].[Fe++].[Cl-],Cl2Fe,126.751,,DIPPR
MALTOPENTAOSE,34620-76-3,OC(C(CO)OC(OC(C(O)C(O)C(OC(C(O)C(O)C(OC(C(CO)OC(OC(C(O)C(O)C(O)O1)C1CO)C2O)C2O)O3)C3CO)O4)C4CO)C5O)C5O,C30H52O26,828.718,,DIPPR
METHYL HYDROPEROXIDE,3031-73-0,COO,CH4O2,48.041,,DIPPR
4-OCTANONE,589-63-9,CCCC(=O)CCCC,C8H16O,128.212,,DIPPR
PHENOL,108-95-2,c1ccccc1(O),C6H6O,94.111,,DIPPR
TRILACTIC ACID,78024-33-6,OC(C)C(=O)OC(C)C(=O)OC(C)C(=O)O,C9H14O7,234.203,,DIPPR
3-METHYLHEXANAL,19269-28-4,CCCC(C)CC=O,C7H14O,114.185,,DIPPR
METHYL tert-PENTYL ETHER,994-05-8,COC(C)(C)CC,C6H14O,102.175,,DIPPR
1-HEXADECANOL,36653-82-4,CCCCCCCCCCCCCCCCO,C16H34O,242.441,,DIPPR
3-PHENYL-1-PROPANOL,122-97-4,C(O)CC(c1ccccc1),C9H12O,136.191,,DIPPR
6-HYDROXYHEXANOIC ACID,1191-25-9,OCCCCCC(=O)O,C6H12O3,132.158,,DIPPR
GLYCOLIC ACID,79-14-1,OCC(=O)O,C2H4O3,76.051,,DIPPR
1-cis-2-trans-4-TRIMETHYLCYCLOPENTANE,4850-28-6,C[C@@H]1C[C@@H](C)[C@@H](C)C1,C8H16,112.213,,DIPPR
n-BUTYL n-BUTYRATE,109-21-7,CCCCOC(=O)CCC,C8H16O2,144.211,,DIPPR
DIPROPYL MALEATE,2432-63-5,CCCOC(=O)/C=CC(=O)OCCC,C10H16O4,200.232,,DIPPR
5-METHYL FURFURAL,620-02-0,CC1=CC=C(O1)C=O,C6H6O2,110.111,,DIPPR
1-ETHYL-3-METHYLIMIDAZOLIUM ETHYLSULFATE,342573-75-5,CCN1C=C[N+](C)=C1.S(=O)(=O)([O-])OCC,C8H16N2O4S,236.289,,DIPPR
"3-METHYL-1,2-BUTADIENE",598-25-4,C=C=C(C)C,C5H8,68.117,,DIPPR
p-DIISOPROPYLBENZENE,100-18-5,c1(C(C)C)ccc(C(C)C)cc1,C12H18,162.271,,DIPPR
ETHYLBENZENE HYDROPEROXIDE,3071-32-7,c1ccccc1(C(C)OO),C8H10O2,138.164,,DIPPR
"1,3-PROPANEDIAMINE",109-76-2,NCCCN,C3H10N2,74.125,,DIPPR
PYRUVIC ACID,127-17-3,CC(=O)C(=O)O,C3H4O3,88.062,,DIPPR
PENTACHLOROFLUOROETHANE,354-56-3,ClC(Cl)(Cl)C(Cl)(Cl)F,C2Cl5F,220.285,,DIPPR
4-METHYLOCTANE,2216-34-4,CCCC(C)CCCC,C9H20,128.255,,DIPPR
1-DECANOL,112-30-1,CCCCCCCCCCO,C10H22O,158.281,,DIPPR
"1,3-BENZENEDIOL",108-46-3,c1(O)cc(O)ccc1,C6H6O2,110.111,,DIPPR
"2,3-DICHLOROPROPENE",78-88-6,C=C(Cl)CCl,C3H4Cl2,110.97,,DIPPR
"3,3-DIMETHYL-1-BUTENE",558-37-2,C=CC(C)(C)C,C6H12,84.159,,DIPPR
ISOPROPYL ISOBUTYL ETHER,78448-33-6,CC(C)OCC(C)C,C7H16O,116.201,,DIPPR
TRICHLOROSILANE,10025-78-2,Cl[SiH](Cl)Cl,Cl3HSi,135.452,,DIPPR
GERMANIUM,7440-56-4,[Ge],Ge,72.63,,DIPPR
METHYL ETHYL SULFIDE,624-89-5,CSCC,C3H8S,76.161,,DIPPR
ETHYL ERUCATE,37910-77-3,O=C(OCC)CCCCCCCCCCC/C=CCCCCCCCC,C24H46O2,366.621,,DIPPR
CARBONYL FLUORIDE,353-50-4,FC(=O)F,CF2O,66.007,,DIPPR
"3,4-DINITROTOLUENE",610-39-9,c1c([N+](=O)[O-])c([N+](=O)[O-])cc(C)c1,C7H6N2O4,182.134,,DIPPR
4-[(TETRAHYDRO-2-FURANYL)OXY]-1-BUTANOL,64001-06-5,C1OC(OCCCCO)CC1,C8H16O3,160.211,,DIPPR
TRIOXANE,110-88-3,C1OCOCO1,C3H6O3,90.078,,DIPPR
PROPENYL CYCLOHEXENE,13511-13-2,C1CCCC=C1CC=C,C9H14,122.207,,DIPPR
"1,5-PENTANEDIAMINE",462-94-2,NCCCCCN,C5H14N2,102.178,,DIPPR
n-HEXYLBENZENE,1077-16-3,c1ccccc1(CCCCCC),C12H18,162.271,,DIPPR
2-METHYL THIAINDAN,6165-55-5,c1cc2SC(C)Cc2cc1,C9H10S,150.241,,DIPPR
CHLORINE,7782-50-5,ClCl,Cl2,70.906,,DIPPR
HEXAMETHYLENEDIAMINE,124-09-4,NCCCCCCN,C6H16N2,116.205,,DIPPR
trans-STILBENE,103-30-0,c1ccccc1/C=C/c2ccccc2,C14H12,180.245,,DIPPR
5-ETHYLIDENE-2-NORBORNENE,16219-75-3,C1C(C2C=CC1C2)=CC,C9H12,120.192,,DIPPR
3-METHYLTRIDECANE,6418-41-3,CCC(C)CCCCCCCCCC,C14H30,198.388,,DIPPR
OLEYL ALCOHOL,143-28-2,CCCCCCCC/C=CCCCCCCCCO,C18H36O,268.478,,DIPPR
"1,2,3-TRICHLOROPROPANE",96-18-4,C(Cl)C(Cl)C(Cl),C3H5Cl3,147.431,,DIPPR
METHYL LINOLENATE,301-00-8,O=C(OC)CCCCCCCC=C/CC=C/CC=C/CC,C19H32O2,292.456,,DIPPR
DECAMETHYLTETRASILOXANE,141-62-8,C[Si](C)(C)O[Si](C)(C)O[Si](C)(C)O[Si](C)(C)C,C10H30O3Si4,310.685,,DIPPR
n-TRIDECANOIC ACID,638-53-9,CCCCCCCCCCCCC(=O)O,C13H26O2,214.344,,DIPPR
"2,2-DIPHENYL PROPANE",778-22-3,c1ccccc1C(C)(C)c2ccccc2,C15H16,196.288,,DIPPR
ISOSTEARIC ACID,2724-58-5,CC(C)CCCCCCCCCCCCCCC(=O)O,C18H36O2,284.477,,DIPPR
DIPHENYL DISULFIDE,882-33-7,S(Sc(cccc1)c1)c(cccc2)c2,C12H10S2,218.338,,DIPPR
ACRYLOXY PROPIONIC ACID,24615-84-7,C=CC(=O)OCCC(O)=O,C6H8O4,144.125,,DIPPR
ACETOVANILLONE,498-02-2,c1(OC)c(O)ccc(C(=O)C)c1,C9H10O3,166.174,,DIPPR
BENZAMIDE,55-21-0,O=C(N)c(cccc1)c1,C7H7NO,121.137,,DIPPR
1-HEPTYNE,628-71-7,C#CCCCCC,C7H12,96.17,,DIPPR
"1,1,2,2,3-PENTAFLUOROPROPANE",679-86-7,C(F)(F)C(F)(F)C(F),C3H3F5,134.048,,DIPPR
DIISONONYL PHTHALATE,28553-12-0,c1(C(=O)OCCCCCCC(C)C)c(C(=O)OCCCCCCC(C)C)cccc1,C26H42O4,418.609,,DIPPR
2-METHYLDODECANE,1560-97-0,CC(C)CCCCCCCCCC,C13H28,184.361,,DIPPR
TETRAETHYL SILANE,631-36-7,CC[Si](CC)(CC)CC,C8H20Si,144.33,,DIPPR
ETHYL ALUMINUM DICHLORIDE,563-43-9,CC[Al](Cl)Cl,C2H5AlCl2,126.949,,DIPPR
HEXAFLUOROACETONE,684-16-2,FC(F)(F)C(=O)C(F)(F)F,C3F6O,166.022,,DIPPR
ETHYL FORMATE,109-94-4,CCOC(=O),C3H6O2,74.079,,DIPPR
alpha-EPICHLOROHYDRIN,106-89-8,ClCC1CO1,C3H5ClO,92.524,,DIPPR
METHYLCYCLOBUTANE,598-61-8,CC1CCC1,C5H10,70.133,,DIPPR
CUMENE HYDROPEROXIDE,80-15-9,c1ccccc1(C(C)(C)OO),C9H12O2,152.19,,DIPPR
m-tert-BUTYLPHENOL,585-34-2,Oc1cc(ccc1)C(C)(C)C,C10H14O,150.218,,DIPPR
"1,2-PENTADIENE",591-95-7,C=C=CCC,C5H8,68.117,,DIPPR
ALLYLIDENE DIACETATE,869-29-4,CC(=O)OC(C=C)OC(=O)C,C7H10O4,158.152,,DIPPR
"cis-1,3-PENTADIENE",1574-41-0,C=C/C=CC,C5H8,68.117,,DIPPR
CALCIUM FLUORIDE,7789-75-5,[F-].[Ca++].[F-],CaF2,78.075,,DIPPR
METHYL PROPIONATE,554-12-1,CCC(=O)OC,C4H8O2,88.105,,DIPPR
2-METHYL-2-PENTENAL,623-36-9,O=CC(C)=CCC,C6H10O,98.143,,DIPPR
TRIMETHYL SILANE,993-07-7,C[SiH](C)(C),C3H10Si,74.197,,DIPPR
"cis-1,2-DIMETHYLCYCLOHEXANE",04/01/2207,C1[C@@](C)([H])([C@]([H])(C)(CCC1)),C8H16,112.213,,DIPPR
"2,2,3,4-TETRAMETHYLPENTANE",1186-53-4,CC(C)(C)C(C)C(C)C,C9H20,128.255,,DIPPR
ETHYL METHACRYLATE,97-63-2,CCOC(=O)C(C)=C,C6H10O2,114.142,,DIPPR
TRIPALMITIN,555-44-2,C(OC(COC(=O)CCCCCCCCCCCCCCC)COC(=O)CCCCCCCCCCCCCCC)(=O)CCCCCCCCCCCCCCC,C51H98O6,807.32,,DIPPR
2-METHYLHEXANAL,925-54-2,CCCCC(C)C=O,C7H14O,114.185,,DIPPR
ETHYL CHLORIDE,03/01/1975,CC[Cl],C2H5Cl,64.514,,DIPPR
DIMETHYLMALONATE,108-59-8,COC(=O)CC(=O)OC,C5H8O4,132.115,,DIPPR
BENZOTRIFLUORIDE,08/08/1998,c1(C(F)(F)F)ccccc1,C7H5F3,146.11,,DIPPR
1-PENTADECANOL,629-76-5,CCCCCCCCCCCCCCCO,C15H32O,228.414,,DIPPR
PERFLUORO-n-HEXADECANE,355-49-7,C(F)(F)(F)C(F)(F)C(F)(F)C(F)(F)C(F)(F)C(F)(F)C(F)(F)C(F)(F)C(F)(F)C(F)(F)C(F)(F)C(F)(F)C(F)(F)C(F)(F)C(F)(F)C(F)(F)(F),C16F34,838.117,,DIPPR
2-MERCAPTOETHANOL,60-24-2,SCCO,C2H6OS,78.133,,DIPPR
PENTAETHYLENE GLYCOL DIMETHYL ETHER,1191-87-3,COCCOCCOCCOCCOCCOC,C12H26O6,266.331,,DIPPR
METHYL VINYL DICHLOROSILANE,124-70-9,C=C[Si](C)(Cl)Cl,C3H6Cl2Si,141.071,,DIPPR
1-n-BUTYLNAPHTHALENE,1634-09-9,c1(CCCC)cccc2ccccc21,C14H16,184.277,,DIPPR
DIMETHYL ISOPHTHALATE,1459-93-4,c1c(C(=O)OC)cc(C(=O)OC)cc1,C10H10O4,194.184,,DIPPR
METHYL PENTADECANOATE,7132-64-1,O=C(OC)CCCCCCCCCCCCCC,C16H32O2,256.424,,DIPPR
"1,3-DIBROMOPROPANE",109-64-8,BrCCCBr,C3H6Br2,201.888,,DIPPR
"2,4,6-TRINITROTOLUENE",118-96-7,c1(C)c([N+](=O)[O-])cc([N+](=O)[O-])cc1([N+](=O)[O-]),C7H5N3O6,227.131,,DIPPR
1-NONYNE,03/09/3452,C#CCCCCCCC,C9H16,124.223,,DIPPR
DIMETHYL PEROXIDE,690-02-8,COOC,C2H6O2,62.068,,DIPPR
DICUMYL PEROXIDE,80-43-3,c1ccccc1(C(C)(C)OOC(C)(C)c1ccccc1),C18H22O2,270.366,,DIPPR
PALUSTRIC ACID,1945-53-5,C1C[C@]2(C)(C(CCC(C(C)C)=C3)=C3CC[C@@]2([H])(C[C@]1(C)(C(O)=O))),C20H30O2,302.451,,DIPPR
trans-3-HEXENE,13269-52-8,CC/C=C/CC,C6H12,84.159,,DIPPR
VINYLTRIMETHOXYSILANE,07/02/2768,C=C[Si](OC)(OC)OC,C5H12O3Si,148.232,,DIPPR
"1,1-DICHLORO-1-FLUOROETHANE",1717-00-6,C(Cl)(Cl)(F)C,C2H3Cl2F,116.95,,DIPPR
PYRAZINE,290-37-9,n1ccncc1,C4H4N2,80.088,,DIPPR
PHOSPHORUS PENTAFLUORIDE,7647-19-0,P(F)(F)(F)(F)F,F5P,125.966,,DIPPR
"1,5-HEXADIENE",592-42-7,C=CCCC=C,C6H10,82.144,,DIPPR
3-CHLOROPROPENE,107-05-1,C=CC(Cl),C3H5Cl,76.525,,DIPPR
ISOPROPYLCYCLOHEXANE,696-29-7,C1CCCCC1C(C)C,C9H18,126.239,,DIPPR
METHYL ISOBUTYL ETHER,625-44-5,COCC(C)C,C5H12O,88.148,,DIPPR
TETRAMANTANE,27745-90-0,C12C3CC(C4)CC5C3CC36C7C5C24CC5C7CC(C6)CC5C13,C22H28,292.458,,DIPPR
DIETHYLENETRIAMINE,111-40-0,NCCNCCN,C4H13N3,103.166,,DIPPR
DIBROMOMETHANE,74-95-3,BrCBr,CH2Br2,173.835,,DIPPR
PHTHALIC ANHYDRIDE,85-44-9,c1cc2C(=O)OC(=O)c2cc1,C8H4O3,148.116,,DIPPR
ETHYL OLEATE,111-62-6,O=C(OCC)CCCCCCCC=CCCCCCCCC,C20H38O2,310.515,,DIPPR
PYRIDINE,110-86-1,n1ccccc1,C5H5N,79.1,,DIPPR
MONOOLEIN,111-03-5,CCCCCCCC/C=CCCCCCCCC(=O)OCC(O)CO,C21H40O4,356.54,,DIPPR
"2-(DIFLUOROMETHOXY)-1,1,1-TRIFLUOROETHANE",1885-48-9,FC(F)OCC(F)(F)F,C3H3F5O,150.047,,DIPPR
BENZYL FORMATE,104-57-4,c1(COC=O)ccccc1,C8H8O2,136.148,,DIPPR
n-UNDECANOIC ACID,112-37-8,CCCCCCCCCCC(=O)O,C11H22O2,186.291,,DIPPR
2-METHYLHEPTANAL,16630-91-4,O=CC(C)CCCCC,C8H16O,128.212,,DIPPR
n-PROPYLAMINE,107-10-8,CCCN,C3H9N,59.11,,DIPPR
"2,4,4-TRIMETHYL-2-PENTENE",107-40-4,CC(C)=CC(C)(C)C,C8H16,112.213,,DIPPR
"2,2-DIMETHYLPENTANE",590-35-2,CC(C)(C)CCC,C7H16,100.202,,DIPPR
CYCLOHEXANE,110-82-7,C1CCCCC1,C6H12,84.159,,DIPPR
DIMETHYL SULFIDE,75-18-3,CSC,C2H6S,62.134,,DIPPR
METHYL VINYL ETHER,107-25-5,C=COC,C3H6O,58.079,,DIPPR
TRIFLUOROIODOMETHANE,2314-97-8,C(I)(F)(F)(F),CF3I,195.91,,DIPPR
1-HEXYNE,693-02-7,C#CCCCC,C6H10,82.144,,DIPPR
PHOSGENE,75-44-5,ClC(=O)Cl,CCl2O,98.916,,DIPPR
ARSENIC TRIOXIDE,1327-53-3,[As]12O[As](O1)O2,As2O3,197.841,,DIPPR
"2-METHYL-1,3-DIOXOLANE",497-26-7,CC1OCCO1,C4H8O2,88.105,,DIPPR
n-PENTACOSANE,629-99-2,CCCCCCCCCCCCCCCCCCCCCCCCC,C25H52,352.68,,DIPPR
METHYLCYCLOPENTADIENE DIMER,26472-00-4,C1C=C(C)C2C(C3)C(C)=CC3C21,C12H16,160.255,,DIPPR
SULFUR DIOXIDE,05/09/7446,O=S=O,O2S,64.064,,DIPPR
n-TRIACONTANE,638-68-6,CCCCCCCCCCCCCCCCCCCCCCCCCCCCCC,C30H62,422.813,,DIPPR
PHENYL ACETATE,122-79-2,c1ccccc1(OC(C)=O),C8H8O2,136.148,,DIPPR
sec-BUTENYL GLYCOL ETHER,100524-60-5,C=CC(C)OCCO,C6H12O2,116.158,,DIPPR
"1,4-BUTANEDIOL",110-63-4,OCCCCO,C4H10O2,90.121,,DIPPR
PYRAZOLE,288-13-1,N1N=CC=C1,C3H4N2,68.077,,DIPPR
"3,3-DIMETHYL-2-BUTANONE",75-97-8,CC(=O)C(C)(C)C,C6H12O,100.159,,DIPPR
3-METHYL-3-PENTANOL,77-74-7,CCC(C)(O)CC,C6H14O,102.175,,DIPPR
"1,4-CYCLOHEXANEDIMETHANOL",105-08-8,C1(CO)CCC(CO)CC1,C8H16O2,144.211,,DIPPR
METHYL ISOPROPYL KETONE,563-80-4,CC(=O)C(C)C,C5H10O,86.132,,DIPPR
DI-n-HEXYL PHTHALATE,84-75-3,c1c(C(=O)OCCCCCC)c(C(=O)OCCCCCC)ccc1,C20H30O4,334.45,,DIPPR
n-BUTYLHYDROPEROXIDE,4813-50-7,OOCCCC,C4H10O2,90.121,,DIPPR
TRI-n-BUTYL BORATE,688-74-4,CCCCOB(OCCCC)OCCCC,C12H27BO3,230.152,,DIPPR
n-PENTADECYLBENZENE,2131-18-2,c1(CCCCCCCCCCCCCCC)ccccc1,C21H36,288.511,,DIPPR
2-METHYLTHIACYCLOPENTANE,1795-09-1,CC1CCCS1,C5H10S,102.198,,DIPPR
TRIMETHYLALUMINUM,75-24-1,C[Al](C)C,C3H9Al,72.085,,DIPPR
1-TRIDECANOL,112-70-9,CCCCCCCCCCCCCO,C13H28O,200.361,,DIPPR
METHYL PALMITATE,112-39-0,COC(=O)CCCCCCCCCCCCCCC,C17H34O2,270.451,,DIPPR
1-PENTENE-3-YNE,646-05-9,CC#CC=C,C5H6,66.101,,DIPPR
PENTAFLUORO(TRIFLUOROMETHYL)SULFUR,373-80-8,FC(F)(F)S(F)(F)(F)(F)F,CF8S,196.063,,DIPPR
n-DECYL ACETATE,112-17-4,CC(=O)OCCCCCCCCCC,C12H24O2,200.318,,DIPPR
"2,4-DIMETHYLPENTANE",108-08-7,CC(C)CC(C)C,C7H16,100.202,,DIPPR
3-METHYLHEXANE,589-34-4,CCC(C)CCC,C7H16,100.202,,DIPPR
p-CHLOROBENZOTRIFLUORIDE,98-56-6,c1(C(F)(F)F)ccc(Cl)cc1,C7H4ClF3,180.555,,DIPPR
CYCLOHEPTANE,291-64-5,C1CCCCCC1,C7H14,98.186,,DIPPR
"cis-1,3-DIMETHYLCYCLOHEXANE",638-04-0,C1[C@@](C)([H])(C[C@]([H])(C)(CC1)),C8H16,112.213,,DIPPR
LINOLENIC ACID,463-40-1,CCC=CCC=CCC=CCCCCCCCC(=O)O,C18H30O2,278.43,,DIPPR
TRIMELLITIC ACID,528-44-9,c1(C(=O)O)c(C(=O)O)cc(C(=O)O)cc1,C9H6O6,210.14,,DIPPR
"2,5-DIMETHYL-1,5-HEXADIENE",627-58-7,C=C(C)CCC(C)=C,C8H14,110.197,,DIPPR
n-PROPYL METHACRYLATE,2210-28-8,CCCOC(=O)C(C)=C,C7H12O2,128.169,,DIPPR
"1,2,4,5-TETRAISOPROPYLBENZENE",635-11-0,c1(C(C)C)c(C(C)C)cc(C(C)C)c(C(C)C)c1,C18H30,246.431,,DIPPR
1-TRIDECENE,2437-56-1,C=CCCCCCCCCCCC,C13H26,182.346,,DIPPR
DIMETHYL CARBONATE,616-38-6,COC(=O)OC,C3H6O3,90.078,,DIPPR
1-NONADECANOL,1454-84-8,CCCCCCCCCCCCCCCCCCCO,C19H40O,284.52,,DIPPR
HEPTAFLUOROPROPYL METHYL ETHER,375-03-1,COC(F)(F)C(F)(F)C(F)(F)(F),C4H3F7O,200.055,,DIPPR
TETRAFLUOROHYDRAZINE,10036-47-2,FN(F)N(F)F,F4N2,104.007,,DIPPR
"1,6-HEXANEDIOL DIACRYLATE",13048-33-4,O=C(C=C)OCCCCCCOC(=O)C=C,C12H18O4,226.269,,DIPPR
D-XYLOSE,2460-44-8,C1[C@@H]([C@H]([C@@H]([C@H](O1)O)O)O)O,C5H10O5,150.13,,DIPPR
2-HEXANONE,591-78-6,CC(=O)CCCC,C6H12O,100.159,,DIPPR
2-ETHYL-m-XYLENE,04/04/2870,c1(C)c(CC)c(C)ccc1,C10H14,134.218,,DIPPR
TRILINOLEIN,537-40-6,O=C(CCCCCCCC=CC/C=CCCCCC)OCC(OC(CCCCCCC/C=CC/C=CCCCCC)=O)COC(CCCCCCCC=CC/C=CCCCCC)=O,C57H98O6,879.384,,DIPPR
"1,1,1,3,3,3-HEXAFLUOROPROPANE",690-39-1,FC(F)(F)CC(F)(F)F,C3H2F6,152.038,,DIPPR
d-LIMONENE,5989-27-5,C1=[C@](C)(CCC([C@](=C)(C))C1),C10H16,136.234,,DIPPR
LEVULINIC ACID,123-76-2,OC(=O)CCC(=O)C,C5H8O3,116.115,,DIPPR
ACETIC ANHYDRIDE,108-24-7,CC(=O)OC(=O)C,C4H6O3,102.089,,DIPPR
4-HYDROXYBUTYRALDEHYDE,25714-71-0,OCCCC=O,C4H8O2,88.105,,DIPPR
ETHYLENE CARBONATE,96-49-1,C1OC(=O)OC1,C3H4O3,88.062,,DIPPR
n-BUTYL METHACRYLATE,97-88-1,C=C(C)C(=O)OCCCC,C8H14O2,142.196,,DIPPR
HEXACOSAMETHYLDODECASILOXANE,01/08/2471,C[Si](C)(C)O[Si](C)(C)O[Si](C)(C)O[Si](C)(C)O[Si](C)(C)O[Si](C)(C)O[Si](C)(C)O[Si](C)(C)O[Si](C)(C)O[Si](C)(C)O[Si](C)(C)O[Si](C)(C)(C),C26H78O11Si12,903.917,,DIPPR
ETHANESULFONYL CHLORIDE,594-44-5,CCS(=O)(=O)Cl,C2H5ClO2S,128.578,,DIPPR
HYDROGEN PEROXIDE,7722-84-1,OO,H2O2,34.015,,DIPPR
SODIUM,7440-23-5,[Na],Na,22.99,,DIPPR
"2,5-XYLENOL",95-87-4,c1c(O)c(C)ccc1(C),C8H10O,122.164,,DIPPR
"trans-1,2-DICHLOROETHYLENE",156-60-5,Cl/C=C/Cl,C2H2Cl2,96.943,,DIPPR
BENZENE,71-43-2,c1ccccc1,C6H6,78.112,,DIPPR
CHRYSENE,218-01-9,C1=CC2=C(C=C1)C=CC1=C2C=CC2=C1C=CC=C2,C18H12,228.288,,DIPPR
ETHYL THIOLACETATE,625-60-5,CC(=O)SCC,C4H8OS,104.171,,DIPPR
PHENYL ISOCYANATE,103-71-9,c1(N=C=O)ccccc1,C7H5NO,119.121,,DIPPR
"1,2-DIPHENYLETHANE",103-29-7,c1ccccc1CCc2ccccc2,C14H14,182.261,,DIPPR
PYRROLE,109-97-7,C1=CC=CN1,C4H5N,67.089,,DIPPR
ISOBUTYL MERCAPTAN,513-44-0,CC(C)CS,C4H10S,90.187,,DIPPR
CUMENE,98-82-8,c1(C(C)C)ccccc1,C9H12,120.192,,DIPPR
n-BUTYLBENZENE HYDROPEROXIDE,99172-63-1,c1c(CCCCOO)cccc1,C10H14O2,166.217,,DIPPR
1-ETHYL-DECALIN,1008-17-9,C2CCC1CCCC(CC)C1C2,C12H22,166.308,,DIPPR
HYDROGEN CHLORIDE,7647-01-0,Cl,ClH,36.461,,DIPPR
n-PROPYL n-BUTYRATE,105-66-8,CCCOC(=O)CCC,C7H14O2,130.185,,DIPPR
TRICHLOROACETALDEHYDE,75-87-6,C(Cl)(Cl)(Cl)C=O,C2HCl3O,147.388,,DIPPR
NITROBENZENE,98-95-3,c1([N+](=O)[O-])ccccc1,C6H5NO2,123.109,,DIPPR
"1,2,4-TRICHLOROBENZENE",120-82-1,c1(Cl)c(Cl)cc(Cl)cc1,C6H3Cl3,181.447,,DIPPR
"(3,3,3-TRIFLUOROPROPYL)METHYLDICHLOROSILANE",675-62-7,FC(CC[Si](Cl)(Cl)C)(F)F,C4H7Cl2F3Si,211.085,,DIPPR
TRIFLUOROMETHANE,75-46-7,FC(F)F,CHF3,70.014,,DIPPR
METHACROLEIN,78-85-3,C=C(C)C=O,C4H6O,70.09,,DIPPR
o-NITROANILINE,88-74-4,c1(N)c(N(=O)=O)cccc1,C6H6N2O2,138.124,,DIPPR
IRON PENTACARBONYL,13463-40-6,[Fe](C#O)(C#O)(C#O)(C#O)C#O,C5FeO5,195.896,,DIPPR
PROPYLENE GLYCOL alpha-METHYLBENZYL ETHER,871518-84-2,c1(C(C)OCC(O)C)ccccc1,C11H16O2,180.244,,DIPPR
DIBUTYL TEREPHTHALATE,1962-75-0,CCCCOC(=O)c1ccc(cc1)C(=O)OCCCC,C16H22O4,278.343,,DIPPR
beta-CHOLESTEROL,57-88-5,C1[C@@](O)([H])(CC2=CC[C@H]3([C@@H]4(CC[C@H]([C@](C)(CCCC(C)C)([H]))([C@@]4(C)(CC[C@@H]3([C@@]2(C)(C1))))))),C27H46O,386.654,,DIPPR
n-DODECYL MERCAPTAN,112-55-0,CCCCCCCCCCCCS,C12H26S,202.4,,DIPPR
beta-PHELLANDRENE,555-10-2,CC(C)C1C=CC(=C)CC1,C10H16,136.234,,DIPPR
DIMETHYL SUCCINATE,106-65-0,COC(=O)CCC(=O)OC,C6H10O4,146.141,,DIPPR
"3,3,3-TRIFLUOROPROPENE",677-21-4,C=CC(F)(F)F,C3H3F3,96.051,,DIPPR
HEXAMETHYLDISILOXANE,107-46-0,C[Si](C)(C)O[Si](C)(C)C,C6H18OSi2,162.378,,DIPPR
DIPROPYLENE GLYCOL MONOMETHYL ETHER,34590-94-8,COC(C)COC(C)CO,C7H16O3,148.2,,DIPPR
GLYOXAL,107-22-2,O=CC=O,C2H2O2,58.036,,DIPPR
2-METHYL-1-BUTENE,563-46-2,C=C(C)CC,C5H10,70.133,,DIPPR
ACENAPHTHENE,83-32-9,C12=CC=CC3=C1C(=CC=C3)CC2,C12H10,154.208,,DIPPR
TRIISOBUTYL ALUMINUM,100-99-2,CC(C)C[Al](CC(C)C)CC(C)C,C12H27Al,198.324,,DIPPR
"3,3-DIMETHYLHEXANE",563-16-6,CCC(C)(C)CCC,C8H18,114.229,,DIPPR
BENZYL BENZOATE,120-51-4,c1ccccc1(C(=O)OCc2ccccc2),C14H12O2,212.244,,DIPPR
SUCCINONITRILE,110-61-2,N#CCCC#N,C4H4N2,80.088,,DIPPR
"2,3-DICHLORO-1-PROPANOL",616-23-9,ClCC(Cl)CO,C3H6Cl2O,128.985,,DIPPR
n-NONADECANE,629-92-5,CCCCCCCCCCCCCCCCCCC,C19H40,268.521,,DIPPR
1-PENTANOL,71-41-0,CCCCCO,C5H12O,88.148,,DIPPR
"trans-1,8-TERPIN",565-50-4,C1(C)(O)CCC(C(C)(C)(O))CC1,C10H20O2,172.265,,DIPPR
"1,3-DICHLOROHEXAFLUOROPROPANE",662-01-1,ClC(F)(F)C(F)(F)C(F)(F)Cl,C3Cl2F6,220.929,,DIPPR
trans-ISOEUGENOL,5932-68-3,OC1=CC=C(/C=C/C)C=C1OC,C10H12O2,164.201,,DIPPR
p-TOLUIDINE,106-49-0,c1(C)ccc(N)cc1,C7H9N,107.153,,DIPPR
ISOAGATHOLAL,17990-11-3,OCC=C(C)C[C@@]([H])([H])(C1C(=C)CC[C@@]2([H])([C@@](C)(C=O)(CCC[C@@]21(C)))),C20H32O2,304.467,,DIPPR
ETHYL LINOLEATE,544-35-4,O=C(OCC)CCCCCCC/C=CC/C=CCCCCC,C20H36O2,308.499,,DIPPR
"2,3-DIMETHYL-2,3-DIPHENYLBUTANE",1889-67-4,CC(C)(c1ccccc1)C(C)(C)c2ccccc2,C18H22,238.367,,DIPPR
AMINOCAPRONITRILE,2432-74-8,NCCCCCC#N,C6H12N2,112.173,,DIPPR
1-PHENYLNAPHTHALENE,605-02-7,c1(c2ccccc2)cccc2ccccc21,C16H12,204.266,,DIPPR
3-METHYLOCTANE,2216-33-3,CCC(C)CCCCC,C9H20,128.255,,DIPPR
VINYL PROPIONATE,105-38-4,C=COC(=O)CC,C5H8O2,100.116,,DIPPR
4-METHYLCYCLOPENTENE,1759-81-5,C1=CCC(C)C1,C6H10,82.144,,DIPPR
2-METHYLOCTANOIC ACID,3004-93-1,CCCCCCC(C)C(=O)O,C9H18O2,158.238,,DIPPR
N-METHYLTHIOPYRROLIDONE,10441-57-3,N1(C)C(=S)CCC1,C5H9NS,115.197,,DIPPR
PYRIMIDINE,289-95-2,N1=CN=CC=C1,C4H4N2,80.088,,DIPPR
ALUMINUM OXIDE,1344-28-1,O=[Al]O[Al]=O,Al2O3,101.961,,DIPPR
DIVINYL ETHER,109-93-3,C=COC=C,C4H6O,70.09,,DIPPR
CYCLOPENTANOL,96-41-3,C1CCC(O)C1,C5H10O,86.132,,DIPPR
ETHYLENEDIAMINE,107-15-3,NCCN,C2H8N2,60.098,,DIPPR
ETHYL LEVULINATE,539-88-8,CC(=O)CCC(=O)OCC,C7H12O3,144.168,,DIPPR
n-HEPTYLAMINE,111-68-2,CCCCCCCN,C7H17N,115.217,,DIPPR
ETHYLENE,74-85-1,C=C,C2H4,28.053,,DIPPR
ALLYL-TERT-BUTYLPEROXIDE,39972-78-6,CC(C)(C)OOCC=C,C7H14O2,130.185,,DIPPR
MONOETHANOLAMINE,141-43-5,NCCO,C2H7NO,61.083,,DIPPR
n-BUTYL ACETATE,123-86-4,CC(=O)OCCCC,C6H12O2,116.158,,DIPPR
5-ETHYL-m-XYLENE,934-74-7,c1(CC)cc(C)cc(C)c1,C10H14,134.218,,DIPPR
n-HEXYLCYCLOPENTANE,05/01/4457,CCCCCCC1CCCC1,C11H22,154.292,,DIPPR
CHLOROPENTAFLUOROETHANE,76-15-3,FC(F)(F)C(F)(F)Cl,C2ClF5,154.466,,DIPPR
DIPHENYLDICHLOROSILANE,04/10/1980,c1ccccc1[Si](Cl)(Cl)c2ccccc2,C12H10Cl2Si,253.199,,DIPPR
o-tert-BUTYLPHENOL,88-18-6,Oc1ccccc1C(C)(C)C,C10H14O,150.218,,DIPPR
DIALLYL SULFIDE,592-88-1,C=CCSCC=C,C6H10S,114.209,,DIPPR
1-HEPTADECANOL,1454-85-9,CCCCCCCCCCCCCCCCCO,C17H36O,256.467,,DIPPR
"2,5-DIISOPROPYLTOLUENE",58502-85-5,Cc1cc(C(C)C)ccc1C(C)C,C13H20,176.298,,DIPPR
ISOBUTYRIC ACID,79-31-2,CC(C)C(=O)O,C4H8O2,88.105,,DIPPR
"1,4-PENTANEDIOL",626-95-9,OCCCC(O)C,C5H12O2,104.148,,DIPPR
1-ETHYLCYCLOHEXENE,1453-24-3,CCC1=CCCCC1,C8H14,110.197,,DIPPR
PHOSPHINE,7803-51-2,P,H3P,33.998,,DIPPR
4-METHYL-1-HEXENE,3769-23-1,C=CCC(C)CC,C7H14,98.186,,DIPPR
trans-CROTONITRILE,627-26-9,C/C=C/C#N,C4H5N,67.089,,DIPPR
VANILLIC ACID,121-34-6,c1(C(=O)O)cc(OC)c(O)cc1,C8H8O4,168.147,,DIPPR
ETHYLAMINE,07/04/1975,CCN,C2H7N,45.084,,DIPPR
"N,N-DIMETHYLCYCLOHEXYLAMINE",98-94-2,CN(C)C1CCCCC1,C8H17N,127.227,,DIPPR
ETHYL PHENYL CARBONATE,3878-46-4,CCOC(=O)Oc1ccccc1,C9H10O3,166.174,,DIPPR
"[3-(2,3-EPOXYPROXY)PROPYL]TRIMETHOXYSILANE",2530-83-8,CO[Si](OC)(OC)CCCOCC1CO1,C9H20O5Si,236.338,,DIPPR
trans-3-OCTENE,14919-01-8,CC/C=C/CCCC,C8H16,112.213,,DIPPR
n-BUTYLCYCLOPENTANE,2040-95-1,C1CCCC1(CCCC),C9H18,126.239,,DIPPR
p-AMINOAZOBENZENE,03/09/1960,Nc1ccc(cc1)N=Nc2ccccc2,C12H11N3,197.236,,DIPPR
DIBENZOTHIOPHENE,132-65-0,C1=CC2=C(C=C1)SC1=C2C=CC=C1,C12H8S,184.257,,DIPPR
1-NITROBUTANE,627-05-4,CCCC[N+](=O)[O-],C4H9NO2,103.12,,DIPPR
TRIOLEIN,122-32-7,C(COC(CCCCCCCC=C/CCCCCCCC)=O)(COC(CCCCCCCC=C/CCCCCCCC)=O)OC(CCCCCCCC=C/CCCCCCCC)=O,C57H104O6,885.432,,DIPPR
MALIC ACID,6915-15-7,OC(=O)CC(O)C(=O)O,C4H6O5,134.087,,DIPPR
DIACETONE ALCOHOL,123-42-2,CC(=O)CC(C)(O)C,C6H12O2,116.158,,DIPPR
n-HEXYLAMINE,111-26-2,CCCCCCN,C6H15N,101.19,,DIPPR
2-CYCLOHEXYL CYCLOHEXANONE,90-42-6,C1(=O)C(C2CCCCC2)CCCC1,C12H20O,180.287,,DIPPR
SODIUM NITRITE,7632-00-0,[Na+].[O-]N=O,NNaO2,68.995,,DIPPR
ERUCIC ACID,112-86-7,O=C(O)CCCCCCCCCCCC=C/CCCCCCCC,C22H42O2,338.568,,DIPPR
CYCLOPENTANONE,120-92-3,C1(=O)CCCC1,C5H8O,84.116,,DIPPR
"2,2-DIFLUOROETHYL ACETATE",1550-44-3,CC(=O)OCC(F)F,C4H6F2O2,124.086,,DIPPR
"2,4,6-TRIOXAHEPTANE",628-90-0,COCOCOC,C4H10O3,106.12,,DIPPR
"1,2-DIBROMOETHANE",106-93-4,BrCCBr,C2H4Br2,187.861,,DIPPR
N-METHYLFORMAMIDE,123-39-7,CNC=O,C2H5NO,59.067,,DIPPR
2-METHYLOCTANE,3221-61-2,CC(C)CCCCCC,C9H20,128.255,,DIPPR
DIMETHYLETHANOLAMINE,108-01-0,CN(C)CCO,C4H11NO,89.136,,DIPPR
BUTYRONITRILE,109-74-0,CCCC#N,C4H7N,69.105,,DIPPR
TETRAETHYLENEPENTAMINE,112-57-2,NCCNCCNCCNCCN,C8H23N5,189.302,,DIPPR
2-(5H)-FURANONE,497-23-4,O=C1C=CCO1,C4H4O2,84.073,,DIPPR
1-METHYL-3-n-PROPYLBENZENE,1074-43-7,c1(C)cc(CCC)ccc1,C10H14,134.218,,DIPPR
BROMOBENZENE,108-86-1,c1(Br)ccccc1,C6H5Br,157.008,,DIPPR
alpha-TERPINENE,99-86-5,CC(C)C1=CC=C(CC1)C,C10H16,136.234,,DIPPR
CARBON MONOXIDE,630-08-0,[C+]#[O-],CO,28.01,,DIPPR
2-(2-ETHOXYETHOXY)ETHANOL,111-90-0,CCOCCOCCO,C6H14O3,134.174,,DIPPR
NEOABIETIC ACID,471-77-2,C1C[C@@](C)(C(=O)O)([C@@H]2(CCC3=CC(=C(C)C)CC[C@@H]3([C@@]2(C)(C1)))),C20H30O2,302.451,,DIPPR
3-CHLOROPROPYLTRIMETHOXYSILANE,2530-87-2,CO[Si](OC)(OC)CCCCl,C6H15ClO3Si,198.72,,DIPPR
tert-BUTYL MERCAPTAN,75-66-1,CC(C)(C)S,C4H10S,90.187,,DIPPR
PHTHALIC ACID,88-99-3,c1(C(=O)O)c(C(=O)O)cccc1,C8H6O4,166.131,,DIPPR
cis-CROTONIC ACID,503-64-0,C/C=CC(=O)O,C4H6O2,86.089,,DIPPR
ETHYL PROPYL SULFIDE,4110-50-3,CCSCCC,C5H12S,104.214,,DIPPR
6-AMINOHEXANOL,4048-33-3,NCCCCCCO,C6H15NO,117.189,,DIPPR
"1,2,4-TRIMETHYLBENZENE",95-63-6,c1(C)c(C)cc(C)cc1,C9H12,120.192,,DIPPR
TETRAETHYLENE GLYCOL MONOETHYL ETHER,5650-20-4,CCOCCOCCOCCOCCO,C10H22O5,222.279,,DIPPR
DIISOBUTYL HEXAHYDROPHTHALATE,70969-58-3,O=C(OCC(C)C)C1CCCCC(C(=O)OCC(C)C)1,C16H28O4,284.391,,DIPPR
TETRAETHYLENE GLYCOL,112-60-7,OCCOCCOCCOCCO,C8H18O5,194.226,,DIPPR
DIOLEIN,2465-32-9,CCCCCCCC/C=CCCCCCCCC(=O)OCC(O)COC(=O)CCCCCCC/C=CCCCCCCCC,C39H72O5,620.986,,DIPPR
1-ETHYL-2-ISOPROPYLBENZENE,18970-44-0,c1(CC)c(C(C)C)cccc1,C11H16,148.245,,DIPPR
n-OCTADECANOIC ACID,04/11/1957,CCCCCCCCCCCCCCCCCC(=O)O,C18H36O2,284.477,,DIPPR
p-CHLORONITROBENZENE,100-00-5,c1(N(=O)=O)ccc(Cl)cc1,C6H4ClNO2,157.554,,DIPPR
m-DINITROBENZENE,99-65-0,c1([N+](=O)[O-])cc([N+](=O)[O-])ccc1,C6H4N2O4,168.107,,DIPPR
"2-BUTYNE-1,4-DIOL",110-65-6,OCC#CCO,C4H6O2,86.089,,DIPPR
"2,4,4-TRIMETHYLHEXANE",16747-30-1,CC(C)CC(C)(C)CC,C9H20,128.255,,DIPPR
"N,N,N'-TRIS(HYDROXYETHYL) ETHYLENEDIAMINE",60487-26-5,C(CN(CCO)CCO)NCCO,C8H20N2O3,192.256,,DIPPR
2-ETHYL HEXANOIC ACID,149-57-5,CCCCC(CC)C(=O)O,C8H16O2,144.211,,DIPPR
2-BUTYL-OCTAN-1-OL,08/02/3913,CCCCCCC(CCCC)CO,C12H26O,186.334,,DIPPR
p-NITROTOLUENE,99-99-0,c1(C)ccc([N+](=O)[O-])cc1,C7H7NO2,137.136,,DIPPR
1-CHLOROPENTANE,543-59-9,CCCCCCl,C5H11Cl,106.594,,DIPPR
ISOSORBIDE,652-67-5,O[C@H]1[C@H]2OC[C@H](O)[C@H]2OC1,C6H10O4,146.141,,DIPPR
2-HEPTANONE,110-43-0,CC(=O)CCCCC,C7H14O,114.185,,DIPPR
n-OCTADECANE,593-45-3,CCCCCCCCCCCCCCCCCC,C18H38,254.494,,DIPPR
PROPADIENE,463-49-0,C=C=C,C3H4,40.064,,DIPPR
"3,5-XYLENOL",108-68-9,c1c(O)cc(C)cc1(C),C8H10O,122.164,,DIPPR
"2,3-DIHYDROFURAN",1191-99-7,C1C=COC1,C4H6O,70.09,,DIPPR
"1,4-DI-tert-BUTYLBENZENE",1012-72-2,c1(C(C)(C)C)ccc(C(C)(C)C)cc1,C14H22,190.324,,DIPPR
"1-tert-BUTYL-3,5-DIMETHYLBENZENE",98-19-1,Cc1cc(C)cc(C(C)(C)C)c1,C12H18,162.271,,DIPPR
2-METHYLINDENE,2177-47-1,C1=CC=C2C(=C1)C=C(C2)C,C10H10,130.186,,DIPPR
"1,2,4-BUTANETRIOL",06/01/3068,C(O)C(O)CCO,C4H10O3,106.12,,DIPPR
1-HEXATRIACONTENE,61868-14-2,C=CCCCCCCCCCCCCCCCCCCCCCCCCCCCCCCCCCC,C36H72,504.957,,DIPPR
VINYL FLUORIDE,05/02/1975,C=CF,C2H3F,46.044,,DIPPR
BISPHENOL A,07/05/1980,c1(O)ccc(C(C)(C)c2ccc(O)cc2)cc1,C15H16O2,228.286,,DIPPR
2-HYDROXYPROPYL ACRYLATE,999-61-1,O=C(OCC(O)C)C=C,C6H10O3,130.142,,DIPPR
THIOGLYCOLIC ACID,01/11/1968,SCC(=O)O,C2H4O2S,92.117,,DIPPR
3-METHYL-1-PENTENE,760-20-3,C=CC(C)CC,C6H12,84.159,,DIPPR
HYDROXYCAPROIC ACID,6064-63-7,CCCCC(O)C(=O)O,C6H12O3,132.158,,DIPPR
"1,2,3,6-TETRAHYDROBENZALDEHYDE",100-50-5,O=CC1CCC=CC1,C7H10O,110.154,,DIPPR
"HEXACHLORO-1,3-BUTADIENE",87-68-3,C(Cl)(Cl)=C(Cl)C(Cl)=C(Cl)(Cl),C4Cl6,260.761,,DIPPR
"2,2-DICHLORO-1,1,1-TRIFLUOROETHANE",306-83-2,ClC(Cl)C(F)(F)F,C2HCl2F3,152.931,,DIPPR
n-DODECANE,112-40-3,CCCCCCCCCCCC,C12H26,170.335,,DIPPR
DIACETYL,431-03-8,O=C(C(=O)C)C,C4H6O2,86.089,,DIPPR
"trans-1,4-DIETHYLCYCLOHEXANE",13990-93-7,C1(CC)CCC(CC)CC1,C10H20,140.266,,DIPPR
n-BUTYL STEARATE,123-95-5,CCCCCCCCCCCCCCCCCC(=O)OCCCC,C22H44O2,340.584,,DIPPR
DIBROMODIFLUOROMETHANE,75-61-6,FC(Br)(Br)F,CBr2F2,209.816,,DIPPR
PENTAFLUOROETHYL METHYL ETHER,22410-44-2,FC(F)(F)C(F)(F)OC,C3H3F5O,150.047,,DIPPR
FUMARONITRILE,764-42-1,N#C/C=C/C#N,C4H2N2,78.072,,DIPPR
LINOLEIC ACID,60-33-3,CCCCC/C=CC/C=CCCCCCCCC(=O)O,C18H32O2,280.445,,DIPPR
ACETIC ACID,64-19-7,CC(=O)O,C2H4O2,60.052,,DIPPR
ISOBUTYL FORMATE,542-55-2,C(=O)OCC(C)C,C5H10O2,102.132,,DIPPR
CHLORINE DIOXIDE,10049-04-4,O=Cl=O,ClO2,67.452,,DIPPR
"2,4,6,8,10,12-HEXAOXATRIDECANE",13352-76-6,COCOCOCOCOCOC,C7H16O6,196.198,,DIPPR
n-HEPTADECANOIC ACID,506-12-7,CCCCCCCCCCCCCCCCC(=O)O,C17H34O2,270.451,,DIPPR
DEUTERIUM OXIDE,7789-20-0,[2H]O[2H],D2O,20.028,,DIPPR
1-ETHYLTETRALIN,13556-58-6,C1C(CC)c2ccccc2CC1,C12H16,160.255,,DIPPR
"1,4-DICHLOROBUTANE",110-56-5,ClCCCCCl,C4H8Cl2,127.012,,DIPPR
BROMOMETHANE,74-83-9,CBr,CH3Br,94.939,,DIPPR
CHLORODIFLUOROMETHANE,75-45-6,ClC(F)F,CHClF2,86.468,,DIPPR
METHYL alpha-METHOXYISOBUTYRATE,17860-39-8,COC(C)(C)C(=O)OC,C6H12O3,132.158,,DIPPR
2-PENTANOL,6032-29-7,CCCC(O)C,C5H12O,88.148,,DIPPR
THIOUREA,62-56-6,NC(=S)N,CH4N2S,76.121,,DIPPR
"2,5-DIMETHYLOCTANE",15869-89-3,CC(C)CCC(C)CCC,C10H22,142.282,,DIPPR
VINYLCYCLOHEXANE,695-12-5,C=CC1CCCCC1,C8H14,110.197,,DIPPR
ISOPROPYL ACRYLATE,689-12-3,C=CC(=O)OC(C)C,C6H10O2,114.142,,DIPPR
1-n-NONYLNAPHTHALENE,26438-26-6,c1(CCCCCCCCC)cccc2ccccc21,C19H26,254.41,,DIPPR
"2,2,3,3-TETRAMETHYLPENTANE",7154-79-2,CC(C)(C)C(C)(C)CC,C9H20,128.255,,DIPPR
SULFAMIC ACID,5329-14-6,N[S](=O)(=O)O,H3NO3S,97.094,,DIPPR
2-ETHYL-1-HEXENE,1632-16-2,C=C(CC)CCCC,C8H16,112.213,,DIPPR
n-NONACOSANE,630-03-5,CCCCCCCCCCCCCCCCCCCCCCCCCCCCC,C29H60,408.787,,DIPPR
p-tert-AMYLPHENOL,80-46-6,CCC(C)(C)c1ccc(O)cc1,C11H16O,164.244,,DIPPR
o-CHLOROANILINE,95-51-2,c1(N)c(Cl)cccc1,C6H6ClN,127.572,,DIPPR
"cis-1,2-DIMETHYLCYCLOPENTANE",1192-18-3,C1[C@@](C)([H])([C@]([H])(C)(CC1)),C7H14,98.186,,DIPPR
N-ETHYL-2-PYRROLIDONE,2687-91-4,CCN1CCCC1=O,C6H11NO,113.158,,DIPPR
"2,2'-IMINOBIS-ACETONITRILE",628-87-5,N#CCNCC#N,C4H5N3,95.103,,DIPPR
ETHYLENE GLYCOL DINITRATE,628-96-6,O=N(=O)OCCON(=O)=O,C2H4N2O6,152.063,,DIPPR
DIISOBUTYL ETHER,628-55-7,CC(C)COCC(C)C,C8H18O,130.228,,DIPPR
n-PROPYL BENZOATE,2315-68-6,c1(C(=O)OCCC)ccccc1,C10H12O2,164.201,,DIPPR
BIS(CYANOETHYL)ETHER,1656-48-0,N#CCCOCCC#N,C6H8N2O,124.141,,DIPPR
NEOPENTYL GLYCOL,126-30-7,OCC(C)(C)CO,C5H12O2,104.148,,DIPPR
CYCLOHEXANOL,108-93-0,OC1CCCCC1,C6H12O,100.159,,DIPPR
"1,6-HEXANEDIOL",629-11-8,OCCCCCCO,C6H14O2,118.174,,DIPPR
"trans-1,3,3,3-TETRAFLUOROPROPENE",29118-24-9,C(F)(F)(F)/C=C/F,C3H2F4,114.042,,DIPPR
CYCLOOCTENE,931-88-4,C1=CCCCCCC1,C8H14,110.197,,DIPPR
CHLOROFLUOROMETHANE,593-70-4,ClCF,CH2ClF,68.478,,DIPPR
1-BUTANOL,71-36-3,CCCCO,C4H10O,74.122,,DIPPR
3-(TRIMETHOXYSILYL)-1-PROPANETHIOL,4420-74-0,[Si](OC)(OC)(OC)CCCS,C6H16O3SSi,196.34,,DIPPR
SYRINGALDEHYDE,134-96-3,COc1cc(cc(OC)c1O)C=O,C9H10O4,182.173,,DIPPR
4-FORMYLMORPHOLINE,4394-85-8,N1(C=O)CCOCC1,C5H9NO2,115.131,,DIPPR
3-METHYL-1-PENTANOL,589-35-5,CCC(C)CCO,C6H14O,102.175,,DIPPR
o-CHLORONITROBENZENE,88-73-3,c1(N(=O)=O)c(Cl)cccc1,C6H4ClNO2,157.554,,DIPPR
HYDROGEN,1333-74-0,[H][H],H2,2.016,,DIPPR
NICKEL CARBONYL,13463-39-3,[Ni](C#O)(C#O)(C#O)C#O,C4NiO4,170.734,,DIPPR
n-TETRADECYLBENZENE,1459-10-5,c1ccccc1(CCCCCCCCCCCCCC),C20H34,274.484,,DIPPR
PIMELIC ACID,111-16-0,O=C(O)CCCCCC(O)=O,C7H12O4,160.168,,DIPPR
TRIALLYLAMINE,102-70-5,C=CCN(CC=C)CC=C,C9H15N,137.222,,DIPPR
2-METHYL-1-BUTENE-3-YNE,78-80-8,C=C(C)C#C,C5H6,66.101,,DIPPR
2-METHYLBENZOFURAN,4265-25-2,c1cccc2oc(C)cc21,C9H8O,132.159,,DIPPR
DI-tert-BUTYL SULFIDE,107-47-1,CC(C)(C)SC(C)(C)C,C8H18S,146.294,,DIPPR
STYRENE GLYCOL,93-56-1,c1ccccc1C(O)C(O),C8H10O2,138.164,,DIPPR
1-TETRACOSENE,10192-32-2,C=CCCCCCCCCCCCCCCCCCCCCCC,C24H48,336.638,,DIPPR
3-METHYL-1-BUTENE,563-45-1,C=CC(C)C,C5H10,70.133,,DIPPR
ISOBUTYLCYCLOPENTANE,3788-32-7,CC(C)CC1CCCC1,C9H18,126.239,,DIPPR
"1,2-DICHLOROHEXAFLUOROCYCLOBUTANE",356-18-3,C1(Cl)(F)C(Cl)(F)C(F)(F)C1(F)(F),C4Cl2F6,232.939,,DIPPR
cis-2-HEXENE,7688-21-3,C/C=CCCC,C6H12,84.16,,DIPPR
ITACONIC ACID,97-65-4,O=C(O)CC(=C)C(O)=O,C5H6O4,130.099,,DIPPR
"2,3-BUTANEDIOL",513-85-9,CC(O)C(O)C,C4H10O2,90.121,,DIPPR
TRIERUCIN,2752-99-0,CCCCCCCC/C=CCCCCCCCCCCCC(=O)OCC(OC(=O)CCCCCCCCCCC/C=CCCCCCCCC)COC(=O)CCCCCCCCCCC/C=CCCCCCCCC,C69H128O6,1053.75,,DIPPR
2-METHOXYETHANOL,109-86-4,OCCOC,C3H8O2,76.094,,DIPPR
"1,3-PROPYLENE GLYCOL",504-63-2,OCCCO,C3H8O2,76.094,,DIPPR
"2,3,4,5,2',3',4',5'-OCTAHYDRO-BIFURYL-(3,3')",106538-38-9,C1CC(C2CCOC2)CO1,C8H14O2,142.196,,DIPPR
ETHYL ISOPROPYL KETONE,565-69-5,CCC(=O)C(C)C,C6H12O,100.159,,DIPPR
"3,4-DIMETHYLHEXANE",583-48-2,CCC(C)C(C)CC,C8H18,114.229,,DIPPR
"2-BUTYL-2-ETHYL-1,3-PROPANEDIOL",115-84-4,OCC(CCCC)(CC)CO,C9H20O2,160.254,,DIPPR
DODECAMETHYLCYCLOHEXASILOXANE,540-97-6,[Si]1(C)(C)O[Si](C)(C)O[Si](C)(C)O[Si](C)(C)O[Si](C)(C)O[Si](C)(C)O1,C12H36O6Si6,444.924,,DIPPR
4-METHYLPYRIDINE,108-89-4,n1ccc(C)cc1,C6H7N,93.126,,DIPPR
ADIPONITRILE,111-69-3,N#CCCCCC#N,C6H8N2,108.141,,DIPPR
HEXAMETHYL PHOSPHORAMIDE,680-31-9,P(=O)(N(C)C)(N(C)C)(N(C)C),C6H18N3OP,179.2,,DIPPR
p-DIISOPROPYLBENZENE HYDROPEROXIDE,98-49-7,c1(C(C)C)ccc(C(OO)(C)C)cc1,C12H18O2,194.27,,DIPPR
METHYL IODIDE,74-88-4,CI,CH3I,141.939,,DIPPR
"2,5-DIMETHYLHEXANE",592-13-2,CC(C)CCC(C)C,C8H18,114.229,,DIPPR
NITRIC OXIDE,10102-43-9,[N]=O,NO,30.006,,DIPPR
METHYL METHACRYLATE,80-62-6,C=C(C)C(=O)OC,C5H8O2,100.116,,DIPPR
n-OCTYL ACETATE,112-14-1,CC(=O)OCCCCCCCC,C10H20O2,172.265,,DIPPR
TRIDECAFLUOROHEPTANOIC ACID,375-85-9,C(F)(F)(F)C(F)(F)C(F)(F)C(F)(F)C(F)(F)C(F)(F)C(=O)O,C7HF13O2,364.061,,DIPPR
3-CHLOROPROPYLTRICHLOROSILANE,03/06/2550,C(Cl)CC[Si](Cl)(Cl)Cl,C3H6Cl4Si,211.977,,DIPPR
ETHYL BENZOATE,93-89-0,c1c(C(=O)OCC)cccc1,C9H10O2,150.175,,DIPPR
4-((2-HYDROXYETHOXY)CARBONYL) BENZOIC ACID,1137-99-1,OC(=O)c1ccc(C(=O)OCCO)cc1,C10H10O5,210.183,,DIPPR
n-EICOSANE,112-95-8,CCCCCCCCCCCCCCCCCCCC,C20H42,282.547,,DIPPR
HYPOPHOSPHOROUS ACID,6303-21-5,[PH2](=O)O,H3O2P,65.996,,DIPPR
2-METHYLUNDECANE,7045-71-8,CC(C)CCCCCCCCC,C12H26,170.335,,DIPPR
FURAN,110-00-9,C1=COC=C1,C4H4O,68.074,,DIPPR
2-BUTYL-NONAN-1-OL,51655-57-3,CCCCCCCC(CO)CCCC,C13H28O,200.361,,DIPPR
TRIMETHYLENE SULFIDE,287-27-4,S1CCC1,C3H6S,74.145,,DIPPR
OXALIC ACID,144-62-7,C(=O)(O)C(=O)O,C2H2O4,90.035,,DIPPR
"1,2,3-TRIMETHYLBENZENE",526-73-8,c1(C)c(C)c(C)ccc1,C9H12,120.192,,DIPPR
DI-n-PROPYLAMINE,142-84-7,CCCNCCC,C6H15N,101.19,,DIPPR
METHYL tert-BUTYL ETHER,1634-04-4,COC(C)(C)C,C5H12O,88.148,,DIPPR
SALICYLIC ACID,69-72-7,c1(O)ccccc1(C(=O)O),C7H6O3,138.121,,DIPPR
NITROGEN TETROXIDE,10544-72-6,O=N(=O)N(=O)=O,N2O4,92.011,,DIPPR
DI-n-BUTYL DISULFIDE,629-45-8,CCCCSSCCCC,C8H18S2,178.359,,DIPPR
CYCLOBUTANE,287-23-0,C1CCC1,C4H8,56.106,,DIPPR
n-DODECYLAMINE,124-22-1,CCCCCCCCCCCCN,C12H27N,185.349,,DIPPR
CROTYL GLYCOL ETHER,52458-04-5,CC=CCOCCO,C6H12O2,116.158,,DIPPR
trans-2-HEXENE,4050-45-7,C/C=C/CCC,C6H12,84.16,,DIPPR
HEXANAL,66-25-1,CCCCCC=O,C6H12O,100.159,,DIPPR
"2,6-DIMETHYLOCTANE",2051-30-1,CC(C)CCCC(C)CC,C10H22,142.282,,DIPPR
ETHYL n-PENTYL SULFIDE,26158-99-6,CCSCCCCC,C7H16S,132.267,,DIPPR
CHLOROFORM,67-66-3,C(Cl)(Cl)Cl,CHCl3,119.378,,DIPPR
ISOPHTHALOYL CHLORIDE,99-63-8,c1(C(=O)Cl)cc(C(=O)Cl)ccc1,C8H4Cl2O2,203.022,,DIPPR
NEOPENTANE,463-82-1,CC(C)(C)C,C5H12,72.149,,DIPPR
m-PHENYLENEDIAMINE,108-45-2,c1(N)cc(N)ccc1,C6H8N2,108.141,,DIPPR
3-METHYL-trans-2-PENTENE,616-12-6,C/C=C(C)/CC,C6H12,84.159,,DIPPR
DI-n-BUTYL SULFONE,598-04-9,CCCCS(=O)(=O)CCCC,C8H18O2S,178.292,,DIPPR
"2,3,3-TRIMETHYLPENTANE",560-21-4,CC(C)C(C)(C)CC,C8H18,114.229,,DIPPR
OCTAMETHYLTRISILOXANE,107-51-7,C[Si](C)(C)O[Si](C)(C)O[Si](C)(C)C,C8H24O2Si3,236.531,,DIPPR
2-PYRROLIDONE,616-45-5,C1CCC(=O)N1,C4H7NO,85.104,,DIPPR
1-CHLORO-3-PROPANOL,627-30-5,ClCCCO,C3H7ClO,94.54,,DIPPR
PENTAETHYLBENZENE,605-01-6,c1(CC)c(CC)c(CC)c(CC)c(CC)c1,C16H26,218.378,,DIPPR
tert-BUTYL METHACRYLATE,585-07-9,CC(C)(C)OC(=O)C(=C)C,C8H14O2,142.196,,DIPPR
2-METHYLPROPANAL,78-84-2,CC(C)C(=O),C4H8O,72.106,,DIPPR
3-METHYLBUTYRALDEHYDE,590-86-3,CC(C)CC(=O),C5H10O,86.132,,DIPPR
PROPIONIC ANHYDRIDE,123-62-6,CCC(=O)OC(=O)CC,C6H10O3,130.142,,DIPPR
n-EICOSANIC ACID,506-30-9,CCCCCCCCCCCCCCCCCCCC(=O)O,C20H40O2,312.53,,DIPPR
METHYL ETHYL ETHER,540-67-0,COCC,C3H8O,60.095,,DIPPR
DECANAL,112-31-2,CCCCCCCCCC=O,C10H20O,156.265,,DIPPR
PHOSPHORUS OXYCHLORIDE,10025-87-3,ClP(=O)(Cl)Cl,Cl3OP,153.332,,DIPPR
2-METHYL-1-PROPANOL,78-83-1,OCC(C)C,C4H10O,74.122,,DIPPR
PROPYLENE GLYCOL 2-tert-BUTYL ETHER,94023-15-1,CC(C)(C)OC(C)CO,C7H16O2,132.201,,DIPPR
"1,2,6-HEXANETRIOL",106-69-4,C(CCO)CC(CO)O,C6H14O3,134.174,,DIPPR
ACRYLIC ACID,07/10/1979,C=CC(=O)O,C3H4O2,72.063,,DIPPR
cis-2-NONENE,6434-77-1,C/C=CCCCCCC,C9H18,126.239,,DIPPR
1-METHYLNAPHTHALENE,90-12-0,c1(C)cccc2ccccc21,C11H10,142.197,,DIPPR
"1,1,1,2-TETRAFLUORO-2-CHLOROPROPANE",421-73-8,CC(F)(Cl)C(F)(F)F,C3H3ClF4,150.503,,DIPPR
1-CYCLOHEXYLETHANONE,823-76-7,O=C(C)C1CCCCC1,C8H14O,126.196,,DIPPR
OCTAFLUOROPROPANE,76-19-7,FC(F)(F)C(F)(F)C(F)(F)F,C3F8,188.019,,DIPPR
HEXAFLUOROPROPYLENE,116-15-4,FC(F)(F)C(F)=C(F)F,C3F6,150.023,,DIPPR
"1,1,2,2-TETRACHLOROETHANE",79-34-5,C(Cl)(Cl)C(Cl)(Cl),C2H2Cl4,167.849,,DIPPR
"1,3-DIPHENYLTRIAZENE",136-35-6,c1ccccc1NN=Nc2ccccc2,C12H11N3,197.236,,DIPPR
MESITYLENE,108-67-8,c1(C)cc(C)cc(C)c1,C9H12,120.192,,DIPPR
DIETHYL MALONATE,105-53-3,CCOC(=O)CC(=O)OCC,C7H12O4,160.168,,DIPPR
TRICHLOROFLUOROMETHANE,75-69-4,ClC(Cl)(Cl)F,CCl3F,137.368,,DIPPR
"2-METHYL-1,3-PENTANEDIOL",149-31-5,CCC(O)C(C)CO,C6H14O2,118.174,,DIPPR
DIISOPENTYLSULFIDE,544-02-5,CC(C)CCSCCC(C)C,C10H22S,174.347,,DIPPR
TRIETHYLENE GLYCOL MONOMETHYL ETHER,112-35-6,OCCOCCOCCOC,C7H16O4,164.2,,DIPPR
HEXADECAMETHYLHEPTASILOXANE,541-01-5,C[Si](C)(C)O[Si](C)(C)O[Si](C)(C)O[Si](C)(C)O[Si](C)(C)O[Si](C)(C)O[Si](C)(C)C,C16H48O6Si7,533.147,,DIPPR
p-METHOXYPHENOL,150-76-5,c1(O)ccc(OC)cc1,C7H8O2,124.137,,DIPPR
2-BROMOBUTANE,78-76-2,CC(Br)CC,C4H9Br,137.018,,DIPPR
"2,2-DICHLORO-1,1,2-TRIFLUOROETHANE",812-04-4,FC(Cl)(Cl)C(F)F,C2HCl2F3,152.931,,DIPPR
BORON TRIBROMIDE,10294-33-4,B(Br)(Br)Br,BBr3,250.523,,DIPPR
CYCLOOCTANE,292-64-8,C1CCCCCCC1,C8H16,112.213,,DIPPR
p-ETHYLTOLUENE,622-96-8,c1(CC)ccc(C)cc1,C9H12,120.192,,DIPPR
MORPHOLINE,110-91-8,C1NCCOC1,C4H9NO,87.12,,DIPPR
"2,6-DIMETHYLTETRALIN",7524-63-2,c1c(cc2c(c1)CC(CC2)C)C,C12H16,160.255,,DIPPR
ETHYLENE GLYCOL DIACETATE,111-55-7,CC(=O)OCCOC(C)=O,C6H10O4,146.141,,DIPPR
1-METHYLINDAN,767-58-8,c1cccc2c1CCC2C,C10H12,132.202,,DIPPR
CYCLOHEXANONE OXIME,100-64-1,C1(=NO)CCCCC1,C6H11NO,113.158,,DIPPR
ACETOACETANILIDE,102-01-2,c1ccccc1(NC(=O)CC(=O)C),C10H11NO2,177.2,,DIPPR
o-DICHLOROBENZENE,95-50-1,c1(Cl)ccccc1(Cl),C6H4Cl2,147.002,,DIPPR
"BENZENE-1,2,4-TRICARBOXYLIC ACID TRIMETHYL ESTER",01/10/2459,COC(=O)C1=C(C(=O)OC)C=C(C(=O)OC)C=C1,C12H12O6,252.22,,DIPPR
4-(2-HYDROXYETHYL)MORPHOLINE,622-40-2,OCCN1CCOCC1,C6H13NO2,131.173,,DIPPR
"1,2,4-TRIMETHYL-3-ETHYLBENZENE",61827-87-0,c1(C)c(C)c(CC)c(C)cc1,C11H16,148.245,,DIPPR
[3-(MERCAPTO)PROPYL]TRIETHOXYSILANE,14814-09-6,[Si](OCC)(OCC)(OCC)CCCS,C9H22O3SSi,238.42,,DIPPR
2-CYCLOHEXENYL CYCLOHEXANONE,1502-22-3,C1(C2C(=O)CCCC2)=CCCCC1,C12H18O,178.271,,DIPPR
DICHLOROACETALDEHYDE,07/02/1979,ClC(Cl)C(=O),C2H2Cl2O,112.943,,DIPPR
n-PROPYL ACETATE,109-60-4,CC(=O)OCCC,C5H10O2,102.132,,DIPPR
BORON TRIFLUORIDE,02/07/7637,FB(F)F,BF3,67.806,,DIPPR
METHYL ISOPROPYL ETHER,598-53-8,COC(C)C,C4H10O,74.122,,DIPPR
CYCLOHEXYLBENZENE,827-52-1,c1ccccc1(C2CCCCC2),C12H16,160.255,,DIPPR
D-FRUCTOSE,7660-25-5,O[C@@H]1CO[C@@](CO)(O)[C@@H](O)[C@@H]1O,C6H12O6,180.156,,DIPPR
METHYL CHLOROFORMATE,79-22-1,ClC(=O)OC,C2H3ClO2,94.497,,DIPPR
"2,5-DIHYDROFURAN",1708-29-8,C1OCC=C1,C4H6O,70.09,,DIPPR
2-ETHYLNAPHTHALENE,939-27-5,c1cccc2c1(cc(CC)cc2),C12H12,156.224,,DIPPR
N-ETHYLANILINE,103-69-5,c1(NCC)ccccc1,C8H11N,121.18,,DIPPR
CARBAMYL CHLORIDE,463-72-9,ClC(=O)N,CH2ClNO,79.486,,DIPPR
ETHYL LAURATE,106-33-2,O=C(OCC)CCCCCCCCCCC,C14H28O2,228.371,,DIPPR
METHYL CHLOROACETATE,96-34-4,ClCC(=O)OC,C3H5ClO2,108.524,,DIPPR
"3-(N,N-DIMETHYLAMINO) PROPYLAMINE",109-55-7,NCCCN(C)C,C5H14N2,102.178,,DIPPR
3-ETHYLDODECANE,57297-82-2,CCCCCCCCCC(CC)CC,C14H30,198.388,,DIPPR
n-BUTYL BENZOATE,136-60-7,CCCCOC(=O)c1ccccc1,C11H14O2,178.228,,DIPPR
sec-BUTYL-tert-BUTYL ETHER,32970-45-9,CCC(C)OC(C)(C)C,C8H18O,130.228,,DIPPR
ETHYL HYDROGEN SULFATE,540-82-9,CCOS(=O)(=O)O,C2H6O4S,126.132,,DIPPR
ARSINE,7784-42-1,[AsH3],AsH3,77.945,,DIPPR
n-HEXYL FORMATE,629-33-4,CCCCCCOC=O,C7H14O2,130.185,,DIPPR
2-ETHYLHEXYL ACRYLATE,103-11-7,C=CC(=O)OCC(CC)CCCC,C11H20O2,184.275,,DIPPR
p-CHLOROANILINE,106-47-8,c1(N)ccc(Cl)cc1,C6H6ClN,127.572,,DIPPR
"1,1-DICHLOROETHANE",75-34-3,CC(Cl)Cl,C2H4Cl2,98.959,,DIPPR
"2,3-DIMETHYLNONANE",02/06/2884,CC(C)C(C)CCCCCC,C11H24,156.308,,DIPPR
ISOPROPYLAMINE,75-31-0,CC(C)N,C3H9N,59.11,,DIPPR
"2,3-DIMETHYLTHIOPHENE",632-16-6,CC1=C(C)SC=C1,C6H8S,112.193,,DIPPR
"1,1-DIETHYLCYCLOPENTANE",2721-38-2,CCC1(CCCC1)CC,C9H18,126.239,,DIPPR
TETRAPROPYLENE GLYCOL,24800-25-7,CC(O)COC(C)COC(C)COC(C)CO,C12H26O5,250.332,,DIPPR
ETHYL HYDROPEROXIDE,3031-74-1,CCOO,C2H6O2,62.068,,DIPPR
DIPROPYLENE GLYCOL,25265-71-8,CC(O)COCC(O)C,C6H14O3,134.174,,DIPPR
"2,6-NAPHTHALENEDICARBOXYLIC ACID",1141-38-4,C1=CC2=C(C=C1C(=O)O)C=CC(=C2)C(=O)O,C12H8O4,216.19,,DIPPR
N-METHYLCYCLOHEXYLAMINE,100-60-7,C1(NC)CCCCC1,C7H15N,113.201,,DIPPR
"1,4-HEXADIENE",592-45-0,C=CCC=CC,C6H10,82.144,,DIPPR
FORMALDEHYDE,50-00-0,C=O,CH2O,30.026,,DIPPR
2-(2-METHOXYETHOXY)ETHANOL,111-77-3,COCCOCCO,C5H12O3,120.147,,DIPPR
SUCROSE,57-50-1,O[C@H]1[C@H](O[C@H](CO)[C@@H](O)[C@@H]1O)O[C@]2(CO)O[C@H](CO)[C@@H](O)[C@@H]2O,C12H22O11,342.296,,DIPPR
DIKETENE,674-82-8,C=C1CC(=O)O1,C4H4O2,84.073,,DIPPR
ISOPROPYL BUTYL ETHER,1860-27-1,CCCCOC(C)C,C7H16O,116.201,,DIPPR
TRIPROPYLENE GLYCOL MONOETHYL ETHER,75899-69-3,CCOCC(C)OCC(C)OCC(C)O,C11H24O4,220.306,,DIPPR
"3,3,5-TRIMETHYLHEPTANE",7154-80-5,CCC(C)(C)CC(C)CC,C10H22,142.282,,DIPPR
DI-n-PROPYL SULFIDE,111-47-7,CCCSCCC,C6H14S,118.24,,DIPPR
1-TETRADECENE,1120-36-1,C=CCCCCCCCCCCCC,C14H28,196.372,,DIPPR
cis-2-PHENYLBUTENE-2,768-00-3,C/C(c1ccccc1)=C/C,C10H12,132.202,,DIPPR
ACETOMETHOXANE,828-00-2,CC(=O)OC1OC(C)OC(C)C1,C8H14O4,174.194,,DIPPR
CALCIUM,7440-70-2,[Ca],Ca,40.078,,DIPPR
p-METHYLSTYRENE,622-97-9,C=Cc1ccc(C)cc1,C9H10,118.176,,DIPPR
FLUOSULFONIC ACID,7789-21-1,FS(=O)(=O)O,FHO3S,100.07,,DIPPR
TRIMETHOXYSILANE,2487-90-3,CO[SiH](OC)OC,C3H10O3Si,122.195,,DIPPR
1-EICOSENE,01/07/3452,C=CCCCCCCCCCCCCCCCCCC,C20H40,280.532,,DIPPR
n-HEPTACOSANE,593-49-7,CCCCCCCCCCCCCCCCCCCCCCCCCCC,C27H56,380.734,,DIPPR
n-DOCOSANE,629-97-0,CCCCCCCCCCCCCCCCCCCCCC,C22H46,310.601,,DIPPR
ISOPENTYL BUTYRATE,106-27-4,O=C(OCCC(C)C)CCC,C9H18O2,158.238,,DIPPR
"1,4-BUTANEDIISOCYANATE",4538-37-8,O=C=NCCCCN=C=O,C6H8N2O2,140.14,,DIPPR
METHYL LINOLEATE,112-63-0,O=C(OC)CCCCCCC/C=CC/C=CCCCCC,C19H34O2,294.472,,DIPPR
DIMETHYL PHTHALATE,131-11-3,c1(C(=O)OC)c(C(=O)OC)cccc1,C10H10O4,194.184,,DIPPR
ETHYL PROPYL ETHER,628-32-0,CCOCCC,C5H12O,88.148,,DIPPR
DIAMANTANE,2292-79-7,C12CC3C4C(C1)C1CC(C4)CC3C1C2,C14H20,188.309,,DIPPR
"1,3-DIOXOLANE",646-06-0,O(CCO1)C1,C3H6O2,74.079,,DIPPR
4-HEPTANONE,123-19-3,CCCC(=O)CCC,C7H14O,114.185,,DIPPR
VINYLACETONITRILE,109-75-1,C=CCC#N,C4H5N,67.089,,DIPPR
3-HEXANONE,589-38-8,CCC(=O)CCC,C6H12O,100.159,,DIPPR
n-TETRADECYLAMINE,2016-42-4,CCCCCCCCCCCCCCN,C14H31N,213.403,,DIPPR
2-METHYLHEXANE,591-76-4,CC(C)CCCC,C7H16,100.202,,DIPPR
2-METHYL-1-HEPTANOL,60435-70-3,CCCCCC(C)CO,C8H18O,130.228,,DIPPR
PIPERAZINE,110-85-0,N1CCNCC1,C4H10N2,86.136,,DIPPR
METHYL MALEIC ANHYDRIDE,616-02-4,C1(=O)OC(=O)C=C(C)1,C5H4O3,112.083,,DIPPR
2-PENTANETHIOL,2084-19-7,CC(S)CCC,C5H12S,104.214,,DIPPR
PHOSPHORUS (WHITE),12185-10-3,[P],P,30.974,,DIPPR
SUBERIC ACID,505-48-6,O=C(O)CCCCCCC(O)=O,C8H14O4,174.194,,DIPPR
"2,2-DIMETHYLHEXANE",590-73-8,CC(C)(C)CCCC,C8H18,114.229,,DIPPR
2-ETHYL-TETRAHYDROTHIOPHENE,1551-32-2,CCC1CCCS1,C6H12S,116.225,,DIPPR
ETHYL ISOPROPYL ETHER,625-54-7,CCOC(C)C,C5H12O,88.148,,DIPPR
DISILANE,1590-87-0,[SiH3][SiH3],H6Si2,62.219,,DIPPR
"2,3,3-TRIMETHYL-1-BUTENE",594-56-9,C=C(C)C(C)(C)C,C7H14,98.186,,DIPPR
1-PENTADECENE,13360-61-7,C=CCCCCCCCCCCCCC,C15H30,210.399,,DIPPR
n-OCTYL FORMATE,112-32-3,CCCCCCCCOC=O,C9H18O2,158.238,,DIPPR
TRIETHYLENE GLYCOL,112-27-6,OCCOCCOCCO,C6H14O4,150.173,,DIPPR
o-DIETHYLBENZENE,135-01-3,c1(CC)c(CC)cccc1,C10H14,134.218,,DIPPR
IODOBENZENE,591-50-4,c1(I)ccccc1,C6H5I,204.008,,DIPPR
KRYPTON,7439-90-9,[Kr],Kr,83.798,,DIPPR
METHYL CHLOROSILANE,993-00-0,C[SiH2]Cl,CH5ClSi,80.589,,DIPPR
HEXACHLOROETHANE,67-72-1,C(Cl)(Cl)(Cl)C(Cl)(Cl)Cl,C2Cl6,236.739,,DIPPR
ETHYL CYANOACETATE,105-56-6,N#CCC(=O)OCC,C5H7NO2,113.115,,DIPPR
"trans,trans-2,4-HEXADIENE",5194-51-4,C/C=C/C=C/C,C6H10,82.144,,DIPPR
DIPALMITIN,502-52-3,CCCCCCCCCCCCCCCC(=O)OCC(COC(=O)CCCCCCCCCCCCCCC)O,C35H68O5,568.911,,DIPPR
EUGENOL,97-53-0,c1(O)c(OC)cc(CC=C)cc1,C10H12O2,164.201,,DIPPR
1-OCTADECANOL,112-92-5,CCCCCCCCCCCCCCCCCCO,C18H38O,270.494,,DIPPR
MALONONITRILE,109-77-3,N#CCC#N,C3H2N2,66.061,,DIPPR
PENTACHLOROETHANE,07/01/1976,ClC(Cl)C(Cl)(Cl)Cl,C2HCl5,202.294,,DIPPR
DIMETHYLAMINE,124-40-3,CNC,C2H7N,45.084,,DIPPR
DIMETHYLDIMETHOXYSILANE,1112-39-6,CO[Si](C)(C)OC,C4H12O2Si,120.222,,DIPPR
ACETAMINOPHEN,103-90-2,CC(=O)Nc1ccc(O)cc1,C8H9NO2,151.163,,DIPPR
gamma-TERPINENE,99-85-4,CC(C)C1=CCC(=CC1)C,C10H16,136.234,,DIPPR
"1,2-DICHLOROTETRAFLUOROETHANE",76-14-2,ClC(F)(F)C(F)(F)Cl,C2Cl2F4,170.921,,DIPPR
n-DECANOIC ACID,334-48-5,CCCCCCCCCC(=O)O,C10H20O2,172.265,,DIPPR
TETRAMETHYLETHYLENEDIAMINE,110-18-9,CN(C)CCN(C)C,C6H16N2,116.205,,DIPPR
DI-n-UNDECYL PHTHALATE,3648-20-2,c1c(C(=O)OCCCCCCCCCCC)c(C(=O)OCCCCCCCCCCC)ccc1,C30H50O4,474.716,,DIPPR
DICYCLOPENTADIENE,77-73-6,C1=CC2C(C3)C=CC3C2C1,C10H12,132.202,,DIPPR
4-CHLORO-o-XYLENE,615-60-1,c1(C)c(C)cc(Cl)cc1,C8H9Cl,140.61,,DIPPR
"2,6-DI-tert-BUTYL-p-CRESOL",128-37-0,c1(O)c(C(C)(C)C)cc(C)cc1(C(C)(C)C),C15H24O,220.35,,DIPPR
ACETAL,105-57-7,CCOC(C)OCC,C6H14O2,118.174,,DIPPR
"cis,trans-2,4-HEXADIENE",5194-50-3,C/C=C/C=CC,C6H10,82.144,,DIPPR
ISOPROPANOL,67-63-0,CC(O)C,C3H8O,60.095,,DIPPR
TRIETHYLENE GLYCOL BIS(2-ETHYLHEXANOATE),94-28-0,CCCCC(CC)C(=O)OCCOCCOCCOC(=O)C(CC)CCCC,C22H42O6,402.565,,DIPPR
trans-1-PROPENYLBENZENE,873-66-5,c1ccccc1/C=C/C,C9H10,118.176,,DIPPR
ISOVALERIC ACID,503-74-2,CC(C)CC(=O)O,C5H10O2,102.132,,DIPPR
o-DINITROBENZENE,528-29-0,c1([N+](=O)[O-])c([N+](=O)[O-])cccc1,C6H4N2O4,168.107,,DIPPR
ASCORBIC ACID,50-81-7,O1C(=O)C(O)=C(O)C1[C@@]([H])(CO)(O),C6H8O6,176.124,,DIPPR
n-DECYLAMINE,2016-57-1,CCCCCCCCCCN,C10H23N,157.296,,DIPPR
"1,1,1-TRICHLOROETHANE",71-55-6,C(Cl)(Cl)(Cl)C,C2H3Cl3,133.404,,DIPPR
n-PENTYL n-BUTYRATE,540-18-1,CCCCCOC(=O)CCC,C9H18O2,158.238,,DIPPR
METHYL ISOPROPENYL KETONE,814-78-8,CC(=O)C(=C)C,C5H8O,84.116,,DIPPR
3-METHYLPENTANE,96-14-0,CCC(C)CC,C6H14,86.175,,DIPPR
2-HYDROXYETHYL METHACRYLATE,868-77-9,C=C(C)C(=O)OCCO,C6H10O3,130.142,,DIPPR
1-UNDECENE,821-95-4,C=CCCCCCCCCC,C11H22,154.292,,DIPPR
DINONYL ETHER,2456-27-1,CCCCCCCCCOCCCCCCCCC,C18H38O,270.494,,DIPPR
SODIUM AMIDE,7782-92-5,[Na+].[NH2-],H2NNa,39.012,,DIPPR
METHYL n-BUTYRATE,623-42-7,CCCC(=O)OC,C5H10O2,102.132,,DIPPR
ACETONITRILE,08/05/1975,CC#N,C2H3N,41.052,,DIPPR
2-(N-MORPHOLINO)-2'-HYDROXYDIETHYLETHER,3603-45-0,N1(CCOCCO)CCOCC1,C8H17NO3,175.225,,DIPPR
2-METHYL-1-HEPTENE,15870-10-7,C=C(C)CCCCC,C8H16,112.213,,DIPPR
TRICAPRYLIN,538-23-8,O=C(CCCCCCC)OCC(OC(CCCCCCC)=O)COC(CCCCCCC)=O,C27H50O6,470.682,,DIPPR
PENTAFLUOROPHENOL,771-61-9,c1(F)c(F)c(F)c(F)c(F)c1(O),C6F5OH,184.064,,DIPPR
3-METHYLTHIOPHENE,616-44-4,S1C=C(C)C=C1,C5H6S,98.166,,DIPPR
PROPYLENE GLYCOL ETHYL ETHER ACETATE,54839-24-6,CCOCC(C)OC(=O)C,C7H14O3,146.184,,DIPPR
alpha-PINENE,80-56-8,C1C(C2(C)(C))CC2C(C)=C1,C10H16,136.234,,DIPPR
3-METHOXYISOPROPYLAMINE,37143-54-7,COCC(N)C,C4H11NO,89.136,,DIPPR
MALEIC ANHYDRIDE,108-31-6,O1C(=O)C=CC1(=O),C4H2O3,98.057,,DIPPR
"1,2-DICHLORO-4-NITROBENZENE",99-54-7,c1(N(=O)=O)cc(Cl)c(Cl)cc1,C6H3Cl2NO2,192.0,,DIPPR
cis-2-OCTENE,08/04/7642,C/C=CCCCCC,C8H16,112.213,,DIPPR
"2,3,3,3-TETRAFLUOROPROPENE",754-12-1,C(F)(F)(F)C(F)=C,C3H2F4,114.042,,DIPPR
"2,4-DIPHENYL-4-METHYLPENTENE-1",6362-80-7,C=C(c1ccccc1)CC(C)(c2ccccc2)C,C18H20,236.351,,DIPPR
n-OCTYLBENZENE,2189-60-8,c1ccccc1(CCCCCCCC),C14H22,190.324,,DIPPR
VANADIUM OXYTRICHLORIDE,7727-18-6,Cl[V](=O)(Cl)Cl,Cl3OV,173.3,,DIPPR
NEON,09/01/7440,[Ne],Ne,20.18,,DIPPR
2-ETHYL-1-BUTANOL,97-95-0,OCC(CC)CC,C6H14O,102.175,,DIPPR
o-CHLOROBENZOIC ACID,118-91-2,c1(C(=O)O)c(Cl)cccc1,C7H5ClO2,156.566,,DIPPR
METHYL TRICHLOROSILANE,75-79-6,C[Si](Cl)(Cl)Cl,CH3Cl3Si,149.479,,DIPPR
DEUTERIUM,7782-39-0,[2H][2H],D2,4.032,,DIPPR
"trans-2,2,4,6,6-PENTAMETHYL-3-HEPTENE",27656-49-1,C(CC(=CC(C)(C)C)C)(C)(C)C,C12H24,168.319,,DIPPR
2-ETHYLHEXYL BENZOATE,5444-75-7,O=C(OCC(CCCC)CC)c(cccc1)c1,C15H22O2,234.334,,DIPPR
trans-CROTONIC ACID,107-93-7,C/C=C/C(=O)O,C4H6O2,86.089,,DIPPR
n-BUTYL MERCAPTAN,109-79-5,CCCCS,C4H10S,90.187,,DIPPR
METHYLCYCLOPROPANE,594-11-6,CC1CC1,C4H8,56.106,,DIPPR
DIMETHYL SULFATE,77-78-1,COS(=O)(=O)OC,C2H6O4S,126.132,,DIPPR
MAGNESIUM OXIDE,1309-48-4,[Mg]=O,MgO,40.304,,DIPPR
MAGNESIUM NITRATE,10377-60-3,O=N(=O)[O-].[Mg++].[O-]N(=O)=O,MgN2O6,148.315,,DIPPR
"2,2',2''-NITRILOTRIS-ACETONITRILE",7327-60-8,N#CCN(CC#N)CC#N,C6H6N4,134.139,,DIPPR
ALLYLAMINE,107-11-9,C=CCN,C3H7N,57.094,,DIPPR
SODIUM BROMIDE,7647-15-6,[Na+].[Br-],BrNa,102.894,,DIPPR
DILACTIC ACID,19201-34-4,CC(C(=O)O)OC(C(=O)O)C,C6H10O5,162.141,,DIPPR
